geo_query,latitud_inmueble,longitud_inmueble,status
"Yerevan, Armenia",40.1777112,44.5126233,ok
"Dilijan, Tavush Province, Ijevan Region, Armenia",,,not_found
"Queensland, Brisbane City, Australia",-27.4655847,153.0299175,ok
"Vienna, Austria",48.2083537,16.3725042,ok
"Gemeinde Enzesfeld-Lindabrunn, Lower, Bezirk Baden, Austria",,,not_found
"Langenzersdorf, Lower, Bezirk Korneuburg, Austria",48.3081842,16.3643817,ok
"Styria, Graz, Austria",47.0750479,15.4451657,ok
"Gerasdorf bei Wien, Lower, Gemeinde Gerasdorf bei Wien, Bezirk Korneuburg, Austria",48.294579,16.4679227,ok
"Gleisdorf, Styria, Bezirk Weiz, Austria",47.1054105,15.7098162,ok
"Neu-Oberhausen, 1220, Austria",48.1975088,16.5743051,ok
"Wels, Upper, Austria",48.1565472,14.0243752,ok
Austria,47.59397,14.12456,ok
"Mistelbach, Lower, Gemeinde Mistelbach, Bezirk Mistelbach, Austria",,,not_found
"Rannersdorf, Lower, Bezirk Bruck an der Leitha, Austria",48.131175,16.4672957,ok
"Gemeinde Oberwaltersdorf, Lower, Bezirk Baden, Austria",47.9514534,16.3628184,ok
"Laxenburg, Lower, Gemeinde Laxenburg, Bezirk Moedling, Austria",,,not_found
"Maria Enzersdorf, 1230, Austria",48.0974516,16.2837722,ok
"Hagenbrunn, Austria",48.3327348,16.40673,ok
"Vorarlberg, Bezirk Bludenz, Austria",47.1564943,9.8214735,ok
"Lower, Gemeinde Sitzendorf an der Schmida, Bezirk Hollabrunn, Austria",,,not_found
"Voesendorf, Austria",48.1216028,16.3370676,ok
"Ebenzweier, Upper, Bezirk Gmunden, Austria",47.8957735,13.7614011,ok
"Weidlingbach, Gemeinde Klosterneuburg, Lower, Bezirk Tulln, Austria",,,not_found
"Pettenbach, Upper, Bezirk Kirchdorf, Austria",47.9614255,14.0161792,ok
"Nussdorf am Attersee, Upper, Bezirk Voecklabruck, Austria",47.8832538,13.5237703,ok
"Gemeinde Krems an der Donau, Lower, Austria",48.4135987,15.6319142,ok
"Guessing, Burgenland, Bezirk Guessing, Austria",47.058765,16.3243364,ok
"Feldkirchen bei Graz, Styria, Bezirk Graz-Umgebung, Austria",47.0116701,15.4431328,ok
"Bruckneudorf, Bruck an der Leitha, Lower, Bezirk Bruck an der Leitha, Austria",,,not_found
"Lower, Gemeinde Stockerau, Bezirk Korneuburg, Austria",,,not_found
"Wittau, Lower, Bezirk Gaenserndorf, Austria",48.1817633,16.5982699,ok
"Minsk Region, Haranski sielski Saviet, Minsk District, Belarus",,,not_found
"Minsk, Belarus",53.9024716,27.5618225,ok
"Sienica, Minsk Region, Sienicki sielski Saviet, Minsk District, Belarus",53.8238775,27.5270154,ok
"Vitsebsk Region, Orsha, Orsha District, Belarus",54.5139737,30.4236077,ok
"Homel Region, Homel, Belarus",52.402874,30.9647798,ok
"Hrodna Region, Padlabienski sielski Saviet, Grodno District, Belarus",53.6374927,23.6906273,ok
"Vitsebsk Region, Pliuski sielski Saviet, Braslaw District, Belarus",,,not_found
"Brest Region, Brest, Belarus",52.0908339,23.6946865,ok
"Vuhly, Minsk Region, Pryharadny sielski Saviet, Barysaw District, Belarus",54.25727,28.55295,ok
"Pryvolny, Minsk Region, Luhavaslabadski sielski Saviet, Minsk District, Belarus",53.795464,27.795746,ok
"Minsk Region, Barysaw, Barysaw District, Belarus",54.2340813,28.4925067,ok
"Aliachnovicy, Minsk Region, Aliachnovicki sielski Saviet, Maladzyechna District, Belarus",54.1492116,27.0996366,ok
"Hrodna Region, Hrodna, Belarus",53.6753684,23.8275239,ok
"Hrodna Region, Lida, Lida District, Belarus",53.8999743,25.3019881,ok
"Mahilyow Region, Lipienski sielski Saviet, Asipovichy District, Belarus",,,not_found
"Zhodzina, Minsk Region, Belarus",54.0963334,28.3224192,ok
"Machulishchy, Minsk Region, Minsk District, Belarus",53.7810787,27.5938687,ok
"Balbasava, Vitsebsk Region, Orsha District, Belarus",54.4194779,30.2898876,ok
"Sluck, Minsk Region, Slutsk District, Belarus",53.0277354,27.5519747,ok
"Minsk Region, Zdanovicki sielski Saviet, Minsk District, Belarus",53.9768827,27.3708051,ok
"Brest Region, Baranavichy, Belarus",53.0988801,26.0431275,ok
"Minsk Region, maculiscy, Minsk District, Belarus",53.7735749,27.5799093,ok
"Minsk Region, Salihorsk, Salihorsk District, Belarus",52.7869515,27.5129279,ok
"Karaliova, Minsk Region, Azierski sielski Saviet, Uzda District, Belarus",53.5982542,27.4532232,ok
"Mahilyow Region, Mahilyow, Belarus",53.9365426,30.3574458,ok
"Lyasny, Minsk Region, Baraulianski sielski Saviet, Minsk District, Belarus",54.006142,27.680403,ok
"Uryckaje, Homel Region, Urycki sielski Saviet, Homyel District, Belarus",52.4667704,30.8078675,ok
"Kopisca, Minsk Region, Baraulianski sielski Saviet, Minsk District, Belarus",53.9588197,27.6703168,ok
"Kobryn, Brest Region, Kobryn District, Belarus",52.2085858,24.3542923,ok
"Minsk Region, Aziaryckaslabadski sielski Saviet, Smalyavichy District, Belarus",,,not_found
"Minsk Region, Kalodziscanski sielski Saviet, Minsk District, Belarus",53.8897572,27.7426079,ok
"Pukhavichy District, Minsk Region, Belarus",53.4855495,27.9761812,ok
"Minsk Region, Minsk District, Belarus",54.0087129,27.2835179,ok
"Navasiellie, Minsk Region, Haranski sielski Saviet, Minsk District, Belarus",53.9154583,27.1966629,ok
"Vitsebsk Region, Vítebsk, Belarus",55.1834454,30.2089641,ok
"Viazań, Minsk Region, Fanipalski sielski Saviet, Dzyarzhynsk District, Belarus",53.740242,27.306921,ok
"Drahichyn, Brest Region, Drahichyn District, Belarus",52.1855013,25.1602598,ok
"Vistycy, Brest Region, carnaucycki sielski Saviet, Brest District, Belarus",52.2032684,23.6791143,ok
"Mahilyow Region, Babruysk, Belarus",53.1309477,29.223488,ok
"Minsk Region, Maladzyechna, Maladzyechna District, Belarus",54.3095243,26.9045551,ok
"Smilavichy, Minsk Region, Smilavicki sielski Saviet, Chervyen District, Belarus",53.7517868,28.0094547,ok
"Uzda, Minsk Region, Uzda District, Belarus",53.4651646,27.2147692,ok
"Zamastocca, Minsk Region, Luhavaslabadski sielski Saviet, Minsk District, Belarus",53.82082,27.86639,ok
"Hrodna Region, Hrodna, Grodno District, Belarus",54.761432,26.092174,ok
"Aksakauscyna, Minsk Region, Haranski sielski Saviet, Minsk District, Belarus",53.9366211,27.0873407,ok
"Minsk Region, Smalyavichy District, Belarus",53.8876628,28.0341227,ok
"Smarhon, Hrodna Region, Smarhon' District, Belarus",54.4817816,26.4012822,ok
"Brest Region, Matykalski sielski Saviet, Brest District, Belarus",52.1283806,23.5837893,ok
"Enierhietykau, Minsk Region, Nieharelski sielski Saviet, Dzyarzhynsk District, Belarus",53.587872,27.052269,ok
"Uznack, Minsk Region, Ihruskauski sielski Saviet, Krupki District, Belarus",54.4648739,28.982912,ok
"Voziera, Minsk Region, Azierski sielski Saviet, Uzda District, Belarus",53.630646,27.452829,ok
"Michanavičy, Minsk Region, Michanavicki sielski Saviet, Minsk District, Belarus",53.7380881,27.6953546,ok
"Kryvaja Biaroza, Minsk Region, Usiazski sielski Saviet, Smalyavichy District, Belarus",54.0578422,28.0838047,ok
"Ciurli, Minsk Region, Ciurliouski sielski Saviet, Maladzyechna District, Belarus",54.283524,26.819075,ok
"cysc, Minsk Region, cyscinski sielski Saviet, Maladzyechna District, Belarus",54.268211,27.108543,ok
"Perezhir, Minsk Region, Piarezyrski sielski Saviet, Pukhavichy District, Belarus",,,not_found
"Homel Region, Mazyr, Mazyr District, Belarus",52.0807449,29.2398044,ok
"Zhdanovichy, Minsk Region, Zdanovicki sielski Saviet, Minsk District, Belarus",,,not_found
"Golotsk, Minsk Region, Holacki sielski Saviet, Pukhavichy District, Belarus",,,not_found
"Zhabinka, Brest Region, Zhabinka District, Belarus",52.1941201,24.0199973,ok
"Brest Region, Dzmitrovicki sielski Saviet, Kamenets District, Belarus",,,not_found
"Siomkava, Minsk Region, Papiarnianski sielski Saviet, Minsk District, Belarus",54.0212115,27.4391217,ok
"Chervyen, Minsk Region, Chervyen District, Belarus",,,not_found
"Ratomka, Minsk Region, Zdanovicki sielski Saviet, Minsk District, Belarus",53.937714,27.3474498,ok
"Borovlyany, Minsk Region, Baraulianski sielski Saviet, Minsk District, Belarus",,,not_found
"Damachava, Brest Region, Damacauski sielski Saviet, Brest District, Belarus",,,not_found
"Druzhny, Minsk Region, Svislacki sielski Saviet, Pukhavichy District, Belarus",53.6226734,27.8960194,ok
"cudzienicy, Minsk Region, Astrosycki sielski Saviet, Lahoysk District, Belarus",,,not_found
"Dziescanka, Minsk Region, Dziescanski sielski Saviet, Uzda District, Belarus",53.580582,27.459641,ok
"Slonim, Hrodna Region, Slonim District, Belarus",53.0927071,25.3193209,ok
"Myadzel District, Minsk Region, Myadel, Belarus",,,not_found
"Cherni, Brest Region, cerninski sielski Saviet, Brest District, Belarus",52.1503912,23.7558516,ok
"Rechytsa, Homel Region, Rechytsa District, Belarus",52.3717518,30.3860239,ok
"Zialiony Bor, Minsk Region, Smalyavichy District, Belarus",54.013954,28.477539,ok
"Maryina Horka, Minsk Region, Pukhavichy District, Belarus",,,not_found
"Minsk Region, Dabryniouski sielski Saviet, Dzyarzhynsk District, Belarus",,,not_found
"Brest Region, carnaucycki sielski Saviet, Brest District, Belarus",52.1627623,23.7031374,ok
"Brest Region, Lyscycki sielski Saviet, Brest District, Belarus",,,not_found
"Minsk Region, Aliachnovicki sielski Saviet, Maladzyechna District, Belarus",,,not_found
"Malaryta, Brest Region, Malaryta District, Belarus",51.7919347,24.0835253,ok
"Lieninski, Brest Region, Lieninski sielski Saviet, Zhabinka District, Belarus",52.1657651,24.1120331,ok
"Kamyanyets, Brest Region, Kamenets District, Belarus",52.401864,23.8218253,ok
"Byarozawka, Hrodna Region, Lida District, Belarus",53.7183047,25.5003375,ok
"Kletsk, Minsk Region, Kletsk District, Belarus",53.0661204,26.632966,ok
"Minsk Region, Doktaravicki sielski Saviet, Kapyl District, Belarus",,,not_found
"Hatava, Minsk Region, Navadvorski sielski Saviet, Minsk District, Belarus",53.784599,27.641859,ok
"Byerazino, Minsk Region, Byerazino District, Belarus",53.8346711,28.9938174,ok
"Minsk Region, Liebiedzieuski sielski Saviet, Maladzyechna District, Belarus",,,not_found
"Zamki, Minsk Region, Bobrski sielski Saviet, Krupki District, Belarus",54.3831408,29.2897196,ok
"Vitsebsk Region, Salonicki sielski Saviet, Polatsk District, Belarus",55.2381972,28.7742203,ok
"Urechcha, Minsk Region, Lyuban District, Belarus",52.9479611,27.8834642,ok
"Znamienka, Brest Region, Znamienski sielski Saviet, Brest District, Belarus",51.87907,23.65786,ok
"Abiarouscyna, Brest Region, Rasnianski sielski Saviet, Kamenets District, Belarus",52.3992492,23.3840617,ok
"Lyuban, Minsk Region, Lyuban District, Belarus",52.7919112,27.9994587,ok
"Brest Region, Haradziecki sielski Saviet, Kobryn District, Belarus",52.4121685,25.2547709,ok
"Svietlahоrsk, Homel Region, Svietlahorsk District, Belarus",52.6330461,29.7484365,ok
"Shchuchyn, Hrodna Region, Shchuchyn District, Belarus",53.6045037,24.7420522,ok
"Vawkavysk, Hrodna Region, Vawkavysk District, Belarus",53.1647286,24.458169,ok
"Minsk Region, Zabalocki sielski Saviet, Smalyavichy District, Belarus",53.8876628,28.0341227,ok
"Vitsebsk Region, Babinicki sielski Saviet, Vitebsk District, Belarus",55.2381972,28.7742203,ok
"Losnica, Minsk Region, Losnicki sielski Saviet, Barysaw District, Belarus",54.2770329,28.7688784,ok
"Jalizava, Mahilyow Region, Jalizauski sielski Saviet, Asipovichy District, Belarus",53.4005672,28.9917414,ok
"Antopal, Brest Region, Antopalski sielski Saviet, Drahichyn District, Belarus",52.1895846,24.7819863,ok
"Pukhavichy, Minsk Region, Puchavicki sielski Saviet, Pukhavichy District, Belarus",53.5283797,28.2527017,ok
"Mahilyow Region, Lapicki sielski Saviet, Asipovichy District, Belarus",53.7254147,30.3863145,ok
"Halavacy, Hrodna Region, Skidzielski sielski Saviet, Grodno District, Belarus",53.639069,24.264702,ok
"Baran, Vitsebsk Region, Orsha District, Belarus",54.4791845,30.315932,ok
"Orehovsk, Vitsebsk Region, Orsha District, Belarus",54.6937931,30.4987336,ok
"Traskouscyna, Minsk Region, Haranski sielski Saviet, Minsk District, Belarus",53.9112093,27.0931933,ok
"Vileyka, Minsk Region, Vileyka District, Belarus",54.4880686,26.9145229,ok
"Bielaviezski, Brest Region, Bielaviezski sielski Saviet, Kamenets District, Belarus",52.4032104,23.4606586,ok
"Minsk Region, Cimkavicki sielski Saviet, Kapyl District, Belarus",53.6099039,27.5910208,ok
"Minsk Region, Siniauski sielski Saviet, Kletsk District, Belarus",53.6099039,27.5910208,ok
"Brest Region, Buchovicki sielski Saviet, Kobryn District, Belarus",52.4121685,25.2547709,ok
"Minsk Region, Krupski sielski Saviet, Krupki District, Belarus",53.6099039,27.5910208,ok
"Navasady, Minsk Region, Losnicki sielski Saviet, Barysaw District, Belarus",54.2507188,28.6982871,ok
"Hacuk, Minsk Region, Hacukouski sielski Saviet, Slutsk District, Belarus",53.327641,27.522301,ok
"Pryluki, Minsk Region, Sienicki sielski Saviet, Minsk District, Belarus",53.7938228,27.4548107,ok
"Rahachow, Homel Region, Rahačoŭ District, Belarus",53.0820031,30.0531983,ok
"Minsk Region, Valozynski sielski Saviet, Valozhyn District, Belarus",54.0712052,27.1520194,ok
"Ivanava, Brest Region, Ivanava District, Belarus",52.1459395,25.5326538,ok
"Hrodna Region, Shchuchyn, Shchuchyn District, Belarus",53.6038886,24.7384083,ok
"Starobin, Minsk Region, Salihorsk District, Belarus",52.7243297,27.4637238,ok
"Dzyarzhynsk, Minsk Region, Dzyarzhynsk District, Belarus",53.6852149,27.1314539,ok
"Zareccia, Minsk Region, Pliski sielski Saviet, Smalyavichy District, Belarus",53.9819261,31.5470942,ok
"Babinicy, Vitsebsk Region, Babinicki sielski Saviet, Orsha District, Belarus",54.4318436,30.4434628,ok
"Starabarysau, Minsk Region, Pryharadny sielski Saviet, Barysaw District, Belarus",54.281208,28.474899,ok
"Kazlouscyna, Hrodna Region, Kazlouscynski sielski Saviet, Dzyatlava District, Belarus",53.3210996,25.2900694,ok
"Minsk Region, kapylski-rajon, Belarus",53.6099039,27.5910208,ok
"Minsk Region, Drackauski sielski Saviet, Smalyavichy District, Belarus",53.9016505,28.0022375,ok
"Svietlahorsk District, Homel Region, Belarus",52.6872393,29.4585882,ok
"Vieljamovicy, Brest Region, Matykalski sielski Saviet, Brest District, Belarus",52.222679,23.4380121,ok
"Brest Region, Vidamlianski sielski Saviet, Kamenets District, Belarus",52.4121685,25.2547709,ok
"Hrodna Region, Viercialiskauski sielski Saviet, Grodno District, Belarus",53.7021118,25.0711803,ok
"Vitsebsk Region, Braslaw District, Belarus",55.7176739,26.8741398,ok
"Minsk Region, cyzevicki sielski Saviet, Salihorsk District, Belarus",53.6099039,27.5910208,ok
"Valozhyn, Minsk Region, Valozhyn District, Belarus",54.0888494,26.5257275,ok
"Kamieniuki, Brest Region, Kamianiucki sielski Saviet, Kamenets District, Belarus",52.5613754,23.7994556,ok
"Zaslawye, Minsk Region, Minsk District, Belarus",53.9768827,27.3708051,ok
"Bahdanau, Minsk Region, Visnieuski sielski Saviet, Valozhyn District, Belarus",54.1749268,26.1501552,ok
"Uvaravicy, Homel Region, Uvaravicki sielski Saviet, Buda-Kashalyova District, Belarus",52.5961579,30.7281263,ok
"Vulka Abrouskaja, Brest Region, Zytlinski sielski Saviet, Ivatsevichy District, Belarus",52.5799988,25.4901727,ok
"Dzivin, Brest Region, Dzivinski sielski Saviet, Kobryn District, Belarus",51.9564593,24.5766325,ok
"Jucki, Minsk Region, Dziamidavicki sielski Saviet, Dzyarzhynsk District, Belarus",53.784512,27.149111,ok
"Minsk Region, Liadski sielski Saviet, Chervyen District, Belarus",53.6099039,27.5910208,ok
"Padlabiennie, Hrodna Region, Padlabienski sielski Saviet, Grodno District, Belarus",53.6929871,23.6943259,ok
"Pruzhany, Brest Region, Pruzhany District, Belarus",52.5581924,24.456711,ok
"Minsk Region, Piarezyrski sielski Saviet, Pukhavichy District, Belarus",53.6099039,27.5910208,ok
"Dubrowna, Vitsebsk Region, Dubrowna District, Belarus",54.5721785,30.6901469,ok
"Kamienka, Minsk Region, Ihruskauski sielski Saviet, Krupki District, Belarus",,,not_found
"Kalodishchy, Minsk Region, Kalodziscanski sielski Saviet, Minsk District, Belarus",,,not_found
"Svislach, Mahilyow Region, Svislacki sielski Saviet, Asipovichy District, Belarus",,,not_found
"Vialikija Ejsmanty, Hrodna Region, Ejsmantauski sielski Saviet, Byerastavitsa District, Belarus",,,not_found
"Chacislau, Brest Region, Chacislauski sielski Saviet, Malaryta District, Belarus",,,not_found
"Vysokaye, Brest Region, Kamenets District, Belarus",,,not_found
"Pielisca, Brest Region, Pieliscanski sielski Saviet, Kamenets District, Belarus",,,not_found
"Minsk Region, Baraulianski sielski Saviet, Minsk District, Belarus",,,not_found
"Hiezhaly, Hrodna Region, Zukouscynski sielski Saviet, Dzyatlava District, Belarus",,,not_found
"Makarava, Brest Region, Aharodnicki sielski Saviet, Kamenets District, Belarus",,,not_found
"Novyja Zasimavicy, Brest Region, Navazasimavicki sielski Saviet, Pruzhany District, Belarus",,,not_found
"Svietly Bor, Minsk Region, Turynski sielski Saviet, Pukhavichy District, Belarus",,,not_found
"Ros, Hrodna Region, Roski sielski Saviet, Vawkavysk District, Belarus",,,not_found
"Vitsebsk Region, Krynkovskiy selskiy Sovet, Liozna District, Belarus",55.018193,30.6439218,ok
"Soniečny, Minsk Region, Baraulianski sielski Saviet, Minsk District, Belarus",53.9702805,27.6192027,ok
"Sack, Minsk Region, Sacki sielski Saviet, Pukhavichy District, Belarus",53.4351311,27.6945502,ok
"Asipovichy, Mahilyow Region, Asipovichy District, Belarus",53.3084631,28.6382068,ok
"Mahilyow Region, Viazzieuski sielski Saviet, Asipovichy District, Belarus",53.7254147,30.3863145,ok
"Astrosycy, Minsk Region, Astrosycki sielski Saviet, Lahoysk District, Belarus",54.1208,27.75919,ok
"Dzmitrovicy, Brest Region, Dzmitrovicki sielski Saviet, Kamenets District, Belarus",52.4890376,23.7785986,ok
"Brest Region, cerninski sielski Saviet, Brest District, Belarus",52.4121685,25.2547709,ok
"Jaromina, Homel Region, Jarominski sielski Saviet, Homyel District, Belarus",52.5120132,30.9429738,ok
"Zarecha, Homel Region, Rechytsa District, Belarus",52.4312621,30.0802618,ok
"Lahoza, Minsk Region, Hajnienski sielski Saviet, Lahoysk District, Belarus",54.2083495,27.8556375,ok
"Padliasiejki, Brest Region, Krosynski sielski Saviet, Baranavichy District, Belarus",53.17889,26.25664,ok
"Fanipol, Minsk Region, Dzyarzhynsk District, Belarus",53.7479037,27.3275705,ok
"Minsk Region, Fanipalski sielski Saviet, Dzyarzhynsk District, Belarus",53.7811739,27.3623234,ok
"Minsk Region, Michanavicki sielski Saviet, Minsk District, Belarus",53.6099039,27.5910208,ok
"Skidzieĺ, Hrodna Region, Grodno District, Belarus",53.5902309,24.2510704,ok
"Ratomka, Minsk Region, Minsk District, Belarus",53.937714,27.3474498,ok
"Homel Region, Belarus",52.3128262,29.5418527,ok
"Svir, Minsk Region, Svirski sielski Saviet, Myadzel District, Belarus",54.8047602,26.4799213,ok
"Tomkavicy, Minsk Region, Dabryniouski sielski Saviet, Dzyarzhynsk District, Belarus",53.6814552,27.3495693,ok
"Smalyavichy, Minsk Region, Smalyavichy District, Belarus",53.9999867,28.1712763,ok
"Samokhvalovichi, Minsk Region, Samachvalavicki sielski Saviet, Minsk District, Belarus",53.9419224,27.2328318,ok
"Pleshchanitsy, Minsk Region, Lahoysk District, Belarus",54.4240932,27.833254,ok
"Vialiki Trascianiec, Minsk Region, Navadvorski sielski Saviet, Minsk District, Belarus",53.855579,27.711809,ok
"Harbuzy, Minsk Region, Nieharelski sielski Saviet, Dzyarzhynsk District, Belarus",53.5695473,27.0736847,ok
"Svislach, Hrodna Region, Svislach District, Belarus",53.036549,24.094183,ok
"Minsk Region, Svislacki sielski Saviet, Pukhavichy District, Belarus",53.6113122,27.9510207,ok
"Zamcuzny, Brest Region, Zamcuznienski sielski Saviet, Baranavichy District, Belarus",53.135334,25.8760374,ok
"Brest Region, Znamienski sielski Saviet, Brest District, Belarus",52.4121685,25.2547709,ok
"Radashkovichy, Minsk Region, Maladzyechna District, Belarus",54.1596917,27.235522,ok
"Lahoysk, Minsk Region, Lahoysk District, Belarus",54.2083495,27.8556375,ok
"Minsk Region, Uzdzienski sielski Saviet, Uzda District, Belarus",53.6099039,27.5910208,ok
"Pyatryshki, Minsk Region, Piatryskauski sielski Saviet, Minsk District, Belarus",53.9419224,27.2328318,ok
"Ivyanets, Minsk Region, Valozhyn District, Belarus",53.8902737,26.7405096,ok
"Minsk Region, Stankauski sielski Saviet, Dzyarzhynsk District, Belarus",53.6099039,27.5910208,ok
"Kadzina, Mahilyow Region, Kadzinski sielski Saviet, Mogilev District, Belarus",53.878387,30.510099,ok
"Telmy 1, Brest Region, Telminski sielski Saviet, Brest District, Belarus",52.1189852,23.8316031,ok
"Muchaviec, Brest Region, Muchaviecki sielski Saviet, Brest District, Belarus",52.0293993,23.8011695,ok
"Minsk Region, Zodzinski sielski Saviet, Smalyavichy District, Belarus",53.6099039,27.5910208,ok
"Biaroza, Brest Region, Byaroza District, Belarus",52.5345683,24.9844968,ok
"Antonauka, Vitsebsk Region, Babinicki sielski Saviet, Orsha District, Belarus",54.4038894,30.4335384,ok
"Viercialiski, Hrodna Region, Viercialiskauski sielski Saviet, Grodno District, Belarus",53.7023248,24.0083352,ok
"Krupki, Minsk Region, Krupki District, Belarus",54.317196,29.139851,ok
"Akciabrski, Minsk Region, Pliski sielski Saviet, Smalyavichy District, Belarus",54.040966,28.201378,ok
"Zareccia, Minsk Region, Drackauski sielski Saviet, Smalyavichy District, Belarus",53.9819261,31.5470942,ok
"Usyazh, Minsk Region, Usiazski sielski Saviet, Smalyavichy District, Belarus",54.0757928,28.0074615,ok
"Minsk Region, Astrasyckaharadocki sielski Saviet, Minsk District, Belarus",54.0800208,27.6798672,ok
"Rakitnica, Brest Region, Rakitnicki sielski Saviet, Zhabinka District, Belarus",52.1313039,23.9945537,ok
"Vialikija Lepiasy, Brest Region, Buchovicki sielski Saviet, Kobryn District, Belarus",52.1569389,24.4813448,ok
"Visniouka, Minsk Region, Papiarnianski sielski Saviet, Minsk District, Belarus",54.062653,27.556915,ok
"Zhlobin, Homel Region, Zhlobin District, Belarus",52.8909181,30.0368186,ok
"cackava, Minsk Region, Haranski sielski Saviet, Minsk District, Belarus",53.8925643,27.2005948,ok
"Lieskauka, Minsk Region, Baraulianski sielski Saviet, Minsk District, Belarus",53.9963908,27.7209613,ok
"Hoža, Hrodna Region, Hozski sielski Saviet, Grodno District, Belarus",53.814095,23.85462,ok
"Hiermaniski, Hrodna Region, Pierahancauski sielski Saviet, Voranava District, Belarus",54.1269409,25.3590771,ok
"Narach, Minsk Region, Myadzel District, Belarus",54.9371661,26.6897469,ok
"Minsk Region, Rudzienski sielski Saviet, Pukhavichy District, Belarus",53.6099039,27.5910208,ok
"Rakaw, Minsk Region, Rakauski sielski Saviet, Valozhyn District, Belarus",53.966892,27.052513,ok
"Telmy 2, Brest Region, Telminski sielski Saviet, Brest District, Belarus",52.1232592,23.8579566,ok
"Chaciežyna, Minsk Region, Chaciezynski sielski Saviet, Minsk District, Belarus",53.91068,27.30686,ok
"Haradzisca, Minsk Region, Kalodziscanski sielski Saviet, Minsk District, Belarus",53.9867208,27.8469774,ok
"Minsk Region, Piatryskauski sielski Saviet, Minsk District, Belarus",54.0393793,27.2355019,ok
"Hlybokaye, Vitsebsk Region, Hlybokaye District, Belarus",55.139235,27.6845787,ok
"Vysokaje, Vitsebsk Region, Vysokauski sielski Saviet, Orsha District, Belarus",54.638721,30.468599,ok
"Asintorf, Vitsebsk Region, Asintorfski sielski Saviet, Dubrowna District, Belarus",54.7159971,30.6524674,ok
"Lieskauka, Minsk Region, Minsk District, Belarus",53.9963908,27.7209613,ok
"Brest Region, Tevielski sielski Saviet, Kobryn District, Belarus",52.4121685,25.2547709,ok
"Recyca, Brest Region, Recycki sielski Saviet, Kamenets District, Belarus",52.3939919,24.003851,ok
"Vitsebsk Region, Vuscienski sielski Saviet, Orsha District, Belarus",55.2381972,28.7742203,ok
"Brest Region, Recycki sielski Saviet, Kamenets District, Belarus",52.4121685,25.2547709,ok
"Brest Region, Liubasauski sielski Saviet, Hantsavichy District, Belarus",52.4121685,25.2547709,ok
"Minsk Region, Naracki sielski Saviet, Myadzel District, Belarus",53.6099039,27.5910208,ok
"Stanok-Vadzica, Minsk Region, Zabalocki sielski Saviet, Smalyavichy District, Belarus",53.980213,28.027264,ok
"Minsk Region, Rudnianski sielski Saviet, Chervyen District, Belarus",53.6099039,27.5910208,ok
"Zamsany, Brest Region, Chacislauski sielski Saviet, Malaryta District, Belarus",51.8371,24.0889,ok
"Cyryn, Hrodna Region, Cyrynski sielski Saviet, Karelichy District, Belarus",53.409557,26.159243,ok
"Minsk Region, Kryvasielski sielski Saviet, Vileyka District, Belarus",53.6099039,27.5910208,ok
"Minsk Region, Maladzyechna District, Belarus",54.1407417,27.1156693,ok
"Minsk Region, Lasanski sielski Saviet, Minsk District, Belarus",53.6099039,27.5910208,ok
"Siniauka, Minsk Region, Siniauski sielski Saviet, Kletsk District, Belarus",52.965611,26.465824,ok
"Homel Region, Rassvietauski sielski Saviet, Dobrush District, Belarus",52.3128262,29.5418527,ok
"Hrodna Region, Izabielinski sielski Saviet, Vawkavysk District, Belarus",53.7021118,25.0711803,ok
"Jurcava, Vitsebsk Region, Miezauski sielski Saviet, Orsha District, Belarus",54.605764,30.3680837,ok
"Bujnichy, Mahilyow Region, Bujnicki sielski Saviet, Mogilev District, Belarus",53.854382,30.26639,ok
"Minsk Region, Niomanski sielski Saviet, Uzda District, Belarus",53.6099039,27.5910208,ok
"Subacy, Hrodna Region, Subacki sielski Saviet, Vawkavysk District, Belarus",53.1711463,24.3513784,ok
"Brest Region, Aharodnicki sielski Saviet, Kamenets District, Belarus",52.3635494,23.2583476,ok
"Mahilyow Region, Protasevichskiy selskiy Sovet, Asipovichy District, Belarus",53.7254147,30.3863145,ok
"Bykhaw, Mahilyow Region, Bychaw District, Belarus",53.518013,30.244291,ok
"Minsk Region, Nieharelski sielski Saviet, Dzyarzhynsk District, Belarus",53.6099039,27.5910208,ok
"Minsk Region, Dziescanski sielski Saviet, Uzda District, Belarus",53.6099039,27.5910208,ok
"Brest Region, Makranski sielski Saviet, Malaryta District, Belarus",51.8269902,24.3122681,ok
"Mahilyow Region, Vorotynskiy selskiy Sovet, Babruysk District, Belarus",53.7254147,30.3863145,ok
"Hrodna Region, Hancarski sielski Saviet, Lida District, Belarus",53.7021118,25.0711803,ok
"Aziarnica, Hrodna Region, Aziarnicki sielski Saviet, Slonim District, Belarus",53.0720074,25.0082887,ok
"Vuscie, Vitsebsk Region, Vuscienski sielski Saviet, Orsha District, Belarus",54.436535,30.380997,ok
"Bierazinskaje, Minsk Region, Haradzilauski sielski Saviet, Maladzyechna District, Belarus",54.221218,26.614737,ok
"Kochanava, Vitsebsk Region, Kochanauski sielski Saviet, Talachyn District, Belarus",54.4605588,30.0010039,ok
"Babovicy, Homel Region, Babovicki sielski Saviet, Homyel District, Belarus",52.337662,30.911489,ok
"Pijanier, Homel Region, Prybarski sielski Saviet, Homyel District, Belarus",52.397678,30.758547,ok
"Liuban, Minsk Region, Liubanski sielski Saviet, Vileyka District, Belarus",54.5973957,26.8794115,ok
"Viazynka, Minsk Region, Radaskovicki sielski Saviet, Maladzyechna District, Belarus",54.1081853,27.1901603,ok
"Zaastraviecca, Minsk Region, Zaastraviecki sielski Saviet, Kletsk District, Belarus",52.897974,26.779717,ok
"Malinouscyna, Minsk Region, Liebiedzieuski sielski Saviet, Maladzyechna District, Belarus",54.328945,26.655071,ok
"Rasna, Brest Region, Rasnianski sielski Saviet, Kamenets District, Belarus",52.3924983,23.408039,ok
"Douza, Vitsebsk Region, Mazalauski sielski Saviet, Vitebsk District, Belarus",55.3533329,30.0791825,ok
"Kalinkavichy, Homel Region, Kalinkavichy District, Belarus",52.1286204,29.3314442,ok
"Mahilyow Region, Slaukavicki sielski Saviet, Hlusk District, Belarus",53.7254147,30.3863145,ok
"Minsk Region, Hlivinski sielski Saviet, Barysaw District, Belarus",53.6099039,27.5910208,ok
"Brest Region, Muchaviecki sielski Saviet, Brest District, Belarus",52.0488786,23.8631286,ok
"Minsk Region, Barysaw District, Belarus",54.2340813,28.4925067,ok
"Nyasvizh, Minsk Region, Nesvizh District, Belarus",53.2405559,26.6026036,ok
"Hrabionka, Minsk Region, Valievacski sielski Saviet, Chervyen District, Belarus",53.82863,28.24456,ok
"Praudzinski, Minsk Region, Pukhavichy District, Belarus",53.5201734,27.8309359,ok
"Vielikaryta, Brest Region, Vielikarycki sielski Saviet, Malaryta District, Belarus",51.93838,24.05191,ok
"Vytrapauscyna, Minsk Region, Ciurliouski sielski Saviet, Maladzyechna District, Belarus",54.289852,26.811861,ok
"Navakolasava, Minsk Region, Novakolasauski sielski Saviet, Stowbtsy District, Belarus",53.516613,26.924891,ok
"Minsk Region, Jazylski sielski Saviet, Staryya Darohi District, Belarus",53.6099039,27.5910208,ok
"Pryluki, Brest Region, Znamienski sielski Saviet, Brest District, Belarus",51.992403,23.7002339,ok
"Partyzanski, Minsk Region, Iljanski sielski Saviet, Vileyka District, Belarus",54.3737464,27.3370014,ok
"Kamarouka, Brest Region, Tamasouski sielski Saviet, Brest District, Belarus",51.57609,23.6067,ok
"Minojty, Hrodna Region, Tracciakouski sielski Saviet, Lida District, Belarus",53.79885,25.3682,ok
"Vojskaja, Brest Region, Vojski sielski Saviet, Kamenets District, Belarus",52.41045,23.62413,ok
"Shklov, Mahilyow Region, Shklow District, Belarus",54.1902465,30.3340895,ok
"Dzieraviancycy, Hrodna Region, Dzieraviancycki sielski Saviet, Slonim District, Belarus",53.039719,25.267118,ok
"Marjina, Minsk Region, Navasiolkauski sielski Saviet, Pukhavichy District, Belarus",53.534111,28.125635,ok
"Zadubrouje, Vitsebsk Region, Zadubrouski sielski Saviet, Vitebsk District, Belarus",55.350334,30.658499,ok
"Lyasny, Minsk Region, Minsk District, Belarus",54.006142,27.680403,ok
"Vitsebsk Region, Horski sielski Saviet, Lepiel District, Belarus",55.2381972,28.7742203,ok
"Talachyn, Vitsebsk Region, Talachyn District, Belarus",54.4097573,29.6938169,ok
"Homel Region, Ciaruchski sielski Saviet, Homyel District, Belarus",52.3128262,29.5418527,ok
"Belaazersk, Brest Region, Byaroza District, Belarus",52.4685148,25.1780389,ok
"Balsaja Uchaloda, Minsk Region, Miotcanski sielski Saviet, Barysaw District, Belarus",54.3136991,28.5349431,ok
"Kaviardziaki, Brest Region, Matykalski sielski Saviet, Brest District, Belarus",52.1766163,23.6640586,ok
"Polatsk, Vitsebsk Region, Polatsk District, Belarus",55.4854656,28.7682339,ok
"Viasieja, Minsk Region, Viasiejski sielski Saviet, Slutsk District, Belarus",53.062592,27.67576,ok
"Minsk Region, Palacanski sielski Saviet, Maladzyechna District, Belarus",53.6099039,27.5910208,ok
"Brest Region, Telminski sielski Saviet, Brest District, Belarus",52.1087825,23.8950181,ok
"Balshavik, Minsk Region, Papiarnianski sielski Saviet, Minsk District, Belarus",52.560037,30.8805352,ok
"Staroje Sialo, Brest Region, Matykalski sielski Saviet, Brest District, Belarus",52.1575496,23.6487992,ok
"Hresk, Minsk Region, Hreski sielski Saviet, Slutsk District, Belarus",53.168808,27.490139,ok
"Vaschod, Mahilyow Region, Viajnianski sielski Saviet, Mogilev District, Belarus",53.7763896,30.3514122,ok
"carnaucycy, Brest Region, carnaucycki sielski Saviet, Brest District, Belarus",52.2117285,23.7471308,ok
"Zytomlia, Hrodna Region, Viercialiskauski sielski Saviet, Grodno District, Belarus",53.632267,24.104525,ok
"Homel Region, Pribytkovskiy selskiy Sovet, Homyel District, Belarus",52.3128262,29.5418527,ok
"Hrodna Region, bierastavicki-rajon, Belarus",53.7021118,25.0711803,ok
"Minsk Region, Barauski sielski Saviet, Dzyarzhynsk District, Belarus",53.6099039,27.5910208,ok
"Kliannik, Minsk Region, Kurhanski sielski Saviet, Smalyavichy District, Belarus",53.9399753,28.411242,ok
"Krasnasyelski, Hrodna Region, Krasnasielski sielski Saviet, Vawkavysk District, Belarus",53.262112,24.41997,ok
"Dvorysca, Hrodna Region, Dvaryscanski sielski Saviet, Lida District, Belarus",53.9938956,25.3924983,ok
"Horki, Mahilyow Region, Horki District, Belarus",54.289463,30.9810782,ok
"Masty, Hrodna Region, Masty District, Belarus",53.4134113,24.5428406,ok
"Kuchcicy, Minsk Region, Niomanski sielski Saviet, Uzda District, Belarus",53.46711,27.13254,ok
"Kvasynicy, Minsk Region, Bielicki sielski Saviet, Slutsk District, Belarus",52.9568689,27.4900982,ok
"Minsk Region, Visniaviecki sielski Saviet, Stowbtsy District, Belarus",53.6099039,27.5910208,ok
"Rudauka, Minsk Region, Niasvizski sielski Saviet, Nesvizh District, Belarus",53.2376364,26.6489046,ok
"Malyja Radvanicy, Brest Region, Radvanicki sielski Saviet, Brest District, Belarus",52.03726,23.99182,ok
"Vyalikaya Byerastavitsa, Hrodna Region, Byerastavitsa District, Belarus",53.1930575,24.017197,ok
"Stradziec, Brest Region, Znamienski sielski Saviet, Brest District, Belarus",51.92782,23.66447,ok
"Ciuchinicy, Brest Region, Matykalski sielski Saviet, Brest District, Belarus",52.1584668,23.6662129,ok
"Abuchava, Hrodna Region, Abuchauski sielski Saviet, Grodno District, Belarus",53.606342,24.082022,ok
"Rudensk, Minsk Region, Pukhavichy District, Belarus",53.59414,27.88116,ok
"Kastsyukovichy, Mahilyow Region, Kastsyukovichy District, Belarus",53.3514833,32.0582765,ok
"Linova, Brest Region, Linauski sielski Saviet, Pruzhany District, Belarus",52.4760915,24.5175119,ok
"Luhavaja Slabada, Minsk Region, Luhavaslabadski sielski Saviet, Minsk District, Belarus",53.782692,27.837265,ok
"Vyhanicy, Minsk Region, Rakauski sielski Saviet, Valozhyn District, Belarus",53.9573397,27.0071822,ok
"Byalynichy, Mahilyow Region, Byalynichy District, Belarus",53.9087751,29.6753686,ok
"Vidamlia, Brest Region, Vidamlianski sielski Saviet, Kamenets District, Belarus",52.3274723,23.7841011,ok
"Novaja Hoza, Hrodna Region, Hozski sielski Saviet, Grodno District, Belarus",53.806629,23.868994,ok
"Stowbtsy, Minsk Region, Stowbtsy District, Belarus",53.4805863,26.7373366,ok
"Bykhaw, Mahilyow Region, Belarus",53.518013,30.244291,ok
"Dziatlava, Hrodna Region, Dzyatlava District, Belarus",53.4656997,25.4053485,ok
"Čyrvonaja Slabada, Minsk Region, Salihorsk District, Belarus",52.8537754,27.1720693,ok
"Brest Region, Radvanicki sielski Saviet, Brest District, Belarus",52.4121685,25.2547709,ok
"Maza, Minsk Region, Kapylski sielski Saviet, Kapyl District, Belarus",53.1151021,27.0566897,ok
"Staryya Darohi, Minsk Region, Staryya Darohi District, Belarus",53.0393068,28.265286,ok
"Minsk Region, Bluzski sielski Saviet, Pukhavichy District, Belarus",53.6099039,27.5910208,ok
"Krasnaye, Minsk Region, Krasnienski sielski Saviet, Maladzyechna District, Belarus",55.51177,27.40497,ok
"Vialikija Matykaly, Brest Region, Matykalski sielski Saviet, Brest District, Belarus",52.1964846,23.5846256,ok
"Dobrush, Homel Region, Dobrush District, Belarus",52.4207804,31.3159369,ok
"Minsk Region, Usiazski sielski Saviet, Smalyavichy District, Belarus",53.6099039,27.5910208,ok
"Zajamnaje, Minsk Region, Zajamnauski sielski Saviet, Stowbtsy District, Belarus",53.5086454,26.6979711,ok
"conki, Homel Region, conkauski sielski Saviet, Homyel District, Belarus",52.3517123,30.9784491,ok
"Jeĺnica, Minsk Region, Navadvorski sielski Saviet, Minsk District, Belarus",53.8182636,27.722308,ok
"Lucniki, Minsk Region, Siarazski sielski Saviet, Slutsk District, Belarus",53.040495,27.5172306,ok
"Stankava, Minsk Region, Stankauski sielski Saviet, Dzyarzhynsk District, Belarus",53.6288166,27.231537,ok
"Hrychyna, Minsk Region, Fanipalski sielski Saviet, Dzyarzhynsk District, Belarus",53.7151118,27.1564308,ok
"Narach, Minsk Region, Naracki sielski Saviet, Myadzel District, Belarus",54.9371661,26.6897469,ok
"Navahrudak, Hrodna Region, Navahrudak District, Belarus",53.5942493,25.8216337,ok
"Saracy, Minsk Region, Sarocki sielski Saviet, Lyuban District, Belarus",52.7868996,28.0185579,ok
"Vitsebsk Region, Pierabrodski sielski Saviet, Myory District, Belarus",55.2381972,28.7742203,ok
"Ilya, Minsk Region, Iljanski sielski Saviet, Vileyka District, Belarus",54.4140345,27.2911075,ok
"Kapyĺ, Minsk Region, Kapyl District, Belarus",53.1514024,27.0906929,ok
"Chatliany, Minsk Region, Chatlianski sielski Saviet, Uzda District, Belarus",53.4009375,27.5700932,ok
"Ščomyslica, Minsk Region, Scomyslicki sielski Saviet, Minsk District, Belarus",53.8246802,27.4502984,ok
"Akolica, Minsk Region, Astrasyckaharadocki sielski Saviet, Minsk District, Belarus",54.0557355,27.753926,ok
"Barsuki, Minsk Region, Zodzinski sielski Saviet, Smalyavichy District, Belarus",54.0831565,28.2703466,ok
"Sucharukija, Minsk Region, Kalodziscanski sielski Saviet, Minsk District, Belarus",53.9408293,27.7485283,ok
"Jubiliejny, Minsk Region, Sienicki sielski Saviet, Minsk District, Belarus",53.819126,27.522427,ok
"Slabada, Minsk Region, Aziaryckaslabadski sielski Saviet, Smalyavichy District, Belarus",54.0092768,27.8818744,ok
"Homel Region, zlobinski-rajon, Belarus",52.8918228,30.0302327,ok
"Krupica, Minsk Region, Krupicki sielski Saviet, Minsk District, Belarus",53.679924,27.533716,ok
"Minsk Region, Slabadski sielski Saviet, Uzda District, Belarus",53.6099039,27.5910208,ok
"Minsk Region, Papiarnianski sielski Saviet, Minsk District, Belarus",54.0602733,27.6536822,ok
"Novy Dvor, Minsk Region, Navadvorski sielski Saviet, Minsk District, Belarus",53.8156268,27.652052,ok
"Cnianka, Minsk Region, Papiarnianski sielski Saviet, Minsk District, Belarus",53.9714868,27.5322234,ok
"Hrodna Region, smarhon, smarhonski-rajon, Belarus",54.6040056,26.3893133,ok
"Minsk Region, Rakauski sielski Saviet, Valozhyn District, Belarus",54.0712052,27.1520194,ok
"Aziarco, Minsk Region, Scomyslicki sielski Saviet, Minsk District, Belarus",53.8408112,27.3930464,ok
"Sierafimova, Minsk Region, Michanavicki sielski Saviet, Minsk District, Belarus",53.762154,27.683088,ok
"Minsk Region, Bialarucki sielski Saviet, Lahoysk District, Belarus",53.6099039,27.5910208,ok
"Minsk Region, Nalibacki sielski Saviet, Stowbtsy District, Belarus",53.6099039,27.5910208,ok
"Kamianica Zyravieckaja, Brest Region, Muchaviecki sielski Saviet, Brest District, Belarus",52.0602786,23.8203357,ok
"Minsk Region, Niemanicki sielski Saviet, Barysaw District, Belarus",53.6099039,27.5910208,ok
"Jackavicy, Brest Region, Lyscycki sielski Saviet, Brest District, Belarus",54.6631856,27.1651408,ok
"Vitsebsk Region, Lyntupski sielski Saviet, Pastavy District, Belarus",55.2381972,28.7742203,ok
"Minsk Region, Piekalinski sielski Saviet, Smalyavichy District, Belarus",53.8876628,28.0341227,ok
"Minsk Region, Valievacski sielski Saviet, Chervyen District, Belarus",53.6099039,27.5910208,ok
"Brest Region, Sciapankauski sielski Saviet, Zhabinka District, Belarus",52.4121685,25.2547709,ok
"Minsk Region, Iljanski sielski Saviet, Vileyka District, Belarus",54.457859,27.1823915,ok
"Minsk Region, Astrosycki sielski Saviet, Lahoysk District, Belarus",53.6099039,27.5910208,ok
"Minsk Region, Jzufouski sielski Saviet, Minsk District, Belarus",53.6099039,27.5910208,ok
"Hrodna Region, Paulauski sielski Saviet, Slonim District, Belarus",53.7021118,25.0711803,ok
"Minsk Region, Akalouski sielski Saviet, Lahoysk District, Belarus",53.6099039,27.5910208,ok
"Minsk Region, Turynski sielski Saviet, Pukhavichy District, Belarus",53.6099039,27.5910208,ok
"Minsk Region, Scomyslicki sielski Saviet, Minsk District, Belarus",53.7950239,27.3766888,ok
"Minsk Region, Dukorski sielski Saviet, Pukhavichy District, Belarus",53.6099039,27.5910208,ok
"Minsk Region, Smilavicki sielski Saviet, Chervyen District, Belarus",53.6099039,27.5910208,ok
"Markava, Minsk Region, Markauski sielski Saviet, Maladzyechna District, Belarus",54.333363,26.5982,ok
"Hrodna Region, Kvasouski sielski Saviet, Grodno District, Belarus",53.7021118,25.0711803,ok
"Minsk Region, Blonski sielski Saviet, Pukhavichy District, Belarus",53.6099039,27.5910208,ok
"Brest Region, Lukauski sielski Saviet, Malaryta District, Belarus",52.4121685,25.2547709,ok
"Vialikaja Sliva, Minsk Region, Isiernski sielski Saviet, Slutsk District, Belarus",52.9501249,27.6349257,ok
"Minsk Region, Viazynski sielski Saviet, Vileyka District, Belarus",53.6099039,27.5910208,ok
"Minsk Region, Holacki sielski Saviet, Pukhavichy District, Belarus",53.6099039,27.5910208,ok
"Minkavicy, Brest Region, Ratajcycki sielski Saviet, Kamenets District, Belarus",52.3440546,23.5498366,ok
"Minsk Region, Maisiejeuscynski sielski Saviet, Barysaw District, Belarus",53.6099039,27.5910208,ok
"Maculina, Hrodna Region, Krasnasielski sielski Saviet, Vawkavysk District, Belarus",53.241044,24.46867,ok
"Homel Region, Dolgolesskiy selskiy Sovet, Homyel District, Belarus",52.3128262,29.5418527,ok
"Vitsebsk Region, Andrejeuscynski sielski Saviet, Orsha District, Belarus",55.2381972,28.7742203,ok
"Minsk Region, Krasnienski sielski Saviet, Maladzyechna District, Belarus",53.6099039,27.5910208,ok
"Homel Region, Sarscinski sielski Saviet, Vietka District, Belarus",52.3128262,29.5418527,ok
"Hrodna Region, Hrauzyskouski sielski Saviet, Ashmyany District, Belarus",53.7021118,25.0711803,ok
"Uzliany, Minsk Region, Piarezyrski sielski Saviet, Pukhavichy District, Belarus",53.623451,27.714859,ok
"Brest Region, Volkovskiy selskiy Sovet, Ivatsevichy District, Belarus",52.4121685,25.2547709,ok
"Dociski, Hrodna Region, Docisski sielski Saviet, Voranava District, Belarus",54.11702,24.997419,ok
"Turna Vialikaja, Brest Region, Vidamlianski sielski Saviet, Kamenets District, Belarus",52.2733149,23.7693166,ok
"Minsk Region, Kirauski sielski Saviet, Slutsk District, Belarus",53.6099039,27.5910208,ok
"Minsk Region, Navapolski sielski Saviet, Pukhavichy District, Belarus",53.6099039,27.5910208,ok
"Aziory, Hrodna Region, Aziorski sielski Saviet, Grodno District, Belarus",53.7207988,24.1835632,ok
"Harodzki, Minsk Region, Harodzkauski sielski Saviet, Valozhyn District, Belarus",54.2152164,26.4439147,ok
"Hrodna Region, Putryskauski sielski Saviet, Grodno District, Belarus",53.7607094,23.8288437,ok
"Hrodna Region, Sapockinski sielski Saviet, Grodno District, Belarus",53.7021118,25.0711803,ok
"Brest Region, Kliejnikauski sielski Saviet, Brest District, Belarus",52.1283806,23.5837893,ok
"Miasata, Minsk Region, Miasocki sielski Saviet, Maladzyechna District, Belarus",54.283474,27.040564,ok
"Minsk Region, Klinocki sielski Saviet, Chervyen District, Belarus",53.6099039,27.5910208,ok
"Zazerka, Minsk Region, Piarezyrski sielski Saviet, Pukhavichy District, Belarus",53.662796,27.766665,ok
"Pahost 2, Minsk Region, cyzevicki sielski Saviet, Salihorsk District, Belarus",52.8542726,27.6278149,ok
"Minsk Region, Putcynski sielski Saviet, Dzyarzhynsk District, Belarus",53.6099039,27.5910208,ok
"Sedcha, Minsk Region, Piarezyrski sielski Saviet, Pukhavichy District, Belarus",53.672222,27.745226,ok
"Minsk Region, Luhavaslabadski sielski Saviet, Minsk District, Belarus",53.6099039,27.5910208,ok
"Vitsebsk Region, Akciabrski sielski Saviet, Vitebsk District, Belarus",55.2381972,28.7742203,ok
"Minsk Region, Krajski sielski Saviet, Lahoysk District, Belarus",53.6099039,27.5910208,ok
"Minsk Region, Pliescanicki sielski Saviet, Lahoysk District, Belarus",53.6099039,27.5910208,ok
"Brest Region, Ratajcycki sielski Saviet, Kamenets District, Belarus",52.4121685,25.2547709,ok
"Brest Region, Haradziscanski sielski Saviet, Baranavichy District, Belarus",52.4121685,25.2547709,ok
"Vitsebsk Region, Babinicki sielski Saviet, Orsha District, Belarus",55.2381972,28.7742203,ok
"Minsk Region, Pliski sielski Saviet, Smalyavichy District, Belarus",53.6099039,27.5910208,ok
"Hlivin, Minsk Region, Hlivinski sielski Saviet, Barysaw District, Belarus",54.159881,28.6060371,ok
"Brest Region, Zabinkauski sielski Saviet, Zhabinka District, Belarus",52.2058856,23.9604796,ok
"Vitsebsk Region, Jnkauski sielski Saviet, Pastavy District, Belarus",55.2381972,28.7742203,ok
"Licviany, Minsk Region, Uzdzienski sielski Saviet, Uzda District, Belarus",53.5098297,27.1385301,ok
"Skoki, Brest Region, Matykalski sielski Saviet, Brest District, Belarus",52.1570569,23.6391485,ok
"Vitsebsk Region, Noukinski sielski Saviet, Vitebsk District, Belarus",55.2381972,28.7742203,ok
"Brest Region, Pieliscanski sielski Saviet, Kamenets District, Belarus",52.3282182,23.9016029,ok
"Lienki, Minsk Region, Pokrasauski sielski Saviet, Slutsk District, Belarus",53.1470778,27.5473165,ok
"Homel Region, Babovicki sielski Saviet, Homyel District, Belarus",52.3128262,29.5418527,ok
"Hrodna Region, Dubrovienski sielski Saviet, Lida District, Belarus",53.7021118,25.0711803,ok
"Brest Region, Vielikarycki sielski Saviet, Malaryta District, Belarus",52.4121685,25.2547709,ok
"Liapliouka, Brest Region, Damacauski sielski Saviet, Brest District, Belarus",51.7624257,23.653772,ok
"Slabada, Minsk Region, Piekalinski sielski Saviet, Smalyavichy District, Belarus",53.9753818,28.1076184,ok
"Minsk Region, Harodzkauski sielski Saviet, Valozhyn District, Belarus",53.6099039,27.5910208,ok
"Vierchaliessie, Brest Region, Navasiolkauski sielski Saviet, Kobryn District, Belarus",52.08146,24.30322,ok
"Parecki sielski Saviet, Hrodna Region, Grodno District, Belarus",53.4635826,25.1122021,ok
"Stryhava, Brest Region, Tevielski sielski Saviet, Kobryn District, Belarus",52.3006417,24.2758528,ok
"Minsk Region, Rubiazevicki sielski Saviet, Stowbtsy District, Belarus",53.6099039,27.5910208,ok
"Minsk Region, Ivianiecki sielski Saviet, Valozhyn District, Belarus",53.6099039,27.5910208,ok
"Vitsebsk Region, Sapiecynski sielski Saviet, Vitebsk District, Belarus",55.2381972,28.7742203,ok
"Haradzišča, Brest Region, Haradziscanski sielski Saviet, Baranavichy District, Belarus",53.3268244,26.0056767,ok
"Nyasvizh, Minsk Region, Belarus",53.6099039,27.5910208,ok
"Vitsebsk Region, Opsauski sielski Saviet, Braslaw District, Belarus",55.2381972,28.7742203,ok
"Snoŭ, Minsk Region, Snouski sielski Saviet, Nesvizh District, Belarus",53.217648,26.4052279,ok
"Brest Region, Rakitnicki sielski Saviet, Zhabinka District, Belarus",52.4121685,25.2547709,ok
"Minsk Region, Starobinski sielski Saviet, Salihorsk District, Belarus",53.6099039,27.5910208,ok
"Babinavichy, Vitsebsk Region, Babinavicki sielski Saviet, Liozna District, Belarus",54.8327502,30.5761621,ok
"Brest Region, Lieninski sielski Saviet, Zhabinka District, Belarus",52.4121685,25.2547709,ok
"Homel Region, Pakaliubicki sielski Saviet, Homyel District, Belarus",52.5231788,31.0176443,ok
"Minsk Region, Lahojski sielski Saviet, Lahoysk District, Belarus",53.6099039,27.5910208,ok
"Minsk Region, Chaciezynski sielski Saviet, Minsk District, Belarus",53.9125459,27.2546333,ok
"Hajna, Minsk Region, Hajnienski sielski Saviet, Lahoysk District, Belarus",54.2449208,27.709744,ok
"Zamoscie, Minsk Region, Pokrasauski sielski Saviet, Slutsk District, Belarus",53.2088801,27.5955235,ok
"Minsk Region, Kalodziezski sielski Saviet, Chervyen District, Belarus",53.6099039,27.5910208,ok
"Minsk Region, Sarsunski sielski Saviet, Minsk District, Belarus",53.6099039,27.5910208,ok
"Minsk Region, Dziarzynski sielski Saviet, Dzyarzhynsk District, Belarus",53.7811739,27.3623234,ok
"Aziaty, Brest Region, Aziacki sielski Saviet, Zhabinka District, Belarus",52.09889,24.1407376,ok
"Ruzhany, Brest Region, Ruzanski sielski Saviet, Pruzhany District, Belarus",52.865925,24.8906748,ok
"Vitsebsk Region, Slabodkauski sielski Saviet, Braslaw District, Belarus",55.2381972,28.7742203,ok
"Karzuny, Minsk Region, Smilavicki sielski Saviet, Chervyen District, Belarus",53.75439,27.98166,ok
"Racicy, Hrodna Region, Padlabienski sielski Saviet, Grodno District, Belarus",53.768845,23.650431,ok
"Lielikava, Brest Region, Dzivinski sielski Saviet, Kobryn District, Belarus",51.9171414,24.7155473,ok
"Minsk Region, Pryharadny sielski Saviet, Barysaw District, Belarus",53.6099039,27.5910208,ok
"Dziahilna, Minsk Region, Dziarzynski sielski Saviet, Dzyarzhynsk District, Belarus",53.684521,27.075291,ok
"Hliniany, Hrodna Region, Skidzielski sielski Saviet, Grodno District, Belarus",53.604195,24.290464,ok
"Zmurauka, Homel Region, Zmurauski sielski Saviet, Rechytsa District, Belarus",52.33543,30.45676,ok
"Hrodna Region, Abuchauski sielski Saviet, Grodno District, Belarus",53.5982133,24.0504777,ok
"Hrodna Region, Krasnienski sielski Saviet, Karelichy District, Belarus",53.7021118,25.0711803,ok
"Vitsebsk Region, Studzionkauski sielski Saviet, Syanno District, Belarus",55.2381972,28.7742203,ok
"Minsk Region, Dziamidavicki sielski Saviet, Dzyarzhynsk District, Belarus",53.6099039,27.5910208,ok
"Hrodna Region, Ejsmantauski sielski Saviet, Byerastavitsa District, Belarus",53.7021118,25.0711803,ok
"Dabryniova, Minsk Region, Dabryniouski sielski Saviet, Dzyarzhynsk District, Belarus",53.6318164,27.3673747,ok
"Novyja Lyscycy, Brest Region, Lyscycki sielski Saviet, Brest District, Belarus",52.26033,23.50044,ok
"Minsk Region, Radaskovicki sielski Saviet, Maladzyechna District, Belarus",54.1407417,27.1156693,ok
"Minsk Region, Svabski sielski Saviet, Lahoysk District, Belarus",53.6099039,27.5910208,ok
"Rudnia, Minsk Region, Nieharelski sielski Saviet, Dzyarzhynsk District, Belarus",53.6121402,27.0629595,ok
"Hrodna Region, Hozski sielski Saviet, Grodno District, Belarus",53.8260112,23.8641579,ok
"Miedna, Brest Region, Znamienski sielski Saviet, Brest District, Belarus",51.8623151,23.7483215,ok
"Minsk Region, Samachvalavicki sielski Saviet, Minsk District, Belarus",53.6099039,27.5910208,ok
"Minsk Region, Piarsajski sielski Saviet, Valozhyn District, Belarus",54.040766,26.8264875,ok
"Hrodna Region, Piersamajski sielski Saviet, Shchuchyn District, Belarus",53.7021118,25.0711803,ok
"Losa, Minsk Region, Slabadski sielski Saviet, Uzda District, Belarus",53.420719,27.411526,ok
"Minsk Region, Chaciuchouski sielski Saviet, Krupki District, Belarus",53.6099039,27.5910208,ok
"Minsk Region, Pierasadski sielski Saviet, Barysaw District, Belarus",53.6099039,27.5910208,ok
"Hrodna Region, Lunnienski sielski Saviet, Masty District, Belarus",53.7021118,25.0711803,ok
"Hrodna Region, Kapciouski sielski Saviet, Grodno District, Belarus",53.7021118,25.0711803,ok
"Homel Region, Rudnemarimonovskiy selskiy Sovet, Homyel District, Belarus",52.3128262,29.5418527,ok
"Vyviery, Minsk Region, Miasocki sielski Saviet, Maladzyechna District, Belarus",54.277534,26.947382,ok
"Dacnaja, Vitsebsk Region, Zabalacki sielski Saviet, Orsha District, Belarus",54.4981102,30.3420429,ok
"Prybar, Homel Region, Prybarski sielski Saviet, Homyel District, Belarus",52.410587,30.7644,ok
"Minsk Region, Viesialouski sielski Saviet, Barysaw District, Belarus",53.6099039,27.5910208,ok
"Mahilyow Region, Paskauski sielski Saviet, Mogilev District, Belarus",53.7254147,30.3863145,ok
"Minsk Region, Kozlovskiy selskiy Sovet, Nesvizh District, Belarus",53.6099039,27.5910208,ok
"Brest Region, Zalieski sielski Saviet, Kobryn District, Belarus",52.4121685,25.2547709,ok
"Slabodka, Vitsebsk Region, Slabodkauski sielski Saviet, Braslaw District, Belarus",55.685925,27.181654,ok
"Minsk Region, Puchavicki sielski Saviet, Pukhavichy District, Belarus",53.5289952,28.0450467,ok
"Kamsamoliec, Minsk Region, Jzufouski sielski Saviet, Minsk District, Belarus",54.082001,27.569851,ok
"Jatviez, Hrodna Region, Subacki sielski Saviet, Vawkavysk District, Belarus",53.171963,24.4023,ok
"Dukora, Minsk Region, Dukorski sielski Saviet, Pukhavichy District, Belarus",53.669655,27.953768,ok
"Brest Region, Oltusski sielski Saviet, Malaryta District, Belarus",52.4121685,25.2547709,ok
"Hrodna Region, Vasilievicki sielski Saviet, Slonim District, Belarus",53.7021118,25.0711803,ok
"Liubkauscyna, Minsk Region, Mikalajeuscynski sielski Saviet, Stowbtsy District, Belarus",53.3465572,26.795164,ok
"Zabaloccie, Minsk Region, Zabalocki sielski Saviet, Smalyavichy District, Belarus",54.0036056,28.0310688,ok
"Brest Region, Pinsk, Belarus",52.1250464,26.1155568,ok
"Auhustova, Minsk Region, Lahojski sielski Saviet, Lahoysk District, Belarus",54.11711,26.50357,ok
"Haradzieja, Minsk Region, Nesvizh District, Belarus",53.3147146,26.5387834,ok
"Mahilyow Region, Palykavicki sielski Saviet, Mogilev District, Belarus",53.7254147,30.3863145,ok
"Minsk Region, Zazevicki sielski Saviet, Salihorsk District, Belarus",53.6099039,27.5910208,ok
"Minsk Region, Lipski sielski Saviet, Nesvizh District, Belarus",53.6099039,27.5910208,ok
"Minsk Region, Azierski sielski Saviet, Uzda District, Belarus",53.6099039,27.5910208,ok
"Juchnauka, Minsk Region, Kalodziscanski sielski Saviet, Minsk District, Belarus",53.9777964,27.8542821,ok
"Novyja Zielianki, Minsk Region, Rudnianski sielski Saviet, Chervyen District, Belarus",53.8335522,28.3409408,ok
"Vitsebsk Region, Miazanski sielski Saviet, Braslaw District, Belarus",55.7176739,26.8741398,ok
"Vitsebsk Region, Daliokauski sielski Saviet, Braslaw District, Belarus",55.2381972,28.7742203,ok
"Dubrounia, Hrodna Region, Dubrovienski sielski Saviet, Lida District, Belarus",53.899948,25.381941,ok
"Strubnica, Hrodna Region, Pieskauski sielski Saviet, Masty District, Belarus",53.3110887,24.6018899,ok
"Minsk Region, Saskouski sielski Saviet, Stowbtsy District, Belarus",53.6099039,27.5910208,ok
"Drozdava, Minsk Region, Baraulianski sielski Saviet, Minsk District, Belarus",53.9867357,27.6151572,ok
"Bohina, Vitsebsk Region, Daliokauski sielski Saviet, Braslaw District, Belarus",55.4244321,26.7985712,ok
"Brest Region, Malachaviecki sielski Saviet, Baranavichy District, Belarus",52.4121685,25.2547709,ok
"Nikalajeuka 2, Mahilyow Region, Palykavicki sielski Saviet, Mogilev District, Belarus",53.9506615,30.3890132,ok
"Hrodna Region, voranauski-rajon, Belarus",53.7021118,25.0711803,ok
"Mahilyow Region, Novobyhovskiy selskiy Sovet, Bychaw District, Belarus",53.7254147,30.3863145,ok
"Vialikaje Sialo, Minsk Region, Barauski sielski Saviet, Dzyarzhynsk District, Belarus",53.740323,26.9269146,ok
"Viazzie, Mahilyow Region, Viazzieuski sielski Saviet, Asipovichy District, Belarus",53.364941,28.6853483,ok
"Stryhaniec, Brest Region, Rakitnicki sielski Saviet, Zhabinka District, Belarus",52.1154654,24.0341937,ok
"Nasilava, Minsk Region, Ciurliouski sielski Saviet, Maladzyechna District, Belarus",54.3152183,26.7811447,ok
"Novaje Polie, Minsk Region, Haranski sielski Saviet, Minsk District, Belarus",53.9691448,27.1030878,ok
"Litva, Brest Region, Konkauski sielski Saviet, Lyakhavichy District, Belarus",53.11057,26.15287,ok
"Navasyno, Minsk Region, Piatryskauski sielski Saviet, Minsk District, Belarus",54.046796,27.2721738,ok
"Minsk Region, Navadvorski sielski Saviet, Minsk District, Belarus",53.8544388,27.7044959,ok
"Vitsebsk Region, Stajski sielski Saviet, Lepiel District, Belarus",55.2381972,28.7742203,ok
"carnahradz, Minsk Region, Valievacski sielski Saviet, Chervyen District, Belarus",53.7880887,28.2253579,ok
"Turec, Minsk Region, Klinocki sielski Saviet, Chervyen District, Belarus",53.66152,28.08354,ok
"Korolev Stan, Minsk Region, Baraulianski sielski Saviet, Minsk District, Belarus",53.9866764,27.7957266,ok
"Minsk Region, Hajnienski sielski Saviet, Lahoysk District, Belarus",53.6099039,27.5910208,ok
"Homel Region, cyrkavicki sielski Saviet, Svietlahorsk District, Belarus",52.3128262,29.5418527,ok
"Valievacy, Minsk Region, Valievacski sielski Saviet, Chervyen District, Belarus",53.7571139,28.152398,ok
"Tarasava, Minsk Region, Zdanovicki sielski Saviet, Minsk District, Belarus",53.924206,27.388199,ok
"Labna-Aharodniki, Hrodna Region, Padlabienski sielski Saviet, Grodno District, Belarus",53.702972,23.647837,ok
"Minsk Region, Akciabrski sielski Saviet, Krupki District, Belarus",53.6099039,27.5910208,ok
"Myslievicy, Minsk Region, Chazouski sielski Saviet, Maladzyechna District, Belarus",54.284561,26.8596,ok
"Pakaliubicy, Homel Region, Pakaliubicki sielski Saviet, Homyel District, Belarus",52.5044267,31.0348631,ok
"Alhova, Vitsebsk Region, Babinicki sielski Saviet, Vitebsk District, Belarus",55.226131,30.21154,ok
"Voukavicy, Minsk Region, Scomyslicki sielski Saviet, Minsk District, Belarus",53.81186,27.396407,ok
"Kamienski sielski Saviet, Vitsebsk Region, Lepiel District, Belarus",55.0200062,28.8182673,ok
"Vialikaje Sciklieva, Minsk Region, Navadvorski sielski Saviet, Minsk District, Belarus",53.868198,27.70323,ok
"Sciapanki, Brest Region, Sciapankauski sielski Saviet, Zhabinka District, Belarus",52.27003,23.99457,ok
"Minsk Region, Litvienski sielski Saviet, Stowbtsy District, Belarus",53.6099039,27.5910208,ok
"Homel Region, Ciareskavicki sielski Saviet, Homyel District, Belarus",52.3128262,29.5418527,ok
"Hascilavicy, Minsk Region, Lahojski sielski Saviet, Lahoysk District, Belarus",54.2075055,27.896646,ok
"Brest Region, Osoveckiy selskiy Sovet, Drahichyn District, Belarus",52.4121685,25.2547709,ok
"Brest Region, Kamianiucki sielski Saviet, Kamenets District, Belarus",52.603308,23.792604,ok
"Hrodna Region, Mirski sielski Saviet, Karelichy District, Belarus",53.7021118,25.0711803,ok
"Atolina, Minsk Region, Sienicki sielski Saviet, Minsk District, Belarus",53.782619,27.43338,ok
"Drozdava, Minsk Region, Minsk District, Belarus",53.9867357,27.6151572,ok
"Kliejniki, Brest Region, Kliejnikauski sielski Saviet, Brest District, Belarus",52.1392901,23.6097466,ok
"Piekalin, Minsk Region, Piekalinski sielski Saviet, Smalyavichy District, Belarus",53.9075406,28.1230586,ok
"Lyepyel, Vitsebsk Region, Lepiel District, Belarus",54.8866187,28.6936245,ok
"Marjaliva, Minsk Region, Astrasyckaharadocki sielski Saviet, Minsk District, Belarus",54.0407463,27.661776,ok
"Scytomirycy, Minsk Region, Sienicki sielski Saviet, Minsk District, Belarus",53.8049968,27.5438955,ok
"Mahilyow Region, Kadzinski sielski Saviet, Mogilev District, Belarus",53.7254147,30.3863145,ok
"Brauki, Minsk Region, Lasanski sielski Saviet, Minsk District, Belarus",54.0438523,27.385857,ok
"Tarasava, Minsk Region, Minsk District, Belarus",53.924206,27.388199,ok
"Machro, Brest Region, Machrouski sielski Saviet, Ivanava District, Belarus",51.9784076,25.5596414,ok
"Myadzel District, Minsk Region, Belarus",54.820388,26.9681308,ok
"Viazyn, Minsk Region, Viazynski sielski Saviet, Vileyka District, Belarus",54.4205112,27.162876,ok
"Minsk Region, Miadzielski sielski Saviet, Myadzel District, Belarus",53.6099039,27.5910208,ok
"Vitsebsk Region, Viarkudski sielski Saviet, Ushachy District, Belarus",55.2381972,28.7742203,ok
"Staryna, Minsk Region, Kalodziscanski sielski Saviet, Minsk District, Belarus",53.9489732,27.83944,ok
"Lasany, Minsk Region, Lasanski sielski Saviet, Minsk District, Belarus",54.040337,27.29925,ok
"Pryliepy, Minsk Region, Aziaryckaslabadski sielski Saviet, Smalyavichy District, Belarus",54.073296,27.837246,ok
"Lahoysk District, Minsk Region, lahojsk, Belarus",54.2083495,27.8556375,ok
"Valieuka, Hrodna Region, Valieuski sielski Saviet, Navahrudak District, Belarus",53.463867,25.8888,ok
"Vitsebsk Region, Astrovienski sielski Saviet, Beshankovichy District, Belarus",55.2381972,28.7742203,ok
"Karobcycy, Hrodna Region, Kapciouski sielski Saviet, Grodno District, Belarus",53.60611,23.74991,ok
"Asipavicy, Minsk Region, Asipavicki sielski Saviet, Vileyka District, Belarus",54.4542484,26.8445383,ok
"Astrashycki Haradok, Minsk Region, Astrasyckaharadocki sielski Saviet, Minsk District, Belarus",54.0663552,27.6987414,ok
"Hliadavicy, Hrodna Region, Lunnienski sielski Saviet, Masty District, Belarus",53.5243645,24.1157066,ok
"Rahazy, Minsk Region, Chazouski sielski Saviet, Maladzyechna District, Belarus",54.279243,26.840971,ok
"Papiernia, Minsk Region, Papiarnianski sielski Saviet, Minsk District, Belarus",54.0375849,27.5649959,ok
"Vitsebsk Region, Varapajeuski sielski Saviet, Pastavy District, Belarus",55.2381972,28.7742203,ok
"Hrodna Region, Aziorski sielski Saviet, Grodno District, Belarus",53.7021118,25.0711803,ok
"Staroje Sialo, Minsk Region, Chaciezynski sielski Saviet, Minsk District, Belarus",53.8881433,27.2636016,ok
"Brest Region, Damacauski sielski Saviet, Brest District, Belarus",51.7147356,23.5711026,ok
"Putcyna, Minsk Region, Putcynski sielski Saviet, Dzyarzhynsk District, Belarus",53.7853916,27.0909237,ok
"Plasava, Minsk Region, Dziamidavicki sielski Saviet, Dzyarzhynsk District, Belarus",53.8406344,27.182536,ok
"Brest Region, Liasnianski sielski Saviet, Baranavichy District, Belarus",52.4121685,25.2547709,ok
"Braslaw, Vitsebsk Region, Braslaw District, Belarus",55.639469,27.031643,ok
"Vileyka District, Minsk Region, Vyazynskiy selskiy Sovet, Belarus",54.5043089,27.0709029,ok
"Samokhvalovichi, Minsk Region, Minsk District, Belarus",53.9419224,27.2328318,ok
"Kisialioucy, Brest Region, Kisieliaviecki sielski Saviet, Kobryn District, Belarus",52.1649918,24.4486852,ok
"Valarjanava, Minsk Region, Minsk District, Belarus",53.9419224,27.2328318,ok
"Brest Region, Chidrynski sielski Saviet, Kobryn District, Belarus",52.4121685,25.2547709,ok
"Hrodna Region, Adelski sielski Saviet, Grodno District, Belarus",53.7021118,25.0711803,ok
"Hrodna Region, Tracciakouski sielski Saviet, Lida District, Belarus",53.7021118,25.0711803,ok
"Brest Region, Navickavicki sielski Saviet, Kamenets District, Belarus",52.4121685,25.2547709,ok
"Hrodna Region, Karaniouski sielski Saviet, Smarhon' District, Belarus",53.7021118,25.0711803,ok
"Sieuruki, Homel Region, conkauski sielski Saviet, Homyel District, Belarus",52.363167,30.990511,ok
"Minsk Region, Januskavicki sielski Saviet, Lahoysk District, Belarus",53.6099039,27.5910208,ok
"Vitsebsk Region, Kamajski sielski Saviet, Pastavy District, Belarus",55.2381972,28.7742203,ok
"Asinauscyzna, Hrodna Region, Karaniouski sielski Saviet, Smarhon' District, Belarus",54.5048917,26.3272871,ok
"Piacieuscyna, Minsk Region, Krupicki sielski Saviet, Minsk District, Belarus",53.698421,27.510201,ok
"Minsk Region, Miasocki sielski Saviet, Maladzyechna District, Belarus",54.3095243,26.9045551,ok
"Dziehciaroŭka, Minsk Region, Zdanovicki sielski Saviet, Minsk District, Belarus",53.882702,27.37578,ok
"Novaja Mys, Brest Region, Navamysski sielski Saviet, Baranavichy District, Belarus",53.1398832,25.9012627,ok
"Blon, Minsk Region, Blonski sielski Saviet, Pukhavichy District, Belarus",53.5271983,28.1769371,ok
"Brest Region, Brest, Brest District, Belarus",51.5081817,23.6178349,ok
"Minsk Region, Hacukouski sielski Saviet, Slutsk District, Belarus",53.6099039,27.5910208,ok
"Minsk Region, Sienicki sielski Saviet, Minsk District, Belarus",53.818325,27.5136315,ok
"Karalin, Hrodna Region, Karalinski sielski Saviet, Zelva District, Belarus",53.0781576,24.888542,ok
"Haradzisca, Minsk Region, Scomyslicki sielski Saviet, Minsk District, Belarus",53.8311966,27.3358652,ok
"Myory, Vitsebsk Region, Myory District, Belarus",55.622227,27.615358,ok
"Vitsebsk Region, Chodcauski sielski Saviet, Syanno District, Belarus",55.2381972,28.7742203,ok
"Hrodna Region, Dzitvianski sielski Saviet, Lida District, Belarus",53.7021118,25.0711803,ok
"Minsk Region, Svatkauski sielski Saviet, Myadzel District, Belarus",53.6099039,27.5910208,ok
"Slabada, Minsk Region, Minsk District, Belarus",54.205749,27.3419272,ok
"Andreyewshchyna, Vitsebsk Region, Andrejeuscynski sielski Saviet, Orsha District, Belarus",54.5677225,30.4523896,ok
"Radun, Hrodna Region, Voranava District, Belarus",54.0527472,24.9977637,ok
"Vitsebsk Region, Vysokauski sielski Saviet, Orsha District, Belarus",55.2381972,28.7742203,ok
"Vitsebsk Region, Sloboda Rural Council, Lepiel District, Belarus",55.2381972,28.7742203,ok
"Novopolskiy selskiy Sovet, Pukhavichy District, Minsk Region, Belarus",53.6099039,27.5910208,ok
"Vialikija Navasiolki, Minsk Region, Dziarzynski sielski Saviet, Dzyarzhynsk District, Belarus",53.743061,27.11297,ok
"Hrodna Region, Visnieuski sielski Saviet, Smarhon' District, Belarus",53.7021118,25.0711803,ok
"Kapciouka, Hrodna Region, Kapciouski sielski Saviet, Grodno District, Belarus",53.566936,23.87335,ok
"Michanavičy, Minsk Region, Minsk District, Belarus",53.7380881,27.6953546,ok
"Fruktovy, Brest Region, Batcynski sielski Saviet, Kobryn District, Belarus",52.2096139,24.3126795,ok
"Minsk Region, Pokrasauski sielski Saviet, Slutsk District, Belarus",53.6099039,27.5910208,ok
"Matarova, Minsk Region, Holacki sielski Saviet, Pukhavichy District, Belarus",53.739971,27.861589,ok
"Hrodna Region, Krupauski sielski Saviet, Lida District, Belarus",53.7021118,25.0711803,ok
"Mikalajeuscyna, Minsk Region, Mikalajeuscynski sielski Saviet, Stowbtsy District, Belarus",53.4057421,26.8379281,ok
"Aresniki, Minsk Region, Zabalocki sielski Saviet, Smalyavichy District, Belarus",53.980637,27.963755,ok
"Novy Svierzan, Minsk Region, Navasvierzanski sielski Saviet, Stowbtsy District, Belarus",53.454833,26.7321408,ok
"Aliesina, Minsk Region, Kurhanski sielski Saviet, Smalyavichy District, Belarus",53.953339,28.23555,ok
"Danilavichy, Minsk Region, Dabryniouski sielski Saviet, Dzyarzhynsk District, Belarus",53.6008114,27.3500561,ok
"Krakoŭka, Hrodna Region, Zupranski sielski Saviet, Ashmyany District, Belarus",54.443403,25.9841731,ok
"Sakauscyna, Minsk Region, Valozynski sielski Saviet, Valozhyn District, Belarus",54.108871,26.377831,ok
"Homel Region, conkauski sielski Saviet, Homyel District, Belarus",52.3128262,29.5418527,ok
"Tuholica, Mahilyow Region, Slabodkauski sielski Saviet, Babruysk District, Belarus",53.07066,29.16269,ok
"Kosina, Minsk Region, Lahojski sielski Saviet, Lahoysk District, Belarus",54.126007,27.953018,ok
"Zaazierje, Minsk Region, Niasvizski sielski Saviet, Nesvizh District, Belarus",53.2317031,26.6893178,ok
"Minsk Region, Liudvinouski sielski Saviet, Vileyka District, Belarus",53.6099039,27.5910208,ok
"Trakieli, Hrodna Region, Bastunski sielski Saviet, Voranava District, Belarus",54.0382294,25.4108061,ok
"Homel Region, Krasnienski sielski Saviet, Homyel District, Belarus",52.3128262,29.5418527,ok
"Krynitsa, Minsk Region, Rudzienski sielski Saviet, Pukhavichy District, Belarus",54.288509,26.957451,ok
"Minsk Region, Izski sielski Saviet, Vileyka District, Belarus",53.6099039,27.5910208,ok
"Lapacina, Homel Region, Pakaliubicki sielski Saviet, Homyel District, Belarus",52.545732,30.982559,ok
"Apcak, Minsk Region, Luhavaslabadski sielski Saviet, Minsk District, Belarus",53.8163103,27.8109337,ok
"Uradžajnaja, Minsk Region, Sienicki sielski Saviet, Minsk District, Belarus",53.79747,27.523237,ok
"Brest Region, Astromicki sielski Saviet, Kobryn District, Belarus",52.4121685,25.2547709,ok
"Hrodna Region, Zupranski sielski Saviet, Ashmyany District, Belarus",53.7021118,25.0711803,ok
"Myadzyel, Minsk Region, Myadzel District, Belarus",54.8707533,26.9299904,ok
"Lahoysk District, Minsk Region, Belarus",54.2083495,27.8556375,ok
"Vialikija Jakaucycy, Brest Region, Zabinkauski sielski Saviet, Zhabinka District, Belarus",52.2294157,24.1327632,ok
"Lyakhavichy, Brest Region, Lyakhavichy District, Belarus",53.0373838,26.2660234,ok
"Vitsebsk Region, Domzarycki sielski Saviet, Lepiel District, Belarus",55.2381972,28.7742203,ok
"Vitsebsk Region, Kurynski sielski Saviet, Vitebsk District, Belarus",55.2381972,28.7742203,ok
"Vetka, Homel Region, Vietka District, Belarus",52.5590289,31.1713502,ok
"Astravyets, Hrodna Region, Astravyets District, Belarus",54.6149379,25.9565998,ok
"Valozhyn District, Minsk Region, Belarus",54.0534618,26.7455899,ok
"Hara, Minsk Region, Hlivinski sielski Saviet, Barysaw District, Belarus",54.18655,28.55064,ok
"Tonava, Minsk Region, Rubiazevicki sielski Saviet, Stowbtsy District, Belarus",53.72272,26.77068,ok
"Loyew, Homel Region, Loyew District, Belarus",51.9358234,30.7997902,ok
"Vitsebsk Region, casnicki-rajon, Belarus",54.9157,29.1417,ok
"Miazysietki, Mahilyow Region, Daskauski sielski Saviet, Mogilev District, Belarus",53.7775331,30.1768311,ok
"Minsk Region, Navasiolkauski sielski Saviet, Pukhavichy District, Belarus",53.5289952,28.0450467,ok
"Hrodna Region, Mastouski sielski Saviet, Masty District, Belarus",53.7021118,25.0711803,ok
"Hrodna Region, Raycevskiy selskiy Sovet, Karelichy District, Belarus",53.7021118,25.0711803,ok
"Jacava, Minsk Region, Kazlovicki sielski Saviet, Slutsk District, Belarus",53.0197311,27.5870635,ok
"Mahilyow Region, carnaborski sielski Saviet, Bychaw District, Belarus",53.7254147,30.3863145,ok
"Razanka, Hrodna Region, Razankauski sielski Saviet, Shchuchyn District, Belarus",53.5358305,24.7362097,ok
"Čarnicki, Minsk Region, Pliski sielski Saviet, Smalyavichy District, Belarus",54.0066195,28.24605,ok
"Mahilyow Region, Fascauski sielski Saviet, Shklow District, Belarus",53.7254147,30.3863145,ok
"Krasnaye, Homel Region, Krasnienski sielski Saviet, Homyel District, Belarus",52.4724868,30.919522,ok
"Vitsebsk Region, Kochanauski sielski Saviet, Talachyn District, Belarus",55.2381972,28.7742203,ok
"Bieniakoni, Hrodna Region, Bieniakonski sielski Saviet, Voranava District, Belarus",54.25014,25.35902,ok
"Brest Region, Batcynski sielski Saviet, Kobryn District, Belarus",52.4121685,25.2547709,ok
"Homel Region, Zmurauski sielski Saviet, Rechytsa District, Belarus",52.3128262,29.5418527,ok
"Juchnauka, Minsk Region, Minsk District, Belarus",53.9777964,27.8542821,ok
"Vitsebsk Region, Zubauski sielski Saviet, Orsha District, Belarus",54.3836054,30.4054004,ok
"Mahilyow Region, Daskauski sielski Saviet, Mogilev District, Belarus",53.7254147,30.3863145,ok
"Brest Region, Hvoznicki sielski Saviet, Malaryta District, Belarus",52.4121685,25.2547709,ok
"Minsk Region, Chaciencycki sielski Saviet, Vileyka District, Belarus",54.3145158,27.2429767,ok
"Enierhija, Minsk Region, Dukorski sielski Saviet, Pukhavichy District, Belarus",53.632851,28.006981,ok
"Vobcyn, Minsk Region, Racenski sielski Saviet, Lyuban District, Belarus",52.7575075,27.9161281,ok
"Minsk Region, Kurhanski sielski Saviet, Smalyavichy District, Belarus",53.6099039,27.5910208,ok
"Mir, Hrodna Region, Mirski sielski Saviet, Karelichy District, Belarus",53.4537435,26.4659132,ok
"Vialikija Radvanicy, Brest Region, Radvanicki sielski Saviet, Brest District, Belarus",52.03048,24.00779,ok
"Udarny, Minsk Region, Haradziejski sielski Saviet, Nesvizh District, Belarus",53.3147415,26.5549607,ok
"Mahilyow Region, Visniouski sielski Saviet, Babruysk District, Belarus",53.7254147,30.3863145,ok
"Znamia, Minsk Region, Znamienski sielski Saviet, Slutsk District, Belarus",53.045422,27.363939,ok
"Drackava, Minsk Region, Drackauski sielski Saviet, Smalyavichy District, Belarus",53.819366,28.075708,ok
"Brest Region, Vielikalucki sielski Saviet, Baranavichy District, Belarus",52.4121685,25.2547709,ok
"Novyja Rubiazevicy, Minsk Region, Rubiazevicki sielski Saviet, Stowbtsy District, Belarus",53.696449,26.860371,ok
"Vitsebsk Region, Sorzycki sielski Saviet, Beshankovichy District, Belarus",55.2381972,28.7742203,ok
"Homel Region, Hrabauski sielski Saviet, Homyel District, Belarus",52.3128262,29.5418527,ok
"Brest Region, Viarchovicki sielski Saviet, Kamenets District, Belarus",52.4121685,25.2547709,ok
"Lipnishki, Hrodna Region, Lipniskauski sielski Saviet, Iwye District, Belarus",54.0063484,25.6070857,ok
"Mikalajevicy, Minsk Region, Zabalocki sielski Saviet, Smalyavichy District, Belarus",54.003834,28.049736,ok
"Minsk Region, Myasotskiy selskiy Sovet, Maladzyechna District, Belarus",53.6099039,27.5910208,ok
"Vialiacicy, Minsk Region, Vialiacicki sielski Saviet, Barysaw District, Belarus",54.1641369,28.903816,ok
"Hrodna Region, Lyadskiy selskiy Sovet, Shchuchyn District, Belarus",53.7021118,25.0711803,ok
"Azierscyna, Homel Region, Azierscynski sielski Saviet, Rechytsa District, Belarus",52.406452,30.339151,ok
"Brest Region, Rasnianski sielski Saviet, Kamenets District, Belarus",52.4121685,25.2547709,ok
"Chazova, Minsk Region, Chazouski sielski Saviet, Maladzyechna District, Belarus",54.2447309,26.8366551,ok
"Brest Region, Vojski sielski Saviet, Kamenets District, Belarus",52.4121685,25.2547709,ok
"Minsk Region, Chatlianski sielski Saviet, Uzda District, Belarus",53.6099039,27.5910208,ok
"Mahilyow Region, Volkovichskiy selskiy Sovet, Chavusy District, Belarus",53.7254147,30.3863145,ok
"Zyrovicy, Hrodna Region, Zyrovicki sielski Saviet, Slonim District, Belarus",53.0138565,25.3445596,ok
"Minsk Region, Ziembinski sielski Saviet, Barysaw District, Belarus",53.6099039,27.5910208,ok
"Minsk Region, Krasnadvorski sielski Saviet, Salihorsk District, Belarus",53.6099039,27.5910208,ok
"Ciarenicy, Homel Region, Ciarenicki sielski Saviet, Homyel District, Belarus",52.5275538,30.6722445,ok
"Masievicy, Brest Region, Vielikarycki sielski Saviet, Malaryta District, Belarus",51.9419,23.955,ok
"Minsk Region, Miotcanski sielski Saviet, Barysaw District, Belarus",53.6099039,27.5910208,ok
"Minsk Region, cervienski sielski Saviet, Chervyen District, Belarus",53.7229237,28.3875847,ok
"Minsk Region, Boksycki sielski Saviet, Slutsk District, Belarus",53.6099039,27.5910208,ok
"Minsk Region, Bahusevicki sielski Saviet, Byerazino District, Belarus",53.6099039,27.5910208,ok
"Hrodna Region, Mizhevichskiy selskiy Sovet, Slonim District, Belarus",53.7021118,25.0711803,ok
"Vitsebsk Region, Usacki sielski Saviet, Ushachy District, Belarus",55.2381972,28.7742203,ok
"Minsk Region, Siejlavicki sielski Saviet, Nesvizh District, Belarus",53.6099039,27.5910208,ok
"Zadorje, Minsk Region, Zadorjeuski sielski Saviet, Lahoysk District, Belarus",53.76263,29.27015,ok
"Minsk Region, Kazlovicki sielski Saviet, Slutsk District, Belarus",53.6099039,27.5910208,ok
"Zheludok, Hrodna Region, Shchuchyn District, Belarus",53.7233401,24.6661202,ok
"Brest Region, Navasiolkauski sielski Saviet, Kobryn District, Belarus",52.4121685,25.2547709,ok
"Morac, Minsk Region, Moracki sielski Saviet, Kletsk District, Belarus",52.8764453,26.8672606,ok
"Homel Region, Zaspienski sielski Saviet, Rechytsa District, Belarus",52.3128262,29.5418527,ok
"Minsk Region, Haradocki sielski Saviet, Maladzyechna District, Belarus",53.6099039,27.5910208,ok
"Minsk Region, Bielicki sielski Saviet, Slutsk District, Belarus",53.6099039,27.5910208,ok
"Vosa, Brest Region, Dzivinski sielski Saviet, Kobryn District, Belarus",51.918282,24.4876462,ok
"Zienkavicy, Minsk Region, Uzdzienski sielski Saviet, Uzda District, Belarus",53.4938741,27.2461233,ok
"Minsk Region, Naracanski sielski Saviet, Vileyka District, Belarus",53.6099039,27.5910208,ok
"Brest Region, Krosynski sielski Saviet, Baranavichy District, Belarus",53.1906272,26.0748772,ok
"Minsk Region, Paplauski sielski Saviet, Byerazino District, Belarus",53.6099039,27.5910208,ok
"Minsk Region, Hreski sielski Saviet, Slutsk District, Belarus",53.6099039,27.5910208,ok
"Slawharad, Mahilyow Region, Slawharad District, Belarus",53.44622,31.0054891,ok
"Achremaviecki sielski Saviet, Vitsebsk Region, Braslaw District, Belarus",55.578564,27.105417,ok
"Minsk Region, Losnicki sielski Saviet, Barysaw District, Belarus",53.6099039,27.5910208,ok
"Minsk Region, Dubrauski sielski Saviet, Pukhavichy District, Belarus",53.6099039,27.5910208,ok
"Mahilyow Region, Mastocki sielski Saviet, Mogilev District, Belarus",53.7254147,30.3863145,ok
"Vidzieuscyna, Minsk Region, Krasnienski sielski Saviet, Maladzyechna District, Belarus",54.2304183,27.0060861,ok
"Mahilyow Region, Viendarazski sielski Saviet, Mogilev District, Belarus",53.7254147,30.3863145,ok
"Mahilyow Region, Radamlski sielski Saviet, Chavusy District, Belarus",53.7254147,30.3863145,ok
"Brest Region, Zamcuznienski sielski Saviet, Baranavichy District, Belarus",52.4121685,25.2547709,ok
"Karaniouka, Homel Region, Ziabrauski sielski Saviet, Homyel District, Belarus",52.3526,31.111139,ok
"Jachimouscyna, Minsk Region, Palacanski sielski Saviet, Maladzyechna District, Belarus",54.2363605,26.6692577,ok
"Brest Region, Voucynski sielski Saviet, Kamenets District, Belarus",52.2644939,23.272236,ok
"Hrodna Region, Dubnienski sielski Saviet, Masty District, Belarus",53.7021118,25.0711803,ok
"Zembin, Minsk Region, Ziembinski sielski Saviet, Barysaw District, Belarus",54.358334,28.2170603,ok
"Hrodna Region, Vaukavyski sielski Saviet, Vawkavysk District, Belarus",53.7021118,25.0711803,ok
"Prybarava, Brest Region, Tamasouski sielski Saviet, Brest District, Belarus",51.6338898,23.5740942,ok
"Minsk Region, Pervomayskiy selskiy Sovet, Slutsk District, Belarus",53.6099039,27.5910208,ok
"Kuraniec, Minsk Region, Kuraniecki sielski Saviet, Vileyka District, Belarus",54.5554547,26.9642369,ok
"Hrodna Region, Lukski sielski Saviet, Karelichy District, Belarus",53.7021118,25.0711803,ok
"Vialikaje Sialo, Brest Region, Vielikasielski sielski Saviet, Pruzhany District, Belarus",52.630744,24.3214133,ok
"Hrodna Region, Bielicki sielski Saviet, Lida District, Belarus",53.7021118,25.0711803,ok
"Akciabr, Brest Region, Haradziecki sielski Saviet, Kobryn District, Belarus",52.24102,24.60191,ok
"Mahilyow Region, Kniazycki sielski Saviet, Mogilev District, Belarus",53.7254147,30.3863145,ok
"Mahilyow Region, Haradziecki sielski Saviet, Shklow District, Belarus",53.7254147,30.3863145,ok
"Brest Region, Kisieliaviecki sielski Saviet, Kobryn District, Belarus",52.4121685,25.2547709,ok
"Hrodna Region, Zodziskauski sielski Saviet, Smarhon' District, Belarus",54.6040056,26.3893133,ok
"Zorycy, Minsk Region, Vialiacicki sielski Saviet, Barysaw District, Belarus",54.2078935,28.8915144,ok
"Minsk Region, Sacki sielski Saviet, Pukhavichy District, Belarus",53.6099039,27.5910208,ok
"Lapichskiy selskiy Sovet, Asipovichy District, Mahilyow Region, Belarus",53.7254147,30.3863145,ok
"Brest Region, Mokrauski sielski Saviet, Pruzhany District, Belarus",52.4121685,25.2547709,ok
"Ziabrauka, Homel Region, Ziabrauski sielski Saviet, Homyel District, Belarus",52.326771,31.18795,ok
"Rudnaje, Minsk Region, Cimkavicki sielski Saviet, Kapyl District, Belarus",53.09959,26.93376,ok
"Hrodna Region, Azhinavicki sielski Saviet, Slonim District, Belarus",53.7021118,25.0711803,ok
"Minsk Region, Starasvierzanski sielski Saviet, Stowbtsy District, Belarus",53.6099039,27.5910208,ok
"Suchopal, Brest Region, Suchopalski sielski Saviet, Pruzhany District, Belarus",52.6577199,24.1706126,ok
"Homel Region, Markavicki sielski Saviet, Homyel District, Belarus",52.3128262,29.5418527,ok
"Minsk Region, Liubanski sielski Saviet, Vileyka District, Belarus",54.6636197,26.8529283,ok
"Jastrabiel, Brest Region, Sihnievicki sielski Saviet, Byaroza District, Belarus",52.394636,24.9252398,ok
"Vialikija Bialievicy, Mahilyow Region, Siemukacki sielski Saviet, Mogilev District, Belarus",53.7947937,29.8247118,ok
"Budslau, Minsk Region, Budslauski sielski Saviet, Myadzel District, Belarus",54.786885,27.4536992,ok
"Homel Region, Zhunski sielski Saviet, Dobrush District, Belarus",52.3128262,29.5418527,ok
"Hrodna Region, Dzieraviancycki sielski Saviet, Slonim District, Belarus",53.7021118,25.0711803,ok
"Brest Region, Konkauski sielski Saviet, Lyakhavichy District, Belarus",52.4121685,25.2547709,ok
"Minsk Region, Slabodski sielski Saviet, Myadzel District, Belarus",53.6099039,27.5910208,ok
"Hrodna Region, Novadzieviatkavicki sielski Saviet, Slonim District, Belarus",53.7021118,25.0711803,ok
"Vitsebsk Region, Volkolatskiy selskiy Sovet, Dokshytsy District, Belarus",55.2381972,28.7742203,ok
"Jeramiejeuscyna, Vitsebsk Region, Malasavinski sielski Saviet, Dubrowna District, Belarus",54.5577844,30.7743487,ok
"Mickauscyna, Vitsebsk Region, Andrejeuscynski sielski Saviet, Orsha District, Belarus",54.5752534,30.5195296,ok
"Zadrouje, Vitsebsk Region, Zadroujeuski sielski Saviet, Orsha District, Belarus",54.5037562,30.1218294,ok
"Mahilyow Region, Parsynski sielski Saviet, Horki District, Belarus",53.7254147,30.3863145,ok
"Hrodna Region, Cyrynski sielski Saviet, Karelichy District, Belarus",53.7021118,25.0711803,ok
"Vitsebsk Region, Piscalauski sielski Saviet, Orsha District, Belarus",55.2381972,28.7742203,ok
"carniany, Brest Region, carnianski sielski Saviet, Malaryta District, Belarus",51.9861,24.21267,ok
"Zabalac, Hrodna Region, Zabalacki sielski Saviet, Voranava District, Belarus",53.9259321,24.7965702,ok
"Minsk Region, Haradzilauski sielski Saviet, Maladzyechna District, Belarus",53.6099039,27.5910208,ok
"Minsk Region, Akciabrski sielski Saviet, Salihorsk District, Belarus",53.6099039,27.5910208,ok
"Mahilyow Region, Zavodskaslabodski sielski Saviet, Mogilev District, Belarus",53.7254147,30.3863145,ok
"Hrodna Region, Michaliskauski sielski Saviet, Astravyets District, Belarus",53.7021118,25.0711803,ok
"Minsk Region, Visnieuski sielski Saviet, Valozhyn District, Belarus",53.6099039,27.5910208,ok
"Brest Region, carnianski sielski Saviet, Malaryta District, Belarus",52.4121685,25.2547709,ok
"Brest Region, Chacislauski sielski Saviet, Malaryta District, Belarus",52.4121685,25.2547709,ok
"Kryvichy, Minsk Region, Kryvicki sielski Saviet, Myadzel District, Belarus",54.7141707,27.2895903,ok
"Vitsebsk Region, Malabachauski sielski Saviet, Dubrowna District, Belarus",55.2381972,28.7742203,ok
"Darzy, Hrodna Region, Hancarski sielski Saviet, Lida District, Belarus",53.7619127,25.3962033,ok
"Zalesse, Brest Region, Zalieski sielski Saviet, Kobryn District, Belarus",52.217605,24.4752199,ok
"Novadzieviatkavicy, Hrodna Region, Novadzieviatkavicki sielski Saviet, Slonim District, Belarus",52.913761,25.16643,ok
"Blonskiy selskiy Sovet, Pukhavichy District, Minsk Region, Belarus",53.6099039,27.5910208,ok
"carnievicy, Minsk Region, Hlivinski sielski Saviet, Barysaw District, Belarus",54.0384373,28.7562082,ok
"Vienzaviec, Hrodna Region, Vienzaviecki sielski Saviet, Dzyatlava District, Belarus",53.417984,25.3317615,ok
"Mahilyow Region, Sidaravicki sielski Saviet, Mogilev District, Belarus",53.7254147,30.3863145,ok
"Malušyčy, Hrodna Region, Maliusycki sielski Saviet, Karelichy District, Belarus",53.488392,26.071501,ok
"Brest Region, Stalovicki sielski Saviet, Baranavichy District, Belarus",52.4121685,25.2547709,ok
"Minsk Region, Rackavicki sielski Saviet, Slutsk District, Belarus",53.6099039,27.5910208,ok
"Hrodna Region, Iujeuski sielski Saviet, Iwye District, Belarus",54.2319788,25.7800761,ok
"Hrodna Region, Radunski sielski Saviet, Voranava District, Belarus",53.7021118,25.0711803,ok
"Ciesaulie, Brest Region, Navamysski sielski Saviet, Baranavichy District, Belarus",53.2285092,25.8154585,ok
"Laktysy, Brest Region, Nacki sielski Saviet, Hantsavichy District, Belarus",52.8306399,26.7157994,ok
"Kiscyna Slabada, Minsk Region, Pryharadny sielski Saviet, Barysaw District, Belarus",54.3902003,28.4662926,ok
"Brest Region, Padhornauski sielski Saviet, Baranavichy District, Belarus",52.4121685,25.2547709,ok
"Vitsebsk Region, Tumilovichskiy selskiy Sovet, Dokshytsy District, Belarus",55.2381972,28.7742203,ok
"Bytca, Minsk Region, Pryharadny sielski Saviet, Barysaw District, Belarus",54.308192,28.4001068,ok
"Bielica, Hrodna Region, Bielicki sielski Saviet, Lida District, Belarus",53.651577,25.318424,ok
"Hrodna Region, Hnieznauski sielski Saviet, Vawkavysk District, Belarus",53.7021118,25.0711803,ok
"Kasciani, Hrodna Region, Azhinavicki sielski Saviet, Slonim District, Belarus",53.0679511,25.1909236,ok
"Homel Region, Terehovskiy selskiy Sovet, Dobrush District, Belarus",52.3128262,29.5418527,ok
"Kamienicy, Mahilyow Region, Hradzianski sielski Saviet, Asipovichy District, Belarus",53.5394909,28.8300548,ok
"Minsk Region, Markauski sielski Saviet, Maladzyechna District, Belarus",53.6099039,27.5910208,ok
"Minsk Region, Viasiejski sielski Saviet, Slutsk District, Belarus",53.6099039,27.5910208,ok
"Minsk Region, Lanskiy selskiy Sovet, niasvizski-rajon, Belarus",53.6099039,27.5910208,ok
"Sieleucy, Minsk Region, Haradocki sielski Saviet, Maladzyechna District, Belarus",54.2516774,26.9222551,ok
"Kazlovicy, Minsk Region, Kazlovicki sielski Saviet, Slutsk District, Belarus",52.997532,27.6409984,ok
"Minsk Region, Niasvizski sielski Saviet, Nesvizh District, Belarus",53.2152764,26.4144324,ok
"Vitsebsk Region, Sitcauski sielski Saviet, Dokshytsy District, Belarus",55.2381972,28.7742203,ok
"Krasnenskiy selskiy Sovet, Minsk Region, Maladzyechna District, Belarus",54.2516774,26.9222551,ok
"Homel Region, Ulukauski sielski Saviet, Homyel District, Belarus",52.3128262,29.5418527,ok
"Vitsebsk Region, Sarocynski sielski Saviet, Ushachy District, Belarus",55.2381972,28.7742203,ok
"Bierazino, Vitsebsk Region, Biarezinski sielski Saviet, Dokshytsy District, Belarus",54.90625,28.191092,ok
"Raunapollie, Minsk Region, Piarezyrski sielski Saviet, Pukhavichy District, Belarus",53.623661,27.83069,ok
"Zareccia, Minsk Region, Akciabrski sielski Saviet, Lahoysk District, Belarus",53.9819261,31.5470942,ok
"Kliapcany, Minsk Region, Kirauski sielski Saviet, Slutsk District, Belarus",52.9855173,27.5363605,ok
"Kurhannie, Minsk Region, Kurhanski sielski Saviet, Smalyavichy District, Belarus",53.9415036,28.3550126,ok
"Vitsebsk Region, Miazanski sielski Saviet, Haradok District, Belarus",55.2381972,28.7742203,ok
"Klichaw, Mahilyow Region, Klichaw District, Belarus",53.489614,29.3420691,ok
"Kryvoshyn, Brest Region, Kryvosynski sielski Saviet, Lyakhavichy District, Belarus",52.8730118,26.1307281,ok
"Minsk Region, Ciurliouski sielski Saviet, Maladzyechna District, Belarus",53.6099039,27.5910208,ok
"Haradok, Minsk Region, Haradocki sielski Saviet, Maladzyechna District, Belarus",54.1570388,26.9192441,ok
"Minsk Region, Kuraniecki sielski Saviet, Vileyka District, Belarus",53.6099039,27.5910208,ok
"Ejhierdy, Hrodna Region, Ejhierdauski sielski Saviet, Iwye District, Belarus",54.06312,26.06489,ok
"Hudy, Hrodna Region, Krupauski sielski Saviet, Lida District, Belarus",53.96476,25.24298,ok
"Lucevicy, Brest Region, Buchovicki sielski Saviet, Kobryn District, Belarus",52.2455594,24.418305,ok
"Mahilyow Region, Hradzianski sielski Saviet, Asipovichy District, Belarus",53.7254147,30.3863145,ok
"Hrodna Region, Lieliukinski sielski Saviet, Iwye District, Belarus",53.7021118,25.0711803,ok
"Bastuny, Hrodna Region, Bastunski sielski Saviet, Voranava District, Belarus",54.0775046,25.2864461,ok
"Kopys, Vitsebsk Region, Orsha District, Belarus",54.3214487,30.2869825,ok
"Minsk Region, Krasnazviozdauski sielski Saviet, Kletsk District, Belarus",53.6099039,27.5910208,ok
"Piersamajski, Hrodna Region, Dubrovienski sielski Saviet, Lida District, Belarus",53.8875638,25.4146811,ok
"Dory, Minsk Region, Dorski sielski Saviet, Valozhyn District, Belarus",54.0729767,26.7821811,ok
"Klinok, Minsk Region, Klinocki sielski Saviet, Chervyen District, Belarus",53.6698907,28.1877495,ok
"Minsk Region, Biarezinski sielski Saviet, Byerazino District, Belarus",53.6099039,27.5910208,ok
"Vawkavysk, Hrodna Region, Belarus",53.1647286,24.458169,ok
"Karpavicy, Minsk Region, Chaciencycki sielski Saviet, Vileyka District, Belarus",54.2938126,27.3289535,ok
"Minsk Region, Haradziejski sielski Saviet, Nesvizh District, Belarus",53.6099039,27.5910208,ok
"Vitsebsk Region, Vierchniakryvinski sielski Saviet, Beshankovichy District, Belarus",55.2381972,28.7742203,ok
"Pyetrykaw, Homel Region, Pyetrykaw District, Belarus",52.1259041,28.4956961,ok
"Uzdenskiy selskiy Sovet, Uzda District, Minsk Region, Belarus",53.6099039,27.5910208,ok
"Kreva, Hrodna Region, Kreuski sielski Saviet, Smarhon' District, Belarus",54.310879,26.282677,ok
"Kalodnica, Minsk Region, Akciabrski sielski Saviet, Krupki District, Belarus",54.5498486,29.1911724,ok
"Vitsebsk Region, Zabalacki sielski Saviet, Orsha District, Belarus",55.2381972,28.7742203,ok
"Minsk Region, Kamienski sielski Saviet, Lahoysk District, Belarus",53.6099039,27.5910208,ok
"Zaskavicy, Minsk Region, Liebiedzieuski sielski Saviet, Maladzyechna District, Belarus",54.39743,26.60322,ok
"Minsk Region, Chazouski sielski Saviet, Maladzyechna District, Belarus",53.6099039,27.5910208,ok
"Mahilyow Region, Kamennolavskiy selskiy Sovet, Shklow District, Belarus",53.7254147,30.3863145,ok
"Piarsai, Minsk Region, Piarsajski sielski Saviet, Valozhyn District, Belarus",54.0347018,26.6800643,ok
"Rubezhevichskiy selskiy Sovet, Stowbtsy District, Minsk Region, Belarus",53.6099039,27.5910208,ok
"Viesialova, Minsk Region, Viesialouski sielski Saviet, Barysaw District, Belarus",54.3652352,28.341422,ok
"Haradok, Vitsebsk Region, Haradok District, Belarus",55.4614306,29.9872766,ok
"Mahilyow Region, Harbavicki sielski Saviet, Chavusy District, Belarus",53.7254147,30.3863145,ok
"Chervyen District, Minsk Region, Belarus",53.7732873,28.4537724,ok
"Karelichy, Hrodna Region, Karelichy District, Belarus",53.5706336,26.1391995,ok
"Homel Region, Barscouski sielski Saviet, Rechytsa District, Belarus",52.3128262,29.5418527,ok
"Kryuliany, Brest Region, Kryulianski sielski Saviet, Zhabinka District, Belarus",52.28582,24.07165,ok
"Mahilyow Region, Svislacki sielski Saviet, Asipovichy District, Belarus",53.7254147,30.3863145,ok
"Vaviorka, Hrodna Region, Vavierski sielski Saviet, Lida District, Belarus",53.8504209,24.9364449,ok
"Svatki, Minsk Region, Svatkauski sielski Saviet, Myadzel District, Belarus",54.758283,27.0899487,ok
"Kryvoje Sialo, Minsk Region, Kryvasielski sielski Saviet, Vileyka District, Belarus",54.526637,27.0470103,ok
"Damasy, Minsk Region, Ciurliouski sielski Saviet, Maladzyechna District, Belarus",54.320301,26.747463,ok
"Siejlavicy, Minsk Region, Siejlavicki sielski Saviet, Nesvizh District, Belarus",53.2816249,26.7709204,ok
"Luckauliany, Hrodna Region, Indurski sielski Saviet, Grodno District, Belarus",53.4423021,23.9303065,ok
"Navapolle, Minsk Region, Navapolski sielski Saviet, Pukhavichy District, Belarus",53.608999,27.6372363,ok
"Saltanova, Homel Region, Saltanouski sielski Saviet, Rechytsa District, Belarus",52.35183,30.23335,ok
"Brest Region, Kryulianski sielski Saviet, Zhabinka District, Belarus",52.4121685,25.2547709,ok
"Mahilyow Region, Sledyukovskiy selskiy Sovet, Bychaw District, Belarus",53.7254147,30.3863145,ok
"Kamien, Minsk Region, Ivianiecki sielski Saviet, Valozhyn District, Belarus",53.8641284,26.6524342,ok
"Dzyarzhynsk District, Minsk Region, Belarus",53.7151118,27.1564308,ok
"Duravicy, Homel Region, Akciabrski sielski Saviet, Buda-Kashalyova District, Belarus",52.699112,30.710373,ok
"Minsk Region, Krupicki sielski Saviet, Minsk District, Belarus",53.6099039,27.5910208,ok
"Hrodna Region, Kasalieuski sielski Saviet, Navahrudak District, Belarus",53.7021118,25.0711803,ok
"Zareccia, Minsk Region, Rubiazevicki sielski Saviet, Stowbtsy District, Belarus",53.9819261,31.5470942,ok
"Zhytkavichy, Homel Region, Zhytkavichy District, Belarus",52.2168809,27.8548239,ok
"Hrodna Region, Scucynski sielski Saviet, Shchuchyn District, Belarus",53.7021118,25.0711803,ok
"Vitsebsk Region, Sakaliscanski sielski Saviet, Rasony District, Belarus",55.2381972,28.7742203,ok
"Minsk Region, Mikalajeuscynski sielski Saviet, Stowbtsy District, Belarus",53.6099039,27.5910208,ok
"Minsk Region, Kapylski sielski Saviet, Kapyl District, Belarus",53.6099039,27.5910208,ok
"Vitsebsk Region, Vymnyanskiy selskiy Sovet, Vitebsk District, Belarus",55.2381972,28.7742203,ok
"Sihnievicy, Brest Region, Sihnievicki sielski Saviet, Byaroza District, Belarus",52.4331174,24.8951523,ok
"Brest Region, Molodovskiy selskiy Sovet, Ivanava District, Belarus",52.4121685,25.2547709,ok
"Malaya Berestovitsa, Hrodna Region, Malabierastavicki sielski Saviet, Byerastavitsa District, Belarus",53.2869798,23.9400922,ok
"Vitsebsk Region, Mazalauski sielski Saviet, Vitebsk District, Belarus",55.2381972,28.7742203,ok
"Pierasady, Minsk Region, Pierasadski sielski Saviet, Barysaw District, Belarus",54.131815,28.416658,ok
"Homel Region, Raduzski sielski Saviet, Vietka District, Belarus",52.3128262,29.5418527,ok
"Skabin, Minsk Region, Kapylski sielski Saviet, Kapyl District, Belarus",53.1481933,27.1366782,ok
"Buchovicy, Brest Region, Buchovicki sielski Saviet, Kobryn District, Belarus",52.2797839,24.4269392,ok
"Homel Region, Oktyabrskiy selskiy Sovet, Zhlobin District, Belarus",52.3128262,29.5418527,ok
"Piecki, Brest Region, Chidrynski sielski Saviet, Kobryn District, Belarus",52.1577006,24.307426,ok
"Padarosk, Hrodna Region, Padaroski sielski Saviet, Vawkavysk District, Belarus",52.9810421,24.6203499,ok
"Damaskavicy, Vitsebsk Region, Biahomlski sielski Saviet, Dokshytsy District, Belarus",54.6064944,27.9951446,ok
"Zasullie, Minsk Region, Rubiazevicki sielski Saviet, Stowbtsy District, Belarus",53.5805938,26.8317712,ok
"Saviecki, Brest Region, Haradziscanski sielski Saviet, Baranavichy District, Belarus",53.3415832,26.105276,ok
"Nataljeusk, Minsk Region, Kalodziezski sielski Saviet, Chervyen District, Belarus",53.72924,28.43408,ok
"Zagreb, Croatia",45.8130967,15.9772795,ok
"Ivanec Bistranski, Zapresic, Grad Zapresic, Zagreb County, Croatia",45.8497454,15.8342134,ok
"Vantacici, Primorje-Gorski Kotar County, Croatia",45.1155871,14.5029263,ok
"Odra, Croatia",45.6053445,16.2654025,ok
"Ivanja Reka, City of Zagreb, Croatia",45.7991745,16.1177143,ok
"Sutivan, Opcina Sutivan, Split-Dalmatia County, Croatia",43.3718138,16.4761141,ok
"Vrboska, Split-Dalmatia County, Croatia",43.1817181,16.6712324,ok
"Opcina Dezanovac, Bjelovar-Bilogora County, Croatia",45.5718915,17.0869473,ok
"Makarska, Grad Makarska, Split-Dalmatia County, Croatia",43.2939756,17.020242,ok
"Crveni Vrh, Grad Umag, Istria County, Croatia",45.4907416,13.5385635,ok
"Grad Split, Split-Dalmatia County, Croatia",43.5120197,16.466214,ok
"Velika Gorica, City of Velika Gorica, Zagreb County, Croatia",45.6986438,16.0696398,ok
"Zedno, Split-Dalmatia County, Croatia",43.504716,16.2895027,ok
"Sesvete, Croatia",45.8272646,16.1100872,ok
"Pucisca, Opcina Pucisca, Split-Dalmatia County, Croatia",43.3352977,16.7566644,ok
"Gornji cehi, City of Zagreb, Croatia",45.7444809,15.9587399,ok
"Zaboric, Grad Sibenik, Šibenik-Knin County, Croatia",43.6614503,15.9448307,ok
"Jesenice, Opcina Dugi Rat, Split-Dalmatia County, Croatia",43.4532278,16.6253611,ok
"Okrug Gornji, Split-Dalmatia County, Croatia",43.4934751,16.2644466,ok
"Petrcane, Grad Zadar, Zadar County, Croatia",44.1866638,15.1615245,ok
"Opcina Kostrena, Primorje-Gorski Kotar County, Croatia",45.2986691,14.5141474,ok
"Duba, Opcina Slivno, Dubrovnik-Neretva County, Croatia",42.9799691,17.4908381,ok
"Trogir, Split-Dalmatia County, Croatia",43.5164142,16.2497163,ok
"Opcina Pakostane, Zadar County, Croatia",43.9082721,15.5060948,ok
"Umag, Grad Umag, Istria County, Croatia",45.4323587,13.5224098,ok
"Postira, Opcina Postira, Split-Dalmatia County, Croatia",43.3565084,16.6653817,ok
"Town of Pag, Zadar County, Croatia",44.1294135,15.5432324,ok
"City of Zagreb, Croatia",45.8130967,15.9772795,ok
"Crno, Grad Zadar, Zadar County, Croatia",44.1135839,15.2900526,ok
"Sibenik, Grad Sibenik, Šibenik-Knin County, Croatia",43.7411745,15.8985074,ok
"Rovinj, Grad Rovinj, Istria County, Croatia",45.0766534,13.6854034,ok
"Krk, Primorje-Gorski Kotar County, Croatia",45.0901954,14.5496681,ok
"Strmec, Grad Sveta Nedelja, Zagreb County, Croatia",45.810606,15.7867626,ok
"Grebastica, Grad Sibenik, Šibenik-Knin County, Croatia",43.6349579,15.9651667,ok
"Barbat na Rabu, Rab, Town of Rab, Primorje-Gorski Kotar County, Croatia",44.7342712,14.8031208,ok
"Lovran, Opatija, Grad Opatija, Primorje-Gorski Kotar County, Croatia",45.3078913,14.2723946,ok
"Korcula, Grad Korcula, Dubrovnik-Neretva County, Croatia",42.9543088,17.1608682,ok
"Samobor, Zagreb County, Croatia",45.8018625,15.7097105,ok
"Grad Rijeka, Primorje-Gorski Kotar County, Croatia",45.3267976,14.442208,ok
"Municipality of Povljana, Zadar County, Croatia",44.3463679,15.1128389,ok
"Karlovac, Grad Karlovac, Karlovac County, Croatia",45.4892522,15.5486303,ok
"Savudrija, Grad Umag, Istria County, Croatia",45.5007791,13.5044472,ok
"Zatoglav, Opcina Rogoznica, Šibenik-Knin County, Croatia",43.5320908,15.9819287,ok
"Jelenje, Opcina Jelenje, Primorje-Gorski Kotar County, Croatia",45.4535899,14.4664657,ok
"Monterol, Umag, Grad Umag, Istria County, Croatia",45.4509082,13.5181996,ok
"Kraljevica, Grad Kraljevica, Primorje-Gorski Kotar County, Croatia",45.2741319,14.5688736,ok
"Lukacevec Toplicki, Varaždin County, Croatia",46.2123743,16.4438118,ok
"Pirovac, Šibenik-Knin County, Croatia",43.8169387,15.6678671,ok
"Dobrodol, City of Zagreb, Croatia",45.8602326,16.0982392,ok
"Kozino, Grad Zadar, Zadar County, Croatia",44.1710867,15.1940812,ok
"Dramalj, Crikvenica, Grad Crikvenica, Primorje-Gorski Kotar County, Croatia",45.1931397,14.6683661,ok
"Dobropoljana, Opcina Pasman, Zadar County, Croatia",43.9913922,15.3234975,ok
"Mastrinka, Split-Dalmatia County, Croatia",43.5122376,16.2831142,ok
"Basanija, Grad Umag, Istria County, Croatia",45.4855524,13.499998,ok
"Mokosica, Grad Dubrovnik, Dubrovnik-Neretva County, Croatia",42.6753251,18.0941875,ok
"Dubrovnik, Grad Dubrovnik, Dubrovnik-Neretva County, Croatia",42.6487363,18.0946802,ok
"Lumbarda, Opcina Lumbarda, Dubrovnik-Neretva County, Croatia",42.9225646,17.1690038,ok
"Bosanka, Dubrovnik, Grad Dubrovnik, Dubrovnik-Neretva County, Croatia",42.6444096,18.1261141,ok
"Novaki, Grad Sveta Nedelja, Zagreb County, Croatia",45.796828,15.8022318,ok
"Dugi Rat, Opcina Dugi Rat, Split-Dalmatia County, Croatia",43.4474302,16.6384271,ok
"Humac, Opcina Jelsa, Split-Dalmatia County, Croatia",43.1429922,16.7572138,ok
"Komiza, Grad Komiza, Split-Dalmatia County, Croatia",43.0413407,16.1141622,ok
"Jelsa, Opcina Jelsa, Split-Dalmatia County, Croatia",43.1567552,16.7520944,ok
"Tribunj, Grad Vodice, Šibenik-Knin County, Croatia",43.7561722,15.7461183,ok
"Vela Luka, Opcina Vela Luka, Dubrovnik-Neretva County, Croatia",42.9544045,16.7139563,ok
"Grad Zapresic, Zagreb County, Croatia",45.8572728,15.8050436,ok
"Novaki Bistranski, City of Zagreb, Croatia",45.8855037,15.8617381,ok
"Bjelovar, Grad Bjelovar, Bjelovar-Bilogora County, Croatia",45.8940894,16.8446773,ok
"Seget Donji, Split-Dalmatia County, Croatia",43.5179953,16.2272015,ok
"Bosana, Town of Pag, Zadar County, Croatia",44.4666581,15.0161356,ok
"Split-Dalmatia County, Croatia",43.5003407,16.8156193,ok
"Stomorska, Split-Dalmatia County, Croatia",43.3707995,16.3532058,ok
"Obrovac Sinjski, Grad Sinj, Split-Dalmatia County, Croatia",43.729676,16.6959279,ok
"Solin, Grad Solin, Split-Dalmatia County, Croatia",43.5492264,16.4785441,ok
"Poljana, Zadar County, Croatia",44.0917953,15.182839,ok
"Slatine, Grad Split, Split-Dalmatia County, Croatia",43.4994412,16.3350946,ok
"Smokvica, Opcina Smokvica, Dubrovnik-Neretva County, Croatia",42.9303211,16.8792255,ok
"Hvar, Grad Hvar, Split-Dalmatia County, Croatia",43.1797775,16.4401526,ok
"Cerje, City of Zagreb, Croatia",45.8296604,16.191469,ok
"Slano, Opcina Dubrovacko primorje, Dubrovnik-Neretva County, Croatia",42.7875595,17.8897857,ok
"Turanj, Opcina Sveti Filip i Jakov, Zadar County, Croatia",43.9670815,15.4097223,ok
"Grad Biograd na Moru, Zadar County, Croatia",43.9377147,15.4477635,ok
"Zaton, Grad Dubrovnik, Dubrovnik-Neretva County, Croatia",42.6899194,18.0385975,ok
"Kastel Novi, Split-Dalmatia County, Croatia",43.5500451,16.3392616,ok
"Podstrana, Opcina Podstrana, Split-Dalmatia County, Croatia",43.5036627,16.5384415,ok
"Sucuraj, Opcina Sucuraj, Split-Dalmatia County, Croatia",43.126707,17.1464873,ok
"Tkon, Opcina Tkon, Zadar County, Croatia",43.9079407,15.418015,ok
"Opcina Sukosan, Zadar County, Croatia",44.0463805,15.3145054,ok
"Finida, Umag, Grad Umag, Istria County, Croatia",45.3928635,13.5398613,ok
"Murter, Šibenik-Knin County, Croatia",43.799601,15.6085778,ok
"Supetar, Grad Supetar, Split-Dalmatia County, Croatia",43.3707635,16.5534079,ok
"Kastel Gomilica, Split-Dalmatia County, Croatia",43.54854,16.3994161,ok
"Svetonedeljski Breg, Grad Sveta Nedelja, Zagreb County, Croatia",45.7897986,15.7611686,ok
"Orebic, Opcina Orebic, Dubrovnik-Neretva County, Croatia",42.9776044,17.1779805,ok
"Hrvatski Leskovac, City of Zagreb, Croatia",45.7442581,15.8894332,ok
"Raslina, Grad Sibenik, Šibenik-Knin County, Croatia",43.8076112,15.8541965,ok
"Josani, Opcina Udbina, Lika-Senj County, Croatia",44.5765005,15.7486102,ok
"Klokovec, Opcina Krapinske Toplice, Krapina-Zagorje County, Croatia",46.0881193,15.828945,ok
"Kras, Primorje-Gorski Kotar County, Croatia",45.1079987,14.5987483,ok
"Gracac, Grad Skradin, Šibenik-Knin County, Croatia",43.8471164,15.8875185,ok
"Opcina Tuhelj, Krapina-Zagorje County, Croatia",46.0757316,15.7490836,ok
"Vuger Selo, City of Zagreb, Croatia",45.8778884,16.1046803,ok
"Dol, Grad Stari Grad, Split-Dalmatia County, Croatia",43.1688133,16.6156355,ok
"Bobovisca, Opcina Milna, Split-Dalmatia County, Croatia",43.3449202,16.4741947,ok
"Budenec, City of Zagreb, Croatia",45.8360585,16.1752787,ok
"Desno Sredicko, Opcina Lasinja, Karlovac County, Croatia",45.5234154,15.8838163,ok
"Bukovje Bistransko, Opcina Bistra, Zagreb County, Croatia",45.8913956,15.8571189,ok
"Budinscak, Opcina Donja Voca, Varaždin County, Croatia",46.3194369,16.039438,ok
"Slatina Pokupska, Town of Glina, Sisak-Moslavina County, Croatia",45.477478,16.015618,ok
"Grad Oroslavje, Krapina-Zagorje County, Croatia",45.9962496,15.9144491,ok
"Duba Stonska, Opcina Ston, Dubrovnik-Neretva County, Croatia",42.8740107,17.6417,ok
"Gornja Reka, Zagreb County, Croatia",45.7067709,15.6385071,ok
"Knin, Grad Knin, Šibenik-Knin County, Croatia",44.0432725,16.2028745,ok
"Micevec, City of Zagreb, Croatia",45.7529444,16.0531946,ok
"Pupnat, Grad Korcula, Dubrovnik-Neretva County, Croatia",42.9515592,17.0355861,ok
"Opcina Sveti Kriz Zacretje, Krapina-Zagorje County, Croatia",46.0800252,15.9067345,ok
"Stankovic, Opcina Orebic, Dubrovnik-Neretva County, Croatia",42.9853121,17.1942911,ok
"Kastel Kambelovac, Split-Dalmatia County, Croatia",43.5511994,16.3813079,ok
"Vrbanj, Stari Grad, Grad Stari Grad, Split-Dalmatia County, Croatia",43.1661133,16.6434317,ok
"Loviste, Opcina Orebic, Dubrovnik-Neretva County, Croatia",43.0229419,17.0316223,ok
"Turnisce Desinicko, Krapina-Zagorje County, Croatia",46.1378539,15.6729644,ok
"Bratski Dolac, Opcina Primosten, Šibenik-Knin County, Croatia",43.58554,16.0123814,ok
"Simuncevec, City of Zagreb, Croatia",45.8779244,16.0923153,ok
"Betina, Šibenik-Knin County, Croatia",43.822988,15.6045478,ok
"Drvenik Mali, Split-Dalmatia County, Croatia",43.4456074,16.0860065,ok
"Gudci, City of Velika Gorica, Zagreb County, Croatia",45.657997,15.9845734,ok
"Krapinske Toplice, Opcina Krapinske Toplice, Krapina-Zagorje County, Croatia",46.0950748,15.8423751,ok
"Jagodno, City of Velika Gorica, Zagreb County, Croatia",45.7058341,16.1425427,ok
"Velika Ludina, Opcina Velika Ludina, Sisak-Moslavina County, Croatia",45.6020777,16.592859,ok
"Vodice, Grad Vodice, Šibenik-Knin County, Croatia",43.7908985,15.7736867,ok
"Sarsoni, Opcina Viskovo, Primorje-Gorski Kotar County, Croatia",45.3883656,14.4091515,ok
"Marina, Split-Dalmatia County, Croatia",43.5138546,16.1088335,ok
"Ploce, Grad Ploce, Dubrovnik-Neretva County, Croatia",43.053232,17.4522035,ok
"Crikvenica, Grad Crikvenica, Primorje-Gorski Kotar County, Croatia",45.1737049,14.6927906,ok
"Dugo Selo, Grad Dugo Selo, Zagreb County, Croatia",45.8046533,16.2437149,ok
"Opcina Vir, Zadar County, Croatia",44.30021,15.0865158,ok
"Novo Selo Okicko, Opcina Klinca Sela, Zagreb County, Croatia",45.7391216,15.7052572,ok
"Hrusevec Kupljenski, Grad Zapresic, Zagreb County, Croatia",45.9446555,15.7928841,ok
"Momjan, Grad Buje, Istria County, Croatia",45.438578,13.7096072,ok
"Vugrovec Gornji, City of Zagreb, Croatia",45.8917895,16.0985676,ok
"Povlja, Opcina Selca, Split-Dalmatia County, Croatia",43.3331922,16.8377033,ok
"Vis, Grad Vis, Split-Dalmatia County, Croatia",43.0434206,16.1655097,ok
"Donji Stupnik, Opcina Stupnik, Zagreb County, Croatia",45.7416399,15.8653219,ok
"Razanj, Opcina Rogoznica, Šibenik-Knin County, Croatia",43.5096298,15.9772858,ok
"Rogoznica, Opcina Rogoznica, Šibenik-Knin County, Croatia",43.5333533,15.9694393,ok
"Grad Jastrebarsko, Zagreb County, Croatia",45.6637422,15.6398545,ok
"Stupnicki Obrez, City of Zagreb, Croatia",45.7669162,15.8328635,ok
"Vratarusa, Senj, Grad Senj, Lika-Senj County, Croatia",45.0219597,14.9176119,ok
"Silba, Zadar County, Croatia",44.3801212,14.6953239,ok
"Borak, Grad Omis, Split-Dalmatia County, Croatia",43.4394793,16.7066964,ok
"Zaton, Zadar County, Croatia",44.2193476,15.1717943,ok
"Podbablje Gornje, Opcina Podbablje, Split-Dalmatia County, Croatia",43.3946049,17.1729047,ok
"Janja Gora, Opcina Plaski, Karlovac County, Croatia",45.0806818,15.4314556,ok
"Prisoje, Opcina Dicmo, Split-Dalmatia County, Croatia",43.6283717,16.6110454,ok
"Krizine, Umag, Grad Umag, Istria County, Croatia",45.397567,13.5411498,ok
"Drencec, City of Zagreb, Croatia",45.8376412,16.2040602,ok
"Grad Komiza, Split-Dalmatia County, Croatia",43.044573,16.090491,ok
"Rupotine, Solin, Grad Solin, Split-Dalmatia County, Croatia",43.5655168,16.4940247,ok
"Nerezisca, Opcina Nerezisca, Split-Dalmatia County, Croatia",43.306201,16.5441396,ok
"Ogulin, Grad Ogulin, Karlovac County, Croatia",45.2658579,15.2255172,ok
"Motovun, Opcina Motovun, Istria County, Croatia",45.3367132,13.8282805,ok
"Brusje, Hvar, Grad Hvar, Split-Dalmatia County, Croatia",43.1907246,16.4879741,ok
"Puljane, Opcina Promina, Šibenik-Knin County, Croatia",43.9811879,16.0368937,ok
"Opcina Posedarje, Zadar County, Croatia",44.2111732,15.4776951,ok
"Supetarska Draga, Rab, Town of Rab, Primorje-Gorski Kotar County, Croatia",44.7954875,14.7304429,ok
"Medulin, Opcina Medulin, Istria County, Croatia",44.8303188,13.9328069,ok
"Velika Mlaka, City of Zagreb, Croatia",45.7359614,16.0300097,ok
"Rovanjska, Zadar County, Croatia",44.2515758,15.5390541,ok
"Luznica, Zapresic, Grad Zapresic, Zagreb County, Croatia",45.8679558,15.7810296,ok
"Oborovo Bistransko, Opcina Bistra, Zagreb County, Croatia",45.9135543,15.8800647,ok
"Vrsi, Zadar County, Croatia",44.2616321,15.2338453,ok
"Nin, Zadar County, Croatia",44.2430736,15.1840255,ok
"Grad Ivanic Grad, Zagreb County, Croatia",45.655455,16.3687448,ok
"Opcina Jakovlje, Zagreb County, Croatia",45.9403945,15.8462367,ok
"Selce, Crikvenica, Grad Crikvenica, Primorje-Gorski Kotar County, Croatia",45.1582241,14.7206658,ok
"Skradin, Grad Skradin, Šibenik-Knin County, Croatia",43.8178464,15.923319,ok
"Porec, Grad Porec, Istria County, Croatia",45.2314864,13.6121228,ok
"Zapresic, Grad Zapresic, Zagreb County, Croatia",45.8601188,15.8070084,ok
"Marinje Zemlje, Vis, Grad Vis, Split-Dalmatia County, Croatia",43.0294344,16.1804365,ok
"Splitska, Grad Supetar, Split-Dalmatia County, Croatia",43.3780871,16.6027886,ok
"Rudanovac, Opcina Plitvicka Jezera, Lika-Senj County, Croatia",44.7750531,15.6886501,ok
"Sveta Marina, Opcina Rasa, Istria County, Croatia",45.0360579,14.1550018,ok
"Milna, Opcina Milna, Split-Dalmatia County, Croatia",43.3224965,16.4502203,ok
"Zecevo Rogoznicko, Opcina Rogoznica, Šibenik-Knin County, Croatia",43.5449793,15.9456956,ok
"Bela, Grad Novi Marof, Varaždin County, Croatia",46.2074177,16.2552179,ok
"Bale, Opcina Bale, Istria County, Croatia",45.041053,13.786641,ok
"Nova Vas, Buje, Grad Buje, Istria County, Croatia",45.2621818,13.6590444,ok
"Sveti Lovrec, Opcina Sveti Lovrec, Istria County, Croatia",45.1762762,13.7477411,ok
"Sveta Nedelja, Grad Sveta Nedelja, Zagreb County, Croatia",45.7968126,15.776914,ok
"Lun, Lika-Senj County, Croatia",44.6859258,14.7501264,ok
"Drvenik Veliki, Split-Dalmatia County, Croatia",43.4490578,16.1467938,ok
"Blato, Opcina Blato, Dubrovnik-Neretva County, Croatia",42.9405435,16.786025,ok
"Tisno, Šibenik-Knin County, Croatia",43.7987234,15.6415407,ok
"Zdrelac, Opcina Pasman, Zadar County, Croatia",44.0107367,15.2776113,ok
"Vodnjan, Grad Vodnjan, Istria County, Croatia",44.9603387,13.8497802,ok
"Konscica, Grad Samobor, Zagreb County, Croatia",45.7650677,15.7260162,ok
"Bristivica, Split-Dalmatia County, Croatia",43.5721398,16.1593486,ok
"Starigrad Paklenica, Zadar County, Croatia",44.2950539,15.4398422,ok
"Zrnovnica, Grad Split, Split-Dalmatia County, Croatia",43.5198164,16.5485466,ok
"Sinj, Grad Sinj, Split-Dalmatia County, Croatia",43.7054647,16.6337535,ok
"Vinisce, Split-Dalmatia County, Croatia",43.4892177,16.1085358,ok
"Omis, Grad Omis, Split-Dalmatia County, Croatia",43.4434966,16.6922771,ok
"Skrip, Grad Supetar, Split-Dalmatia County, Croatia",43.3546077,16.603408,ok
"Sumartin, Opcina Selca, Split-Dalmatia County, Croatia",43.2863691,16.8696301,ok
"Municipality of Kolan, Zadar County, Croatia",44.4938821,14.9612564,ok
"Stokovci, Opcina Svetvincenat, Istria County, Croatia",45.0501185,13.8923751,ok
"Primosten, Opcina Primosten, Šibenik-Knin County, Croatia",43.5863257,15.922777,ok
"Buroli, Grad Buje, Istria County, Croatia",45.3916631,13.6033515,ok
"Opcina Vrsar, Istria County, Croatia",45.1490782,13.6063472,ok
"Kadumi, Grad Porec, Istria County, Croatia",45.2158902,13.6567847,ok
"Pustodol, Donja Stubica, Grad Donja Stubica, Krapina-Zagorje County, Croatia",45.9739938,15.9521052,ok
"Rovinjsko Selo, Opcina Kanfanar, Istria County, Croatia",45.1067374,13.714745,ok
"Opcina Podstrana, Split-Dalmatia County, Croatia",43.4903118,16.5615609,ok
"celina, Grad Omis, Split-Dalmatia County, Croatia",43.4130977,16.7393427,ok
"Varvari, Porec, Grad Porec, Istria County, Croatia",45.2246817,13.6327703,ok
"Dubrovnik-Neretva County, Croatia",42.8143166,17.3746628,ok
"Grad Pula, Istria County, Croatia",44.8702281,13.8455311,ok
"Donja Bistra, Opcina Bistra, Zagreb County, Croatia",45.9041637,15.8536716,ok
"Brisevo, Opcina Policnik, Zadar County, Croatia",44.1642493,15.305898,ok
"Podstrazje, Vis, Grad Vis, Split-Dalmatia County, Croatia",43.031007,16.212772,ok
"Kremena, Opcina Slivno, Dubrovnik-Neretva County, Croatia",42.9707333,17.5029074,ok
"Opcina Sali, Zadar County, Croatia",43.9381952,15.1633855,ok
"Pisak, Grad Omis, Split-Dalmatia County, Croatia",43.3997503,16.861899,ok
"Donje Selo, Split-Dalmatia County, Croatia",43.3996977,16.2605765,ok
"Duboka, Opcina Slivno, Dubrovnik-Neretva County, Croatia",42.945305,17.5436068,ok
"Grad Zadar, Zadar County, Croatia",44.1473709,15.2452544,ok
"Stivasnica, Opcina Rogoznica, Šibenik-Knin County, Croatia",43.5037599,15.9741255,ok
"Prizna, Grad Senj, Lika-Senj County, Croatia",44.6048554,14.9672384,ok
"Jelovice, Opcina Lanisce, Istria County, Croatia",45.4978593,13.9990198,ok
"Baska Voda, Opcina Baska Voda, Split-Dalmatia County, Croatia",43.3646282,16.9630244,ok
"Plano, Split-Dalmatia County, Croatia",43.5503081,16.2766617,ok
"Rasa, Grad Labin, Istria County, Croatia",45.080594,14.0838455,ok
"Buje, Grad Buje, Istria County, Croatia",45.4027626,13.6523333,ok
"Novalja, Lika-Senj County, Croatia",44.5561174,14.884472,ok
"Opcina Privlaka, Zadar County, Croatia",44.2611782,15.1191161,ok
"Imotski, Grad Imotski, Split-Dalmatia County, Croatia",43.4471115,17.2179703,ok
"Sevid, Split-Dalmatia County, Croatia",43.5018261,16.0359828,ok
"Kosute, Opcina Trilj, Split-Dalmatia County, Croatia",43.6279703,16.705956,ok
"Klis, Opcina Klis, Split-Dalmatia County, Croatia",43.5639703,16.5352811,ok
"Seget Vranjica, Split-Dalmatia County, Croatia",43.5098108,16.1872038,ok
"Opcina Nerezisca, Split-Dalmatia County, Croatia",43.3302745,16.5747295,ok
"Bakar, Grad Bakar, Primorje-Gorski Kotar County, Croatia",45.3066028,14.5346321,ok
"Klek, Opcina Slivno, Dubrovnik-Neretva County, Croatia",42.9455874,17.5633132,ok
"Lastovo, Dubrovnik-Neretva County, Croatia",42.750601,16.8799043,ok
"Krucica, Opcina Dubrovacko primorje, Dubrovnik-Neretva County, Croatia",42.7893427,17.8551,ok
"Valbandon, Opcina Fazana, Istria County, Croatia",44.9142399,13.8193819,ok
"Rakalj, Opcina Marcana, Istria County, Croatia",44.982763,14.044754,ok
"Bol, Opcina Bol, Split-Dalmatia County, Croatia",43.2706237,16.662187,ok
"Lokva Rogoznica, Grad Omis, Split-Dalmatia County, Croatia",43.4148427,16.7692703,ok
"cepljani, Grad Umag, Istria County, Croatia",45.4030152,13.5816434,ok
"Opatija, Grad Opatija, Primorje-Gorski Kotar County, Croatia",45.3394165,14.3052392,ok
"Kovaci, Opcina Kastelir - Labinci, Istria County, Croatia",45.3035668,13.6778371,ok
"Grad Vis, Split-Dalmatia County, Croatia",43.0593989,16.1860931,ok
"Plisko Polje, Grad Vis, Split-Dalmatia County, Croatia",43.0342379,16.1835513,ok
"Srima, Vodice, Grad Vodice, Šibenik-Knin County, Croatia",43.7457531,15.8020062,ok
"Mirca, Supetar, Grad Supetar, Split-Dalmatia County, Croatia",43.3818692,16.5226771,ok
"Visnjan, Opcina Visnjan, Istria County, Croatia",45.2759561,13.7201515,ok
"Poljica, Primorje-Gorski Kotar County, Croatia",45.0848852,14.4916043,ok
"Beram, Grad Pazin, Istria County, Croatia",45.2522005,13.9001167,ok
"Zarace, Grad Hvar, Split-Dalmatia County, Croatia",43.1528861,16.5159618,ok
"Sisan, Opcina Liznjan, Istria County, Croatia",44.8507468,13.9426065,ok
"Ugljan, Opcina Preko, Zadar County, Croatia",44.0840638,15.1586304,ok
"Drace, Opcina Janjina, Dubrovnik-Neretva County, Croatia",42.9296833,17.4486265,ok
"Gradac, Opcina Gradac, Split-Dalmatia County, Croatia",43.1059566,17.3623305,ok
"Podgorje, Opcina Orebic, Dubrovnik-Neretva County, Croatia",42.9815197,17.1594851,ok
"Fazana, Opcina Fazana, Istria County, Croatia",44.9326516,13.8067389,ok
"Smoljanci, Opcina Svetvincenat, Istria County, Croatia",45.0912116,13.8432785,ok
"Krnica, Opcina Marcana, Istria County, Croatia",44.9732953,14.0162274,ok
"Viganj, Opcina Orebic, Dubrovnik-Neretva County, Croatia",42.9820629,17.1022127,ok
"Marcana, Opcina Marcana, Istria County, Croatia",44.9559797,13.9584372,ok
"Premantura, Opcina Medulin, Istria County, Croatia",44.8021166,13.9111814,ok
"Lovrecica, Grad Umag, Istria County, Croatia",45.3837353,13.5383436,ok
"Pasman, Opcina Pasman, Zadar County, Croatia",43.9540853,15.3490444,ok
"Valtura, Opcina Liznjan, Istria County, Croatia",44.9058492,13.9576765,ok
"Opcina Rogoznica, Šibenik-Knin County, Croatia",43.5263742,15.9693023,ok
"Stara Novalja, Novalja, Lika-Senj County, Croatia",44.5809972,14.8873102,ok
"Groznjan, Opcina Groznjan, Istria County, Croatia",45.3802469,13.7269038,ok
"Vucevica, Opcina Klis, Split-Dalmatia County, Croatia",43.6012705,16.4084172,ok
"Kmeti, Grad Umag, Istria County, Croatia",45.4496138,13.5740105,ok
"Kolocep, Grad Dubrovnik, Dubrovnik-Neretva County, Croatia",42.6721895,18.009186,ok
"Simuni, Municipality of Kolan, Zadar County, Croatia",44.4703503,14.9547908,ok
"Veprinac, Opatija, Grad Opatija, Primorje-Gorski Kotar County, Croatia",45.3353089,14.2771242,ok
"Opcina Preko, Zadar County, Croatia",44.081257,15.1876466,ok
"Grad Hvar, Split-Dalmatia County, Croatia",43.1723237,16.4421753,ok
"Trsteno, Grad Dubrovnik, Dubrovnik-Neretva County, Croatia",42.7139292,17.9764615,ok
"Moscenicka Draga, Opcina Moscenicka Draga, Primorje-Gorski Kotar County, Croatia",45.2369658,14.2493864,ok
"Rogacic, Vis, Grad Vis, Split-Dalmatia County, Croatia",43.0747132,16.1836844,ok
"Kampor, Rab, Town of Rab, Primorje-Gorski Kotar County, Croatia",44.7768332,14.7279432,ok
"Jakovici, Opcina Tinjan, Istria County, Croatia",45.209878,13.8061963,ok
"Promajna, Opcina Baska Voda, Split-Dalmatia County, Croatia",43.3348513,16.9737189,ok
"Bregi, Opatija, Grad Opatija, Primorje-Gorski Kotar County, Croatia",45.3419192,14.3046628,ok
"Brezova Gora, Opcina Bednja, Varaždin County, Croatia",46.2784528,15.9121081,ok
"Necujam, Split-Dalmatia County, Croatia",43.3827309,16.3240782,ok
"Oprtalj, Opcina Oprtalj, Istria County, Croatia",45.3746429,13.8230506,ok
"Selca, Opcina Selca, Split-Dalmatia County, Croatia",43.2894276,16.8227438,ok
"Pazin, Grad Pazin, Istria County, Croatia",45.2484468,13.9345726,ok
"Labin, Grad Labin, Istria County, Croatia",45.0943414,14.1242051,ok
"Opcina Smokvica, Dubrovnik-Neretva County, Croatia",42.9282998,16.8938571,ok
"Putini, Opcina Kanfanar, Istria County, Croatia",45.1072535,13.7443908,ok
"Nedescina, Labin, Grad Labin, Istria County, Croatia",45.1407581,14.1120035,ok
"Dracevica, Opcina Nerezisca, Split-Dalmatia County, Croatia",43.3346891,16.5316376,ok
"Kanfanar, Opcina Kanfanar, Istria County, Croatia",45.1228399,13.8384985,ok
"Opcina Postira, Split-Dalmatia County, Croatia",43.3754923,16.6279306,ok
"Kolan, Municipality of Kolan, Zadar County, Croatia",44.506253,14.9451276,ok
"Lukavec, City of Velika Gorica, Zagreb County, Croatia",45.7011134,15.9936241,ok
"Sveti Petar, Primorje-Gorski Kotar County, Croatia",44.4655608,14.5553151,ok
"Maslinica, Split-Dalmatia County, Croatia",43.3991233,16.2066175,ok
"Lokve, Opcina Lokve, Primorje-Gorski Kotar County, Croatia",45.367689,14.7521131,ok
"Gornje Selo, Split-Dalmatia County, Croatia",43.3540916,16.3413945,ok
"Gradisce, Opcina Zminj, Istria County, Croatia",45.1177175,13.9231095,ok
"Donja Stubica, Grad Donja Stubica, Krapina-Zagorje County, Croatia",45.9801727,15.9722428,ok
"Rogac, Split-Dalmatia County, Croatia",43.3944752,16.2987013,ok
"Brezovec Zelinski, Zagreb County, Croatia",45.9086711,16.2644717,ok
"Dubrava kod Sibenika, Grad Sibenik, Šibenik-Knin County, Croatia",43.7354363,15.9470448,ok
"Milna, Grad Vis, Split-Dalmatia County, Croatia",43.0399579,16.2336571,ok
"Nova Mokosica, Grad Dubrovnik, Dubrovnik-Neretva County, Croatia",42.6764327,18.1102397,ok
"Jablanac, Grad Senj, Lika-Senj County, Croatia",44.7062513,14.8977811,ok
"Lapat, Opcina Plaski, Karlovac County, Croatia",45.0698905,15.3902402,ok
"Gabonjin, Primorje-Gorski Kotar County, Croatia",45.1108593,14.5664344,ok
"Ston, Opcina Ston, Dubrovnik-Neretva County, Croatia",42.8277508,17.6851719,ok
"cara, Grad Korcula, Dubrovnik-Neretva County, Croatia",42.9359445,16.9333721,ok
"Grad Labin, Istria County, Croatia",45.0913954,14.1236014,ok
"Lopar, Municipality of Lopar, Primorje-Gorski Kotar County, Croatia",44.8299167,14.7312832,ok
"Opcina Bale, Istria County, Croatia",45.0395472,13.7846484,ok
"Brodarica, Grad Sibenik, Šibenik-Knin County, Croatia",43.6806491,15.9175023,ok
"Stari Grad, Grad Stari Grad, Split-Dalmatia County, Croatia",43.190675,16.6071842,ok
"Rukavac, Vis, Grad Vis, Split-Dalmatia County, Croatia",43.0225907,16.2105014,ok
"Vrlika, Grad Vrlika, Split-Dalmatia County, Croatia",43.9117178,16.409691,ok
"Zemunik Donji, Opcina Zemunik Donji, Zadar County, Croatia",44.1050024,15.3794791,ok
"Kali, Opcina Kali, Zadar County, Croatia",44.0528157,15.1983307,ok
"Kanal, Opcina Motovun, Istria County, Croatia",45.331093,13.8246906,ok
"Grandic Breg, Grad Ozalj, Karlovac County, Croatia",45.6491459,15.4855011,ok
"Pustike, Municipality of Kravarsko, Zagreb County, Croatia",45.5934164,16.0762427,ok
"Pozorac, Split-Dalmatia County, Croatia",43.5251873,16.1029243,ok
"Krizance, Krapina-Zagorje County, Croatia",46.0561942,15.9399165,ok
"Senj, Grad Senj, Lika-Senj County, Croatia",44.9901533,14.9021159,ok
"Kastelir, Opcina Kastelir - Labinci, Istria County, Croatia",45.3039949,13.6889872,ok
"Santalezi, Opcina Sveta Nedelja, Istria County, Croatia",45.135497,14.0963745,ok
"Danilo Biranj, Grad Sibenik, Šibenik-Knin County, Croatia",43.7276999,15.9921407,ok
"Zadvarje, Opcina Zadvarje, Split-Dalmatia County, Croatia",43.4282166,16.9105796,ok
"Perusic, Grad Benkovac, Zadar County, Croatia",44.0114099,15.6327766,ok
"Krizance, Opcina Cestica, Varaždin County, Croatia",46.3378181,16.0901007,ok
"Opcina Svetvincenat, Istria County, Croatia",45.0878365,13.8821252,ok
"Grad Zabok, Krapina-Zagorje County, Croatia",46.025686,15.9036337,ok
"Prvic Luka, Vodice, Grad Vodice, Šibenik-Knin County, Croatia",43.7250359,15.7986595,ok
"Pinezici, Opcina Marcana, Istria County, Croatia",44.9655487,13.9376,ok
"Icici, Opatija, Grad Opatija, Primorje-Gorski Kotar County, Croatia",45.3133035,14.2847559,ok
"Donja Pusca, Opcina Pusca, Zagreb County, Croatia",45.9130219,15.7792389,ok
"Hrastina, Zagreb County, Croatia",45.9054734,15.7360975,ok
"Grohote, Split-Dalmatia County, Croatia",43.3924333,16.2869384,ok
"Rab, Town of Rab, Primorje-Gorski Kotar County, Croatia",44.7756866,14.7347122,ok
"Dubrovcan, Opcina Veliko Trgovisce, Krapina-Zagorje County, Croatia",46.0555132,15.8005725,ok
"Sestanovac, Opcina Sestanovac, Split-Dalmatia County, Croatia",43.4552394,16.9164669,ok
"Kriz, Opcina Kriz, Zagreb County, Croatia",45.6634262,16.5222737,ok
"Lozisca, Opcina Milna, Split-Dalmatia County, Croatia",43.347642,16.4811881,ok
"Gornji Ostrc, Opcina Zumberak, Zagreb County, Croatia",45.7164201,15.4162836,ok
"Grad Varazdin, Varaždin County, Croatia",46.3079645,16.3378198,ok
"Pristava, Krapina-Zagorje County, Croatia",46.0743391,15.7357999,ok
"Svirce, Opcina Jelsa, Split-Dalmatia County, Croatia",43.1593251,16.6463982,ok
"Bogaz, Famagusta, Cyprus",35.3150319,33.9505624,ok
"Paralimni, Famagusta, Cyprus",35.0391526,33.9828013,ok
"Famagusta, Cyprus",35.1205261,33.9387919,ok
"Prague, Czech Republic",50.0874654,14.4212535,ok
"Brve, Prague, Czech Republic",50.0697953,14.2430568,ok
"Zelesice, Southeast, okres Brno-venkov, Jihomoravsky kraj, Czech Republic",49.1168579,16.580756,ok
"Hluboka nad Vltavou, Southwest, okres ceske Budejovice, Jihocesky kraj, Czech Republic",49.0522493,14.4342702,ok
"Ujezd u Brna, Southeast, okres Brno-venkov, Jihomoravsky kraj, Czech Republic",49.1043477,16.7573682,ok
"Northwest, okres Karlovy Vary, Karlovarsky kraj, Czech Republic",50.3676845,12.9159498,ok
"Southeast, okres Brno-mesto, Jihomoravsky kraj, Czech Republic",49.1978372,16.604352,ok
"Brezova-Olesko, Central Bohemia, okres Praha-zapad, Stredocesky kraj, Czech Republic",49.9066796,14.4053051,ok
"Rajhrad, Southeast, okres Brno-venkov, Jihomoravsky kraj, Czech Republic",49.0839531,16.6052693,ok
"Horomerice, Central Bohemia, okres Praha-zapad, Stredocesky kraj, Czech Republic",50.1309859,14.3391594,ok
"Rozkos, Prague, Czech Republic",50.0000674,14.5318405,ok
"Melnik, Central Bohemia, okres Melnik, Stredocesky kraj, Czech Republic",50.3533665,14.4918092,ok
"Marianske Lazne, Northwest, Cheb District, Karlovarsky kraj, Czech Republic",49.9569373,12.6945174,ok
"Bustehrad, Central Bohemia, okres Kladno, Stredocesky kraj, Czech Republic",50.1542541,14.189746,ok
"Premysleni, Prague, Czech Republic",50.1688897,14.4241989,ok
"Babice, Central Bohemia, okres Benesov, Stredocesky kraj, Czech Republic",49.8786187,14.6249901,ok
"Hustopece, Southeast, okres Breclav, Jihomoravsky kraj, Czech Republic",48.9507715,16.7327491,ok
"cecelice, Central Bohemia, okres Melnik, Stredocesky kraj, Czech Republic",50.2937588,14.6184682,ok
"Polerady, Brandys nad Labem-Stara Boleslav, Central Bohemia, okres Praha-vychod, Stredocesky kraj, Czech Republic",50.2006007,14.5948602,ok
"Zlonice, Central Bohemia, okres Kladno, Stredocesky kraj, Czech Republic",50.2848769,14.0782978,ok
"Dehtary, Prague, Czech Republic",50.1416519,14.6322406,ok
"Spalene Porici, Southwest, okres Plzen-jih, Plzensky kraj, Czech Republic",49.6144658,13.6043136,ok
"Sovinky, Central Bohemia, okres Mlada Boleslav, Stredocesky kraj, Czech Republic",50.3731677,14.7870766,ok
"Babice, Central Bohemia, okres Praha-vychod, Stredocesky kraj, Czech Republic",50.0016234,14.72375,ok
"Pribram na Morave, Southeast, okres Brno-venkov, Jihomoravsky kraj, Czech Republic",49.1977909,16.3038303,ok
"Northeast, okres Liberec, Liberecky kraj, Czech Republic",50.2976846,15.9075002,ok
Czech Republic,49.7439047,15.3381061,ok
"Rybnik, Northeast, okres Usti nad Orlici, Pardubicky kraj, Czech Republic",50.032399,16.1541472,ok
"Nehvizdy, Central Bohemia, okres Praha-vychod, Stredocesky kraj, Czech Republic",50.1306367,14.7299126,ok
"Veliky Brazdim, Prague, Czech Republic",50.1910873,14.5918209,ok
"Central Bohemian Region, Prague, Czech Republic",50.0512961,14.2715936,ok
"Southwest, okres Plzen-mesto, Plzensky kraj, Czech Republic",49.7693568,13.5022753,ok
"Doubravcice, Central Bohemia, okres Kolin, Stredocesky kraj, Czech Republic",50.0226608,14.7882709,ok
"Jilove u Prahy, Central Bohemia, okres Praha-zapad, Stredocesky kraj, Czech Republic",49.8952972,14.4933502,ok
"Boretice, Central Bohemia, okres Kolin, Stredocesky kraj, Czech Republic",49.96919,15.16994,ok
"Osnice, Central Bohemia, okres Praha-zapad, Stredocesky kraj, Czech Republic",49.9693427,14.5514195,ok
"Cheb, Northwest, Cheb District, Karlovarsky kraj, Czech Republic",50.0735304,12.38057,ok
"Zlata, Central Bohemia, okres Praha-vychod, Stredocesky kraj, Czech Republic",50.0402805,14.7098686,ok
"Pribram, Central Bohemia, okres Pribram, Stredocesky kraj, Czech Republic",49.7161229,14.0951356,ok
"Lipuvka, Southeast, okres Blansko, Jihomoravsky kraj, Czech Republic",49.3402618,16.5529088,ok
"Kladno, Central Bohemia, okres Kladno, Stredocesky kraj, Czech Republic",50.1277607,14.1138009,ok
"Beroun, Central Bohemia, okres Beroun, Stredocesky kraj, Czech Republic",49.9323352,14.0179481,ok
"Skochovice, Prague, Czech Republic",49.9256361,14.3742526,ok
"Suchomasty, Central Bohemia, okres Beroun, Stredocesky kraj, Czech Republic",49.8959421,14.0612897,ok
"Hradistko, Central Bohemia, okres Nymburk, Stredocesky kraj, Czech Republic",50.1661765,14.9366467,ok
"Statenice, Central Bohemia, okres Praha-zapad, Stredocesky kraj, Czech Republic",50.1433314,14.3197237,ok
"Slabce, Central Bohemia, okres Rakovnik, Stredocesky kraj, Czech Republic",49.9996689,13.7126135,ok
"Milin, Central Bohemia, okres Pribram, Stredocesky kraj, Czech Republic",49.6323853,14.0216907,ok
"Strizovice, Central Bohemia, okres Mlada Boleslav, Stredocesky kraj, Czech Republic",50.32501,14.70105,ok
"Brodce, Central Bohemia, okres Mlada Boleslav, Stredocesky kraj, Czech Republic",50.3228904,14.8726477,ok
"Boc, Northwest, okres Karlovy Vary, Karlovarsky kraj, Czech Republic",50.3595163,13.0826021,ok
"Roblin, Central Bohemia, okres Praha-zapad, Stredocesky kraj, Czech Republic",49.9618,14.24811,ok
"Teplice, Northwest, okres Teplice, Ustecky kraj, Czech Republic",50.1285283,13.2362881,ok
"cesky Krumlov, Southwest, okres cesky Krumlov, Jihocesky kraj, Czech Republic",48.8106526,14.3150586,ok
"Samechov, Central Bohemia, okres Benesov, Stredocesky kraj, Czech Republic",49.8861084,14.834957,ok
"Lsteni, Central Bohemia, okres Benesov, Stredocesky kraj, Czech Republic",49.8654454,14.7172905,ok
"Mlada Boleslav, Central Bohemia, okres Mlada Boleslav, Stredocesky kraj, Czech Republic",50.4359699,14.9096219,ok
"Naceradec, Central Bohemia, okres Benesov, Stredocesky kraj, Czech Republic",49.583832,14.969452,ok
"Slany, Central Bohemia, okres Kladno, Stredocesky kraj, Czech Republic",50.2045872,14.0709911,ok
"Central Bohemia, okres Benesov, Stredocesky kraj, Czech Republic",50.0601579,13.8307479,ok
"Milovice, Central Bohemia, okres Nymburk, Stredocesky kraj, Czech Republic",50.2292404,14.8818384,ok
"Rasovice, Central Bohemia, okres Kutna Hora, Stredocesky kraj, Czech Republic",49.88237,15.10172,ok
"Vlasim, Central Bohemia, okres Benesov, Stredocesky kraj, Czech Republic",49.704726,14.8948305,ok
"Nymburk, Central Bohemia, okres Nymburk, Stredocesky kraj, Czech Republic",50.1841637,15.0412457,ok
"Dolni Bousov, Central Bohemia, okres Mlada Boleslav, Stredocesky kraj, Czech Republic",50.4416377,15.1319854,ok
"Central Moravia, okres Olomouc, Olomouc Region, Czech Republic",49.6518253,17.2886744,ok
"Northwest, okres Usti nad Labem, Ustecky kraj, Czech Republic",50.4730763,13.7460628,ok
"Planany, Central Bohemia, okres Kolin, Stredocesky kraj, Czech Republic",50.0445137,15.0271911,ok
"Neratovice, Central Bohemia, okres Melnik, Stredocesky kraj, Czech Republic",50.268897,14.5149507,ok
"Turnov, Northeast, okres Semily, Liberecky kraj, Czech Republic",50.5870627,15.1388445,ok
"Smecno, Central Bohemia, okres Kladno, Stredocesky kraj, Czech Republic",50.1883868,14.0374066,ok
"Southwest, okres ceske Budejovice, Jihocesky kraj, Czech Republic",48.9325791,14.45472,ok
"Prehvozdi, Central Bohemia, okres Kolin, Stredocesky kraj, Czech Republic",50.0279074,14.8398664,ok
"Zizice, Central Bohemia, okres Kladno, Stredocesky kraj, Czech Republic",50.246101,14.152843,ok
"Sobesice, Southeast, okres Brno-mesto, Jihomoravsky kraj, Czech Republic",49.2566145,16.6222747,ok
"Hradistko, Central Bohemia, okres Praha-zapad, Stredocesky kraj, Czech Republic",49.8680393,14.410388,ok
"Svojsice, Central Bohemia, okres Kolin, Stredocesky kraj, Czech Republic",50.00343,15.04326,ok
"Kurim, Southeast, okres Brno-venkov, Jihomoravsky kraj, Czech Republic",49.3009927,16.5346371,ok
"Trebel, Southwest, okres Tachov, Plzensky kraj, Czech Republic",49.8170985,12.8497811,ok
"Mukarov, Central Bohemia, okres Praha-vychod, Stredocesky kraj, Czech Republic",49.9943432,14.7414851,ok
"Velebudice, Northwest, okres Most, Ustecky kraj, Czech Republic",50.4835657,13.6410624,ok
"Ivancice, Southeast, okres Brno-venkov, Jihomoravsky kraj, Czech Republic",49.1017832,16.3772416,ok
"Trutnov, Northeast, okres Trutnov, Kralovehradecky kraj, Czech Republic",50.5646095,15.9112992,ok
"Zezice, Northwest, okres Usti nad Labem, Ustecky kraj, Czech Republic",49.6535947,13.9960097,ok
"Belsky Les, Moravia-Silesia, okres Ostrava-mesto, Moravskoslezsky kraj, Czech Republic",49.7792342,18.2495305,ok
"Moravia-Silesia, okres Ostrava-mesto, Moravskoslezsky kraj, Czech Republic",49.8412182,18.1786137,ok
"Sokolov, Northwest, Sokolov District, Karlovarsky kraj, Czech Republic",50.1861158,12.6445568,ok
"Most, Northwest, okres Most, Ustecky kraj, Czech Republic",50.5032737,13.636112,ok
"Ostrov, Northwest, okres Karlovy Vary, Karlovarsky kraj, Czech Republic",50.3019018,12.9571803,ok
"Olesnice, Northwest, okres Usti nad Labem, Ustecky kraj, Czech Republic",49.5577012,16.4223306,ok
"Raspenava, Northeast, okres Liberec, Liberecky kraj, Czech Republic",50.89649,15.1316237,ok
"Trebohostice, Central Bohemia, okres Praha-vychod, Stredocesky kraj, Czech Republic",50.0374007,14.7202397,ok
"Jindrichuv Hradec, Southwest, okres Jindrichuv Hradec, Jihocesky kraj, Czech Republic",49.1443265,15.003354,ok
"Nova Role, Northwest, okres Karlovy Vary, Karlovarsky kraj, Czech Republic",50.2735322,12.7800479,ok
"Otvovice, Central Bohemia, okres Kladno, Stredocesky kraj, Czech Republic",50.2102772,14.2702581,ok
"Kolin, Central Bohemia, okres Kolin, Stredocesky kraj, Czech Republic",50.0253305,15.2143999,ok
"Horovice, Central Bohemia, okres Beroun, Stredocesky kraj, Czech Republic",49.8430327,13.8987802,ok
"Chyne, Central Bohemia, okres Praha-zapad, Stredocesky kraj, Czech Republic",50.0610945,14.2293569,ok
"Breznice, Central Bohemia, okres Pribram, Stredocesky kraj, Czech Republic",49.557412,13.9495461,ok
"Rabi, Southwest, okres Klatovy, Plzensky kraj, Czech Republic",49.2809304,13.6188949,ok
"Tuchomerice, Central Bohemia, okres Praha-zapad, Stredocesky kraj, Czech Republic",50.1338431,14.279346,ok
"Kralupy nad Vltavou, Central Bohemia, okres Melnik, Stredocesky kraj, Czech Republic",50.2383196,14.3127793,ok
"Stanovice, Northwest, okres Karlovy Vary, Karlovarsky kraj, Czech Republic",50.4007488,15.8714928,ok
"Zbecno, Central Bohemia, okres Rakovnik, Stredocesky kraj, Czech Republic",50.0403371,13.9212541,ok
"Netvorice, Central Bohemia, okres Benesov, Stredocesky kraj, Czech Republic",49.8128388,14.4878048,ok
"Kamenne Zehrovice, Central Bohemia, okres Kladno, Stredocesky kraj, Czech Republic",50.140245,14.0381907,ok
"Rokytovec, Central Bohemia, okres Mlada Boleslav, Stredocesky kraj, Czech Republic",50.4065367,14.8316777,ok
"Komarov, Central Bohemia, okres Beroun, Stredocesky kraj, Czech Republic",49.8056639,13.8573072,ok
"Rovna, Northwest, Sokolov District, Karlovarsky kraj, Czech Republic",50.1028273,12.6673108,ok
"Brezany II, Central Bohemia, okres Kolin, Stredocesky kraj, Czech Republic",50.0937663,14.8047188,ok
"Horousanky, Prague, Czech Republic",50.0984103,14.7245033,ok
"Radejovice, Central Bohemia, okres Praha-vychod, Stredocesky kraj, Czech Republic",49.946795,14.5644029,ok
"Stupice, Prague, Czech Republic",50.0520606,14.6460117,ok
"Trhovy Stepanov, Central Bohemia, okres Benesov, Stredocesky kraj, Czech Republic",49.7074121,15.0100336,ok
"Tremosnice, Central Bohemia, okres Benesov, Stredocesky kraj, Czech Republic",49.817665,14.866845,ok
"Radim, Central Bohemia, okres Kolin, Stredocesky kraj, Czech Republic",50.0732712,15.00731,ok
"Lhotka, Northeast, okres Usti nad Orlici, Pardubicky kraj, Czech Republic",50.1046345,16.5588228,ok
"Vrbcany, Central Bohemia, okres Kolin, Stredocesky kraj, Czech Republic",50.050512,14.9922867,ok
"Velke Popovice, Central Bohemia, okres Praha-vychod, Stredocesky kraj, Czech Republic",49.9254997,14.6290978,ok
"Sucha, Northwest, okres Karlovy Vary, Karlovarsky kraj, Czech Republic",50.3733908,12.9575651,ok
"Zavadilka, Southwest, okres ceske Budejovice, Jihocesky kraj, Czech Republic",48.990332,14.4277183,ok
"Liben, Prague, Czech Republic",50.112554,14.4728562,ok
"Trebon, Southwest, okres Jindrichuv Hradec, Jihocesky kraj, Czech Republic",49.0014564,14.7806583,ok
"Sestajovice, Central Bohemia, okres Praha-vychod, Stredocesky kraj, Czech Republic",50.1081564,14.6813594,ok
"Jesenice, Central Bohemia, okres Praha-zapad, Stredocesky kraj, Czech Republic",49.958699,14.528097,ok
"Klicany, Central Bohemia, okres Praha-vychod, Stredocesky kraj, Czech Republic",50.1999747,14.4309423,ok
"Vlkovec, Central Bohemia, okres Benesov, Stredocesky kraj, Czech Republic",49.874904,14.8143272,ok
"Benesov, Central Bohemia, okres Benesov, Stredocesky kraj, Czech Republic",49.7028913,14.8946931,ok
"Syrovice, Southeast, okres Brno-venkov, Jihomoravsky kraj, Czech Republic",49.0782531,16.5482238,ok
"Kostelec nad cernymi lesy, Central Bohemia, okres Praha-vychod, Stredocesky kraj, Czech Republic",49.9941333,14.8596313,ok
"Kamyk, Prague, Czech Republic",50.0143942,14.4375479,ok
"Vestec, Central Bohemia, okres Praha-zapad, Stredocesky kraj, Czech Republic",49.9780456,14.4853016,ok
"Bubovice, Central Bohemia, okres Beroun, Stredocesky kraj, Czech Republic",49.970681,14.1545482,ok
"Milesovice, Southeast, okres Vyskov, Jihomoravsky kraj, Czech Republic",49.0823609,16.8547071,ok
"Vehlovice, Central Bohemia, okres Melnik, Stredocesky kraj, Czech Republic",50.3922046,14.4628347,ok
"Odlochovice, Central Bohemia, okres Benesov, Stredocesky kraj, Czech Republic",49.6284198,14.7656554,ok
"Mutejovice, Central Bohemia, okres Rakovnik, Stredocesky kraj, Czech Republic",50.2171556,13.7045071,ok
"Dolni Ujezd, Northeast, okres Svitavy, Pardubicky kraj, Czech Republic",49.8211684,16.2498321,ok
"Divisov, Central Bohemia, okres Benesov, Stredocesky kraj, Czech Republic",49.7884453,14.8766732,ok
"Veselka, Southeast, okres Brno-mesto, Jihomoravsky kraj, Czech Republic",49.6627319,14.6265184,ok
"Drisy, Central Bohemia, okres Praha-vychod, Stredocesky kraj, Czech Republic",50.2427472,14.634419,ok
"Nupaky, Central Bohemia, okres Praha-vychod, Stredocesky kraj, Czech Republic",49.9947215,14.6026861,ok
"Tabor, Southwest, okres Tabor, Jihocesky kraj, Czech Republic",49.4141533,14.6587234,ok
"Libusin, Central Bohemia, okres Kladno, Stredocesky kraj, Czech Republic",50.1693819,14.0574044,ok
"Letky, Prague, Czech Republic",50.1882502,14.370537,ok
"ricany, Central Bohemia, okres Praha-vychod, Stredocesky kraj, Czech Republic",49.9919444,14.6542365,ok
"Jicin, Northeast, okres Jicin, Kralovehradecky kraj, Czech Republic",50.4369334,15.3542924,ok
"Kuri, Prague, Czech Republic",50.0919664,14.417832,ok
"Rousinov, Southeast, okres Vyskov, Jihomoravsky kraj, Czech Republic",49.2029466,16.8852424,ok
"Blazovice, Southeast, okres Brno-venkov, Jihomoravsky kraj, Czech Republic",49.165706,16.7858382,ok
"Sobotovice, Southeast, okres Brno-venkov, Jihomoravsky kraj, Czech Republic",49.0591394,16.558039,ok
"Mnichovice, Central Bohemia, okres Praha-vychod, Stredocesky kraj, Czech Republic",49.9455658,14.7295715,ok
"Odolena Voda, Central Bohemia, okres Praha-vychod, Stredocesky kraj, Czech Republic",50.2254514,14.4023209,ok
"Habry, Southeast, okres Havlickuv Brod, Kraj Vysocina, Czech Republic",49.7563311,15.4853352,ok
"Slapanice, Southeast, okres Brno-venkov, Jihomoravsky kraj, Czech Republic",49.1688974,16.7272687,ok
"Lounovice, Central Bohemia, okres Praha-vychod, Stredocesky kraj, Czech Republic",49.98257,14.76109,ok
"Studene, Central Bohemia, okres Praha-zapad, Stredocesky kraj, Czech Republic",50.0670109,16.5899062,ok
"Podlesin, Central Bohemia, okres Kladno, Stredocesky kraj, Czech Republic",50.2181865,14.1557685,ok
"Litomysl, Northeast, okres Svitavy, Pardubicky kraj, Czech Republic",49.8144227,16.1632887,ok
"Mikulov, Southeast, okres Breclav, Jihomoravsky kraj, Czech Republic",48.7806407,16.6100287,ok
"Karlstejn, Central Bohemia, okres Beroun, Stredocesky kraj, Czech Republic",49.9394004,14.1882165,ok
"Orechov, Southeast, okres Brno-venkov, Jihomoravsky kraj, Czech Republic",49.1115428,16.5181641,ok
"Ivanovice, Southeast, okres Brno-mesto, Jihomoravsky kraj, Czech Republic",49.2585817,16.5793906,ok
"Hyskov, Central Bohemia, okres Beroun, Stredocesky kraj, Czech Republic",49.9877049,14.0473856,ok
"Dolni Brezany, Central Bohemia, okres Praha-zapad, Stredocesky kraj, Czech Republic",49.9633609,14.4581344,ok
"Hrusova, Northeast, okres Usti nad Orlici, Pardubicky kraj, Czech Republic",49.9111604,16.1966273,ok
"Chudcice, Southeast, okres Brno-venkov, Jihomoravsky kraj, Czech Republic",49.2876276,16.4595572,ok
"Nebovidy, Southeast, okres Brno-venkov, Jihomoravsky kraj, Czech Republic",49.1349868,16.5309371,ok
"Dvorska, Southeast, okres Brno-mesto, Jihomoravsky kraj, Czech Republic",49.138443,16.7006915,ok
"Sudovo Hlavno, Central Bohemia, okres Praha-vychod, Stredocesky kraj, Czech Republic",50.2622503,14.6849265,ok
"Slapy, Central Bohemia, okres Praha-zapad, Stredocesky kraj, Czech Republic",49.8247786,14.4346843,ok
"Savonlinna, Mainland, Savonlinnan seutukunta, Regional State Administrative Agency for Eastern, Finland",61.8699236,28.8800088,ok
"Kiukainen, Mainland, Rauman seutukunta, South-Western, Finland",61.2071704,22.0832479,ok
"Nastola, Mainland, Lahden seutukunta, Southern, Finland",60.9481563,25.9339026,ok
"Nurmes, Mainland, Pielisen Karjalan seutukunta, Regional State Administrative Agency for Eastern, Finland",63.5421379,29.1407423,ok
"Vuolijoki, Mainland, Kajaanin seutukunta, Regional State Administrative Agency for Northern, Finland",64.181826,27.0009752,ok
"Leppaevirta, Mainland, Varkauden seutukunta, Regional State Administrative Agency for Eastern, Finland",,,not_found
"Komsi, Mainland, Suupohjan seutukunta, Western and Central, Finland",62.4772796,22.8126877,ok
"Mainland, Lahden seutukunta, Southern, Finland",64.7802687,26.9847699,ok
"Mainland, Oulun seutukunta, Regional State Administrative Agency for Northern, Finland",64.7802687,26.9847699,ok
"Kemi, Mainland, Kemi-Tornion seutukunta, Lapland, Finland",65.7333404,24.5666495,ok
"Mainland, Kuopio sub-region, Regional State Administrative Agency for Eastern, Finland",64.7802687,26.9847699,ok
"Valkeakoski, Mainland, Etelae-Pirkanmaan seutukunta, Western and Central, Finland",61.2655907,24.0304573,ok
"Yli-Raumo, Mainland, Kemi-Tornion seutukunta, Lapland, Finland",65.8481184,24.2281944,ok
"Hollola, Mainland, Lahden seutukunta, Southern, Finland",60.9876102,25.516422,ok
"Mainland, Kouvolan seutukunta, Southern, Finland",64.7802687,26.9847699,ok
"Kitee, Mainland, Keski-Karjalan seutukunta, Regional State Administrative Agency for Eastern, Finland",62.1001947,30.1356168,ok
"Karhula, Mainland, Kotkan-Haminan seutukunta, Southern, Finland",60.5152168,26.9331368,ok
"Lieksa, Mainland, Pielisen Karjalan seutukunta, Regional State Administrative Agency for Eastern, Finland",63.3184599,30.026469,ok
"Virrat, Mainland, Ylae-Pirkanmaan seutukunta, Western and Central, Finland",62.2401004,23.7712375,ok
"Varkaus, Mainland, Varkauden seutukunta, Regional State Administrative Agency for Eastern, Finland",62.3151698,27.8748346,ok
"Keminmaa, Mainland, Kemi-Tornion seutukunta, Lapland, Finland",65.803014,24.5208776,ok
"Hirvensalmi, Mainland, Mikkelin seutukunta, Regional State Administrative Agency for Eastern, Finland",61.6413044,26.7763836,ok
"Saarenkylae, Mainland, Rovaniemen seutukunta, Lapland, Finland",67.6922371,26.728139,ok
"Haukivuori, Mainland, Mikkelin seutukunta, Regional State Administrative Agency for Eastern, Finland",61.9619118,25.3924674,ok
"Paavola, Mainland, Raahen seutukunta, Regional State Administrative Agency for Northern, Finland",60.9824148,25.6747281,ok
"Ilmajoki, Mainland, Seinaejoen seutukunta, Western and Central, Finland",62.731342,22.5797719,ok
"Kemijaervi, Mainland, Itae-Lapin seutukunta, Lapland, Finland",67.6922371,26.728139,ok
"Sinilaehde, Heinola, Mainland, Lahden seutukunta, Southern, Finland",61.1407445,23.7493369,ok
"Saarivaara, Polvijaervi, Mainland, Joensuun seutukunta, Regional State Administrative Agency for Eastern, Finland",62.2754804,30.8065653,ok
"Etelaenkylae, Mainland, Raahen seutukunta, Regional State Administrative Agency for Northern, Finland",,,not_found
"Pulkkila, Mainland, Haapaveden-Siikalatvan seutukunta, Regional State Administrative Agency for Northern, Finland",64.2729208,25.867361,ok
"Saloinen, Raahe, Mainland, Raahen seutukunta, Regional State Administrative Agency for Northern, Finland",64.6561328,24.4679606,ok
"Vaelikylae, Mainland, Torniolaakson seutukunta, Lapland, Finland",67.6922371,26.728139,ok
"Kirjavala, Mainland, Imatran seutukunta, Southern, Finland",61.6677003,29.6469283,ok
"Kittilae, Mainland, Tunturi-Lapin seutukunta, Lapland, Finland",67.6922371,26.728139,ok
"Tuusniemi, Mainland, North Eastern Savonia, Regional State Administrative Agency for Eastern, Finland",62.8129715,28.473989,ok
"Outokumpu, Mainland, Joensuun seutukunta, Regional State Administrative Agency for Eastern, Finland",62.7255326,29.0186972,ok
"Kesaelahti, Mainland, Keski-Karjalan seutukunta, Regional State Administrative Agency for Eastern, Finland",,,not_found
"Eno, Mainland, Joensuun seutukunta, Regional State Administrative Agency for Eastern, Finland",62.7990624,30.1555575,ok
"Tervola, Mainland, Kemi-Tornion seutukunta, Lapland, Finland",66.0822914,24.8058841,ok
"Immula, Karjalohja, Mainland, Helsinki sub-region, Southern, Finland",60.2648172,24.1638077,ok
"Pello, Mainland, Torniolaakson seutukunta, Lapland, Finland",66.7747332,23.9676822,ok
"Pulkkila, Mainland, Lahden seutukunta, Southern, Finland",64.2729208,25.867361,ok
"Roeykkae, Mainland, Helsinki sub-region, Southern, Finland",61.1407445,23.7493369,ok
"Hankasalmi, Mainland, Jyväskylä sub-region, Western and Central, Finland",62.3893471,26.4367772,ok
"Puhjo, Mainland, Kouvolan seutukunta, Southern, Finland",60.9233842,26.8485941,ok
"Porvoo, Mainland, Porvoon seutukunta, Southern, Finland",60.3944372,25.661997,ok
"Tapionkylae, Mainland, Rovaniemen seutukunta, Lapland, Finland",67.6922371,26.728139,ok
"Tyrnaevae, Mainland, Oulun seutukunta, Regional State Administrative Agency for Northern, Finland",,,not_found
"Kvimo, Mainland, Vaasa sub-region, Western and Central, Finland",63.2715464,22.1258139,ok
"Meltosjaervi, Mainland, Torniolaakson seutukunta, Lapland, Finland",67.6922371,26.728139,ok
"Puujaa, Mainland, Riihimaeen seutukunta, Southern, Finland",60.8206335,24.9342087,ok
"Ranua, Mainland, Rovaniemen seutukunta, Lapland, Finland",65.9276817,26.5131044,ok
"Kaerkoelaen kirkonkylae, Hollola, Mainland, Lahden seutukunta, Southern, Finland",61.1407445,23.7493369,ok
"Tornio, Mainland, Kemi-Tornion seutukunta, Lapland, Finland",65.8457589,24.1464,ok
"Kyminkartano, Mainland, Kotkan-Haminan seutukunta, Southern, Finland",60.5116628,26.8799842,ok
"Hyvinkaeae, Mainland, Helsinki sub-region, Southern, Finland",61.1407445,23.7493369,ok
"Riihimaeki, Mainland, Riihimaeen seutukunta, Southern, Finland",61.1407445,23.7493369,ok
"Vihti, Mainland, Helsinki sub-region, Southern, Finland",60.4169963,24.323664,ok
"Yppaeri, Pyhaejoki, Mainland, Raahen seutukunta, Regional State Administrative Agency for Northern, Finland",,,not_found
"Pieksaemaeki, Mainland, Pieksaemaeen seutukunta, Regional State Administrative Agency for Eastern, Finland",,,not_found
"Hollolan kirkonkylae, Mainland, Lahden seutukunta, Southern, Finland",61.1407445,23.7493369,ok
"Raahe, Mainland, Raahen seutukunta, Regional State Administrative Agency for Northern, Finland",64.6845313,24.4816349,ok
"Pihkoo, Mainland, Kotkan-Haminan seutukunta, Southern, Finland",60.5180779,26.8590258,ok
"Kylaejoki, Mainland, Kemi-Tornion seutukunta, Lapland, Finland",67.6922371,26.728139,ok
"Kuoppala, Mainland, Saarijaervi-Viitasaari, Western and Central, Finland",63.2278852,22.6510671,ok
"Mainland, Rovaniemen seutukunta, Lapland, Finland",66.4920571,25.6460504,ok
"Kaerenkulma, Mainland, Kotkan-Haminan seutukunta, Southern, Finland",61.1407445,23.7493369,ok
"Lohja, Mainland, Helsinki sub-region, Southern, Finland",60.2512041,24.0676953,ok
"Sintsi, Mainland, Keski-Karjalan seutukunta, Regional State Administrative Agency for Eastern, Finland",62.356308,29.9158989,ok
"Horsmanaho, Mainland, Joensuun seutukunta, Regional State Administrative Agency for Eastern, Finland",62.8297496,29.252027,ok
"Saukkoriipi, Mainland, Torniolaakson seutukunta, Lapland, Finland",66.807687,24.2403847,ok
"Ruukki, Mainland, Raahen seutukunta, Regional State Administrative Agency for Northern, Finland",61.2222848,26.2582177,ok
"Tikkakoski, Mainland, Jyväskylä sub-region, Western and Central, Finland",62.389702,25.6458923,ok
"Keltti, Mainland, Kouvolan seutukunta, Southern, Finland",60.8782288,26.5996156,ok
"Kiiminki, Mainland, Oulun seutukunta, Regional State Administrative Agency for Northern, Finland",65.1299324,25.7773028,ok
"Ylaenummi, Mainland, Kotkan-Haminan seutukunta, Southern, Finland",61.1407445,23.7493369,ok
"Puolanka, Mainland, Kehys-Kainuun seutukunta, Regional State Administrative Agency for Northern, Finland",64.8729778,27.6552537,ok
"Loviisa, Mainland, Loviisan seutukunta, Southern, Finland",60.4570123,26.2256448,ok
"Keltti, Koria, Mainland, Kouvolan seutukunta, Southern, Finland",60.8782288,26.5996156,ok
"Ilola, Mainland, Porvoon seutukunta, Southern, Finland",60.3289617,25.0139946,ok
"Vantaa, Mainland, Riihimaeen seutukunta, Southern, Finland",60.2929883,25.0436744,ok
"Tesjoki, Mainland, Loviisan seutukunta, Southern, Finland",60.4737626,26.314017,ok
"Suonenjoki, Mainland, Sisae-Savon seutukunta, Regional State Administrative Agency for Eastern, Finland",62.6241926,27.1245609,ok
"Myrskylae, Mainland, Porvoon seutukunta, Southern, Finland",61.1407445,23.7493369,ok
"Aengeslevae, Mainland, Oulun seutukunta, Regional State Administrative Agency for Northern, Finland",,,not_found
"Rajamaeki, Mainland, Helsinki sub-region, Southern, Finland",61.1407445,23.7493369,ok
"Kempele, Mainland, Oulun seutukunta, Regional State Administrative Agency for Northern, Finland",64.91245,25.5108223,ok
"Niittylahti, Reijola, Mainland, Joensuun seutukunta, Regional State Administrative Agency for Eastern, Finland",62.5149938,29.8561153,ok
"Enokunta, Mainland, Tampereen seutukunta, Western and Central, Finland",61.7160662,24.1124695,ok
"Hamari, Porvoo, Mainland, Porvoon seutukunta, Southern, Finland",60.363428,25.6404757,ok
"Kaarniemi, Mainland, Kotkan-Haminan seutukunta, Southern, Finland",60.5419783,26.9917426,ok
"Vaala, Mainland, Regional State Administrative Agency for Northern, Finland",64.5565274,26.8466518,ok
"Voitby, Mainland, Vaasa sub-region, Western and Central, Finland",63.1040492,21.8853152,ok
"Lyyskilae, Mainland, Kyroenmaan seutukunta, Western and Central, Finland",22.2798877,114.1573541,ok
"Nokia, Mainland, Tampereen seutukunta, Western and Central, Finland",61.4781666,23.5096158,ok
"Kello, Haukipudas, Mainland, Oulun seutukunta, Regional State Administrative Agency for Northern, Finland",65.1295513,25.3561805,ok
"Vikajaervi, Mainland, Rovaniemen seutukunta, Lapland, Finland",67.6922371,26.728139,ok
"Muukko, Mainland, Lappeenrannan seutukunta, Southern, Finland",61.090341,28.3543861,ok
"Siitama, Mainland, Tampereen seutukunta, Western and Central, Finland",61.6073961,24.2349156,ok
"Sihtuuna, Mainland, Kemi-Tornion seutukunta, Lapland, Finland",66.1754455,24.6553881,ok
"Palonkylae, Mainland, Seinaejoen seutukunta, Western and Central, Finland",22.2798877,114.1573541,ok
"Mainland, Seinaejoen seutukunta, Western and Central, Finland",64.7802687,26.9847699,ok
"Petaejaevesi, Mainland, Jyväskylä sub-region, Western and Central, Finland",22.2798877,114.1573541,ok
"Asemaperae, Mainland, Oulun seutukunta, Regional State Administrative Agency for Northern, Finland",,,not_found
"Mainland, Salon seutukunta, South-Western, Finland",64.7802687,26.9847699,ok
"Soedra Vallgrund, Mainland, Vaasa sub-region, Western and Central, Finland",22.2798877,114.1573541,ok
"Kukkola, Mainland, Kemi-Tornion seutukunta, Lapland, Finland",65.9740729,24.0678377,ok
"Siltakylae, Mainland, Kotkan-Haminan seutukunta, Southern, Finland",61.1407445,23.7493369,ok
"Vasarankylae, Mainland, Loviisan seutukunta, Southern, Finland",61.1407445,23.7493369,ok
"Mainland, Lappeenrannan seutukunta, Southern, Finland",64.7802687,26.9847699,ok
"Hamina, Mainland, Kotkan-Haminan seutukunta, Southern, Finland",60.5683467,27.1925862,ok
"Utajaervi, Mainland, Oulunkaaren seutukunta, Regional State Administrative Agency for Northern, Finland",,,not_found
"Urjalankylae, Mainland, Etelae-Pirkanmaan seutukunta, Western and Central, Finland",22.2798877,114.1573541,ok
"Konttila, Mainland, Haemeenlinnan seutukunta, Southern, Finland",60.9077393,24.66748,ok
"Sorronniemi, Mainland, Kouvolan seutukunta, Southern, Finland",60.9523104,26.3948256,ok
"Pentinmaeki, Kausala, Mainland, Kouvolan seutukunta, Southern, Finland",61.1407445,23.7493369,ok
"Vakkola, Mainland, Porvoon seutukunta, Southern, Finland",60.51621,25.5973745,ok
"Mainland, Helsinki sub-region, Southern, Finland",60.1725502,24.9329194,ok
"Mainland, Vaasa sub-region, Western and Central, Finland",64.7802687,26.9847699,ok
"Revonlahti, Mainland, Raahen seutukunta, Regional State Administrative Agency for Northern, Finland",64.7218379,24.9674194,ok
"Vihtavuori, Mainland, Jyväskylä sub-region, Western and Central, Finland",62.3709678,25.9049979,ok
"Liminka, Mainland, Oulun seutukunta, Regional State Administrative Agency for Northern, Finland",64.6775189,25.4418933,ok
"Saari, Mainland, Helsinki sub-region, Southern, Finland",60.1520749,24.9424957,ok
"Laukaa, Mainland, Jyväskylä sub-region, Western and Central, Finland",62.416667,25.95,ok
"Liperi, Mainland, Joensuun seutukunta, Regional State Administrative Agency for Eastern, Finland",62.5314503,29.3872024,ok
"Malmi, Inga, Mainland, Raseborg Sub-Region, Southern, Finland",60.2507611,25.0085738,ok
"Sauvo, Mainland, Turun seutukunta, South-Western, Finland",60.3432104,22.6943202,ok
"Parhalahti, Pyhaejoki, Mainland, Raahen seutukunta, Regional State Administrative Agency for Northern, Finland",64.4894344,24.3287543,ok
"Kalliola, Mainland, Lahden seutukunta, Southern, Finland",61.0641856,25.6646923,ok
"Helsingby, Mainland, Vaasa sub-region, Western and Central, Finland",63.0237517,21.8167597,ok
"Hammaslahti, Mainland, Joensuun seutukunta, Regional State Administrative Agency for Eastern, Finland",62.4327443,29.9682755,ok
"Hillosensalmi, Mainland, Kouvolan seutukunta, Southern, Finland",61.1953165,26.7878203,ok
"Kaskela, Mainland, Helsinki sub-region, Southern, Finland",61.2632229,24.0546731,ok
"Kontiolahti, Mainland, Joensuun seutukunta, Regional State Administrative Agency for Eastern, Finland",62.766667,29.85,ok
"Tikkala, Mainland, Keski-Karjalan seutukunta, Regional State Administrative Agency for Eastern, Finland",62.1518329,25.4721822,ok
"Saksala, Mainland, Kotkan-Haminan seutukunta, Southern, Finland",60.9689213,25.6834912,ok
"Saekylae, Mainland, Rauman seutukunta, South-Western, Finland",61.3627385,22.9141137,ok
"Nummenkylae, Mainland, Helsinki sub-region, Southern, Finland",61.1407445,23.7493369,ok
"Mainland, Jyväskylä sub-region, Western and Central, Finland",64.7802687,26.9847699,ok
"Tuusula, Mainland, Helsinki sub-region, Southern, Finland",60.4015818,25.0295324,ok
"Mainland, Kotkan-Haminan seutukunta, Southern, Finland",64.7802687,26.9847699,ok
"Mehtaekylae, Kalajoki, Mainland, Ylivieskan seutukunta, Regional State Administrative Agency for Northern, Finland",,,not_found
"Keskijaervi, Kontiolahti, Mainland, Joensuun seutukunta, Regional State Administrative Agency for Eastern, Finland",,,not_found
"Jaervenpaeae, Mainland, Helsinki sub-region, Southern, Finland",61.1407445,23.7493369,ok
"Pasi, Mainland, Kouvolan seutukunta, Southern, Finland",60.9539434,27.0304053,ok
"Sepaenkylae, Mainland, Helsinki sub-region, Southern, Finland",61.1407445,23.7493369,ok
"Lehmo, Mainland, Joensuun seutukunta, Regional State Administrative Agency for Eastern, Finland",62.6593749,29.810029,ok
"Nettaa, Mainland, Helsinki sub-region, Southern, Finland",60.2948999,24.6872092,ok
"Pudasjaervi, Mainland, Oulunkaaren seutukunta, Regional State Administrative Agency for Northern, Finland",,,not_found
"Box, Sipoo, Mainland, Helsinki sub-region, Southern, Finland",60.3118066,25.38984,ok
"Torvoila, Mainland, Haemeenlinnan seutukunta, Southern, Finland",61.2546919,24.5575706,ok
"Harjuranta, Mainland, Varkauden seutukunta, Regional State Administrative Agency for Eastern, Finland",62.2564297,28.0702655,ok
"Hepojoki, Mainland, Turun seutukunta, South-Western, Finland",66.1273034,29.5704914,ok
"Oulunsalo, Mainland, Oulun seutukunta, Regional State Administrative Agency for Northern, Finland",64.9333388,25.4166674,ok
"Maentsaelae, Mainland, Helsinki sub-region, Southern, Finland",61.1407445,23.7493369,ok
"Kaarenkylae, Monninkylae, Mainland, Porvoon seutukunta, Southern, Finland",61.1407445,23.7493369,ok
"Sannainen, Mainland, Porvoon seutukunta, Southern, Finland",60.4105141,25.798297,ok
"Raisio, Mainland, Turun seutukunta, South-Western, Finland",60.485513,22.1692664,ok
"Kerkkoo, Mainland, Porvoon seutukunta, Southern, Finland",60.4549633,25.6195198,ok
"Kotkajaervi, Mainland, Haemeenlinnan seutukunta, Southern, Finland",61.1407445,23.7493369,ok
"Halikko, Mainland, Salon seutukunta, South-Western, Finland",60.402589,23.0200185,ok
"Munsmo, Solf, Mainland, Vaasa sub-region, Western and Central, Finland",63.0327228,21.6314763,ok
"Nepperi, Mainland, Helsinki sub-region, Southern, Finland",60.253207,24.73282,ok
"Saerkilahti, Mainland, Turun seutukunta, South-Western, Finland",61.3627385,22.9141137,ok
"Virenoja, Mainland, Lahden seutukunta, Southern, Finland",60.8501954,25.7149765,ok
"Kangasniemi, Mainland, Mikkelin seutukunta, Regional State Administrative Agency for Eastern, Finland",61.9895047,26.6440817,ok
"Nurmijaervi, Mainland, Helsinki sub-region, Southern, Finland",61.1407445,23.7493369,ok
"Naeset, Sundom, Mainland, Vaasa sub-region, Western and Central, Finland",22.2798877,114.1573541,ok
"Halujaervi, Mainland, Helsinki sub-region, Southern, Finland",61.1407445,23.7493369,ok
"Lapinkylae, Veikkola, Mainland, Helsinki sub-region, Southern, Finland",61.1407445,23.7493369,ok
"Tiilaeae, Porvoo, Mainland, Porvoon seutukunta, Southern, Finland",61.1407445,23.7493369,ok
"Mainland, Raahen seutukunta, Regional State Administrative Agency for Northern, Finland",64.7802687,26.9847699,ok
"Petas, Mainland, Helsinki sub-region, Southern, Finland",60.3033663,24.8319441,ok
"Koivula, Sipoo, Mainland, Helsinki sub-region, Southern, Finland",60.4210462,22.3031888,ok
"Mainland, Kymenlaakso, Finland",60.3196247,26.8718718,ok
"Nagu, Mainland, Aboland, South-Western, Finland",60.1924684,21.9105098,ok
"Petaejaesuo, Mainland, Kotkan-Haminan seutukunta, Southern, Finland",61.1407445,23.7493369,ok
"Masku, Mainland, Turun seutukunta, South-Western, Finland",60.566667,22.1,ok
"Rengonkylae, Mainland, Seinaejoen seutukunta, Western and Central, Finland",22.2798877,114.1573541,ok
"Tolkkinen, Porvoo, Mainland, Porvoon seutukunta, Southern, Finland",60.3363011,25.5887877,ok
"Lepsaemae, Mainland, Helsinki sub-region, Southern, Finland",61.1407445,23.7493369,ok
"Karstu, Mainland, Helsinki sub-region, Southern, Finland",60.2987538,23.9281171,ok
"Vasunmaeki, Lapua, Mainland, Seinaejoen seutukunta, Western and Central, Finland",22.2798877,114.1573541,ok
"Lapinjaerven Kirkonkylae, Loviisa, Mainland, Loviisan seutukunta, Southern, Finland",61.1407445,23.7493369,ok
"Mainland, Haemeenlinnan seutukunta, Southern, Finland",64.7802687,26.9847699,ok
"Kuusa, Mainland, Jyväskylä sub-region, Western and Central, Finland",62.4596617,25.9361028,ok
"Huhkaankylae, Mainland, Tampereen seutukunta, Western and Central, Finland",22.2798877,114.1573541,ok
"Karkunkylae, Karkku, Mainland, Lounais-Pirkanmaan seutukunta, Western and Central, Finland",22.2798877,114.1573541,ok
"Mainland, Tampereen seutukunta, Western and Central, Finland",64.7802687,26.9847699,ok
"Herrala, Mainland, Helsinki sub-region, Southern, Finland",60.8961303,25.4736004,ok
"Jokela, Mainland, Helsinki sub-region, Southern, Finland",60.5527967,24.9706765,ok
"Posio, Mainland, Itae-Lapin seutukunta, Lapland, Finland",66.1092595,28.1650783,ok
"Voutila, Mainland, Helsinki sub-region, Southern, Finland",60.9788706,24.4104382,ok
"Askainen, Mainland, Turun seutukunta, South-Western, Finland",60.5724437,21.8674083,ok
"Malmi, Mainland, Raseborg Sub-Region, Southern, Finland",60.2507611,25.0085738,ok
"Rantsila, Mainland, Haapaveden-Siikalatvan seutukunta, Regional State Administrative Agency for Northern, Finland",64.507872,25.6511941,ok
"Nurmo, Mainland, Seinaejoen seutukunta, Western and Central, Finland",62.8258876,22.9080058,ok
"Kirkkonummi, Mainland, Helsinki sub-region, Southern, Finland",60.1217382,24.4406146,ok
"Oulu, Finland",65.0117914,25.4701973,ok
"Mainland, Northern, Lapland, Finland",70.0884507,27.9606438,ok
"Central, Turku, Finland",60.4542316,22.1265138,ok
"Porkkala, Mainland, Helsinki sub-region, Southern, Finland",59.9854016,24.43447,ok
"Villelae, Mainland, Kuusiokuntien seutukunta, Western and Central, Finland",22.2798877,114.1573541,ok
"Villaehde, Mainland, Lahden seutukunta, Southern, Finland",61.1407445,23.7493369,ok
"Maenttae, Mainland, Ylae-Pirkanmaan seutukunta, Western and Central, Finland",22.2798877,114.1573541,ok
"Pouttu, Mainland, Seinaejoen seutukunta, Western and Central, Finland",62.988415,22.9849894,ok
"Lukkoila, Jaemsae, Mainland, Western and Central, Finland",61.86582,25.2105081,ok
"Kuivaketvele, Mainland, Lappeenrannan seutukunta, Southern, Finland",61.1076646,28.1132028,ok
"Tuomikylae, Mainland, Seinaejoen seutukunta, Western and Central, Finland",22.2798877,114.1573541,ok
"Nostava, Mainland, Lahden seutukunta, Southern, Finland",60.9453526,25.5491395,ok
"Mainland, Turun seutukunta, South-Western, Finland",64.7802687,26.9847699,ok
"Tolkkila, Mainland, Kouvolan seutukunta, Southern, Finland",60.8353957,26.6794062,ok
"Hyllykallio, Nurmo, Mainland, Seinaejoen seutukunta, Western and Central, Finland",62.7999267,22.8881668,ok
"Lauritsala, Mainland, Lappeenrannan seutukunta, Southern, Finland",61.0716136,28.262404,ok
"Maeaerlahti, Mainland, Loviisan seutukunta, Southern, Finland",61.1407445,23.7493369,ok
"Muurola, Mainland, Rovaniemen seutukunta, Lapland, Finland",66.3764466,25.3763963,ok
"Korsholm, Mainland, Vaasa sub-region, Western and Central, Finland",63.1247621,21.6941345,ok
"Paekinmaeki, Mainland, Tampereen seutukunta, Western and Central, Finland",22.2798877,114.1573541,ok
"Vaeraelae, Mainland, Kouvolan seutukunta, Southern, Finland",61.1407445,23.7493369,ok
"Vuolenkoski, Mainland, Kouvolan seutukunta, Southern, Finland",61.0858959,26.1607526,ok
"Mainland, Joensuun seutukunta, Regional State Administrative Agency for Eastern, Finland",64.7802687,26.9847699,ok
"Metsaekulma, Mainland, Kotkan-Haminan seutukunta, Southern, Finland",61.1407445,23.7493369,ok
"Vaajakoski, Mainland, Jyväskylä sub-region, Western and Central, Finland",62.2479788,25.8626953,ok
"Jaeaeli, Mainland, Oulun seutukunta, Regional State Administrative Agency for Northern, Finland",,,not_found
"Kalimeenkylae, Mainland, Oulun seutukunta, Regional State Administrative Agency for Northern, Finland",,,not_found
"Tyry, Valkeakoski, Mainland, Etelae-Pirkanmaan seutukunta, Western and Central, Finland",61.2933306,24.0447272,ok
"Kerava, Mainland, Helsinki sub-region, Southern, Finland",60.4032242,25.1011768,ok
"Imppalanmaeki, Mainland, Helsinki sub-region, Southern, Finland",61.1407445,23.7493369,ok
"Lempaeaelae, Mainland, Tampereen seutukunta, Western and Central, Finland",22.2798877,114.1573541,ok
"Sepaenkylae, Kirkkonummi, Mainland, Helsinki sub-region, Southern, Finland",61.1407445,23.7493369,ok
"Mainland, Lappeenrannan seutukunta, South Karelia, Finland",61.0467071,28.176412,ok
"Kaarina, Mainland, Turun seutukunta, South-Western, Finland",60.407169,22.3678223,ok
"Sundsberg, Kirkkonummi, Mainland, Helsinki sub-region, Southern, Finland",60.1542365,24.57,ok
"Keltti, Kuusankoski, Mainland, Kouvolan seutukunta, Southern, Finland",60.8782288,26.5996156,ok
"Taavetti, Mainland, Lappeenrannan seutukunta, Southern, Finland",60.9225194,27.56931,ok
"Peltosalmi, Mainland, Ylae-Savon seutukunta, Regional State Administrative Agency for Eastern, Finland",63.5189361,27.2435912,ok
"Kokemaeki, Mainland, Porin seutukunta, South-Western, Finland",61.3627385,22.9141137,ok
"Maekrae, Mainland, Joensuun seutukunta, Regional State Administrative Agency for Eastern, Finland",,,not_found
"Ummeljoki, Mainland, Kouvolan seutukunta, Southern, Finland",60.7631373,26.7632033,ok
"Savonranta, Mainland, Savonlinnan seutukunta, Regional State Administrative Agency for Eastern, Finland",62.1728682,29.2083888,ok
"Uimaharju, Mainland, Joensuun seutukunta, Regional State Administrative Agency for Eastern, Finland",62.9124195,30.2418513,ok
"Nokkakylae, Mainland, Lounais-Pirkanmaan seutukunta, Western and Central, Finland",22.2798877,114.1573541,ok
"Vilppula, Mainland, Ylae-Pirkanmaan seutukunta, Western and Central, Finland",62.0258876,24.5069555,ok
"Mainland, Mikkelin seutukunta, Regional State Administrative Agency for Eastern, Finland",64.7802687,26.9847699,ok
"Abkhazia, Batumi, Georgia",43.1500226,41.2299786,ok
"Abkhazia, Tbilisi, Georgia",41.7197465,44.8132525,ok
"Tbilisi, Georgia",41.6934591,44.8014495,ok
"Kvariati, Abkhazia, Batumi, Georgia",41.5476064,41.5637649,ok
"Adlia, Abkhazia, Batumi, Georgia",41.616001,41.5988483,ok
Georgia,32.3293809,-83.1137366,ok
"Gonio, Abkhazia, Batumi, Georgia",41.5674256,41.570677,ok
"Tkhinvali, Abkhazia, Tbilisi, Georgia",41.9635347,41.8765458,ok
"Chakvi, Abkhazia, Kobuleti Municipality, Georgia",41.7187049,41.7334564,ok
"Abkhazia, Kutaisi, Georgia",43.1500226,41.2299786,ok
"Autonomous Republic of Adjara, Batumi, Georgia",41.6452891,41.6211733,ok
"Kobuleti, Abkhazia, Kobuleti Municipality, Georgia",41.8113601,41.7793202,ok
"Bakuriani, Abkhazia, Borjomi Municipality, Georgia",41.7510862,43.5280065,ok
"Adlia, Autonomous Republic of Adjara, Batumi, Georgia",41.616001,41.5988483,ok
"Agaraki, Abkhazia, Tbilisi, Georgia",43.2046557,40.4097962,ok
"Village Dighomi, Abkhazia, Tbilisi, Georgia",41.7724991,44.7617497,ok
"Kvemo Lisi, Abkhazia, Mtskheta Municipality, Georgia",41.7549589,44.6843316,ok
"Angisa, Abkhazia, Batumi, Georgia",41.6291625,41.6079362,ok
"Autonomous Republic of Adjara, Khelvachauri Municipality, Georgia",41.5326297,41.5498692,ok
"Avshniani, Abkhazia, Tbilisi, Georgia",41.7712477,44.832555,ok
"Pefkochori, Macedonia and Thrace, Municipality of Kassandra, Central Macedonia, Greece",39.9881185,23.6147333,ok
Greece,38.9953683,21.9877132,ok
"Attica, Municipality of Athens, Regional Unit of Central Athens, Greece",37.9587338,23.7338624,ok
"Triad, Macedonia and Thrace, Municipality of Thessaloniki, Central Macedonia, Greece",37.1589067,22.1433825,ok
"Municipal Unit of Nikaia, Attica, Municipality of Nikaia-Agios Ioannis Rentis, Regional Unit of Piraeus, Greece",37.9682435,23.6490822,ok
"Neochorouda, Pentalofos, Macedonia and Thrace, Municipality of Thessaloniki, Central Macedonia, Greece",40.7109012,22.8645271,ok
"Macedonia and Thrace, Municipality of Pylaia - Chortiatis, Central Macedonia, Greece",40.5748277,22.9910281,ok
"Paliouri, Macedonia and Thrace, Municipality of Kassandra, Central Macedonia, Greece",39.9416224,23.6624942,ok
"Neos Marmaras, Macedonia and Thrace, The Municipality of Sithonia, Central Macedonia, Greece",40.0956362,23.7812487,ok
"Polychrono, Macedonia and Thrace, Municipality of Kassandra, Central Macedonia, Greece",40.0155467,23.5299035,ok
"Region of Crete, Community of Schinocapsals, Lasithi Regional Unit, Greece",35.245389,24.7390408,ok
"Macedonia and Thrace, Kordelio - Evosmos Municipality, Central Macedonia, Greece",40.6688204,22.9114623,ok
"Rafina, Attica, Municipality of Athens, Regional Unit of Central Athens, Greece",38.0203695,24.0073367,ok
"Macedonia and Thrace, Municipality of Thessaloniki, Central Macedonia, Greece",40.6266729,22.9497965,ok
"Svoronos, Macedonia and Thrace, Katerini, Central Macedonia, Greece",40.2695018,22.4651983,ok
"Korissia, Attica, Municipality of Athens, Regional Unit of Central Athens, Greece",35.3350966,24.2768807,ok
"Chaidari, Attica, Municipality of Piraeus, Regional Unit of Piraeus, Greece",38.0070659,23.6563151,ok
"Alas, Attica, Municipality of Athens, Regional Unit of Central Athens, Greece",36.4173431,28.2228782,ok
"Hrisso, Thessaly and Central, Municipality of Delphi, Central, Greece",38.4744002,22.4693031,ok
"Nikiti, Macedonia and Thrace, The Municipality of Sithonia, Central Macedonia, Greece",40.2231874,23.6687585,ok
"Macedonia and Thrace, Kavala Prefecture, Eastern Macedonia and Thrace, Greece",40.7898922,23.0836626,ok
"Loutraki, Peloponnese, Western and the Ionian, Municipality of Loutraki and Agioi Theodoroi, Peloponnese Region, Greece",37.9743673,22.9777228,ok
"Kalyvia Thorikou, Attica, Municipality of Athens, Regional Unit of Central Athens, Greece",37.8394442,23.9281669,ok
"Limenas Markopoulou, Attica, Municipality of Athens, Regional Unit of Central Athens, Greece",37.8840595,24.0105604,ok
"Sozopoli, Macedonia and Thrace, Municipality of Thessaloniki, Central Macedonia, Greece",40.277003,23.1470941,ok
"Melissochori, Drymos, Macedonia and Thrace, Municipality of Thessaloniki, Central Macedonia, Greece",40.7680012,22.9285653,ok
"Ioulida, Attica, Municipality of Athens, Regional Unit of Central Athens, Greece",37.6396811,24.3420173,ok
"Lampeti, Peloponnese, Western and the Ionian, Municipality of Pyrgos, Western, Greece",37.6889656,21.4586585,ok
"Chaniotis, Macedonia and Thrace, Municipality of Kassandra, Central Macedonia, Greece",40.0010968,23.5751885,ok
"Region of Crete, Chania Municipality, Chania Regional Unit, Greece",35.5402499,24.1336272,ok
"Macedonia and Thrace, Central Macedonia, Greece",40.6266729,22.9497965,ok
"Attica, Municipality of Vari - Voula - Vouliagmeni, Regional Unit of East Attica, Greece",37.807974,23.7748203,ok
"Macedonia and Thrace, Municipality of Kassandra, Central Macedonia, Greece",40.0155562,23.5275918,ok
"Kriopigi, Macedonia and Thrace, Municipality of Kassandra, Central Macedonia, Greece",40.0360331,23.473187,ok
"Macedonia and Thrace, Xanthi Municipality, Eastern Macedonia and Thrace, Greece",41.1361868,24.886001,ok
"Macedonia and Thrace, Municipality of Neapoli-Sykies, Central Macedonia, Greece",40.6509707,22.9392516,ok
"Skala Fourkas, Macedonia and Thrace, Municipality of Kassandra, Central Macedonia, Greece",39.998858,23.3830021,ok
"Laughing, Peloponnese, Western and the Ionian, Municipality of Xylokastro and Evrostina, Peloponnese Region, Greece",37.3522056,22.3300468,ok
"Ormos Prinou, Macedonia and Thrace, Kavala Prefecture, Eastern Macedonia and Thrace, Greece",40.7585658,24.5769992,ok
"Macedonia and Thrace, Municipal unit of Efkarpia, Central Macedonia, Greece",40.6811429,22.956457,ok
"Chrisiida, Peloponnese, Western and the Ionian, Municipality of Corfu, Ioanian Islands, Greece",39.5902274,19.8987813,ok
"Mantouki, Peloponnese, Western and the Ionian, Municipality of Corfu, Ioanian Islands, Greece",39.6250105,19.9067105,ok
"Ormos Ysternion, Aegean, Municipality of Tinos, South Aegean, Greece",37.6155347,25.0434775,ok
"Agios Gerasimos, Lavrion, Attica, Municipality of Athens, Regional Unit of Central Athens, Greece",37.6959228,24.0388655,ok
"Portes, Macedonia and Thrace, The municipality Nea Propontida, Central Macedonia, Greece",40.2089671,23.3239224,ok
"Kallithea, Peloponnese, Western and the Ionian, Municipality of Loutraki and Agioi Theodoroi, Peloponnese Region, Greece",37.9610982,23.023623,ok
"Attica, Municipality of Piraeus, Regional Unit of Piraeus, Greece",37.9579819,23.6399297,ok
"Attica, Municipality of Papagos - Cholargos, Regional Unit of North Athens, Greece",37.9962968,23.8147197,ok
"Nea Kallikratia, Macedonia and Thrace, Municipality of Thessaloniki, Central Macedonia, Greece",40.3119565,23.0664689,ok
"Nea Moudania, Macedonia and Thrace, The municipality Nea Propontida, Central Macedonia, Greece",40.2410909,23.2843657,ok
"Region of Crete, Municipality of Ierapetra, Lasithi Regional Unit, Greece",35.0089512,25.7401413,ok
"Macedonia and Thrace, The Municipality of Sithonia, Central Macedonia, Greece",40.7898922,23.0836626,ok
"Palio, Macedonia and Thrace, Kavala Prefecture, Eastern Macedonia and Thrace, Greece",40.901654,24.344302,ok
"Dionisiou Beach, Nea Moudania, Macedonia and Thrace, The municipality Nea Propontida, Central Macedonia, Greece",40.8899865,22.7693631,ok
"Psakoudia, Polygyros, Macedonia and Thrace, Central Macedonia, Greece",40.2599783,23.4973022,ok
"Lavrion, Attica, Municipality of Athens, Regional Unit of Central Athens, Greece",37.7142551,24.0548015,ok
"Crete, Region of Crete, Greece",35.3084952,24.4633423,ok
"Macedonia and Thrace, Municipal unit of Stavroupoli, Central Macedonia, Greece",40.6737624,22.9280711,ok
"Toroni, Macedonia and Thrace, The Municipality of Sithonia, Central Macedonia, Greece",39.9845242,23.9048217,ok
"Nea Skioni, Macedonia and Thrace, Municipality of Kassandra, Central Macedonia, Greece",39.9496,23.5335,ok
"Pisia, Peloponnese, Western and the Ionian, Municipality of Loutraki and Agioi Theodoroi, Peloponnese Region, Greece",38.0211814,22.9882088,ok
"Region of Crete, Chania Regional Unit, Greece",35.5402499,24.1336272,ok
"Peloponnese, Western and the Ionian, Municipality of Corfu, Ioanian Islands, Greece",39.6161243,19.9118361,ok
"Analipsi, Region of Crete, District of Heraklion, Heraklion Regional Unit, Greece",40.7213861,23.1743485,ok
"Fourka, Kassandria, Macedonia and Thrace, Municipality of Kassandra, Central Macedonia, Greece",40.1609453,20.9428867,ok
"Agios Pavlos, Nea Kallikratia, Macedonia and Thrace, Municipality of Thessaloniki, Central Macedonia, Greece",34.9275846,24.806523,ok
"Kallithea, Kassandria, Macedonia and Thrace, Municipality of Kassandra, Central Macedonia, Greece",37.9560111,23.7033792,ok
"Paiania, Attica, Municipality of Athens, Regional Unit of Central Athens, Greece",37.9537116,23.8523932,ok
"Panormos, Region of Crete, District of Heraklion, Heraklion Regional Unit, Greece",35.4175803,24.6911062,ok
"Kalyves Polygyrou, Polygyros, Macedonia and Thrace, Central Macedonia, Greece",40.2858445,23.3893177,ok
"Region of Crete, Rethymni Municipality, Rethymno Regional Unit, Greece",35.245389,24.7390408,ok
"Peloponnese, West and Ionian Sea, Greece",37.363372,22.2394984,ok
"Macedonia - Thrace, Greece",41.1171078,25.4054806,ok
"Attica, Regional Unit of South Athens, Greece",37.9402774,23.6923904,ok
"Prassas, Region of Crete, District of Heraklion, Heraklion Regional Unit, Greece",35.3171913,25.1915002,ok
"Kokkari, Aegean, Municipality of Eastern Samos, Northern Aegean, Greece",37.7784895,26.8915334,ok
"Neoi Epivates, Macedonia and Thrace, Municipality of Thessaloniki, Central Macedonia, Greece",40.5006773,22.9095066,ok
"Agios Dimitrios, Agia Marina, Attica, Municipality of Athens, Regional Unit of Central Athens, Greece",37.9395104,23.7315951,ok
"Ouranoupoli, Macedonia and Thrace, Municipality of Aristotle, Central Macedonia, Greece",40.3388952,23.9705505,ok
"Vineyards, Zakynthos, Peloponnese, Western and the Ionian, Zakynthos Municipality, Ioanian Islands, Greece",37.7739387,26.8551782,ok
"Attica, Municipality of Filothei - Psychiko, Regional Unit of North Athens, Greece",38.020963,23.7775818,ok
"Agios Nikolaos, Region of Crete, District of Agios Nikolaos, Lasithi Regional Unit, Greece",35.3658584,24.263889,ok
"Peloponnese, Western and the Ionian, Municipality of Tripoli, Peloponnese Region, Greece",37.5271168,22.3716537,ok
"Nea Fokea, Macedonia and Thrace, Municipality of Kassandra, Central Macedonia, Greece",40.1350824,23.397784,ok
"Region of Crete, District of Heraklion, Heraklion Regional Unit, Greece",35.245389,24.7390408,ok
"Agios Andreas, Macedonia and Thrace, Kavala Prefecture, Eastern Macedonia and Thrace, Greece",36.9323667,26.9363674,ok
"Flogita, Nea Triglia, Macedonia and Thrace, Municipality of Thessaloniki, Central Macedonia, Greece",37.9564109,23.6189316,ok
"Kato Gouves, Region of Crete, District of Heraklion, Heraklion Regional Unit, Greece",35.331127,25.3070497,ok
"Palaio Faliro, Attica, Municipality of Piraeus, Regional Unit of Piraeus, Greece",37.9282756,23.6951675,ok
"Kardia, Trilofos, Macedonia and Thrace, Municipality of Thessaloniki, Central Macedonia, Greece",40.4511757,23.0147108,ok
"Kalandra, Macedonia and Thrace, Municipality of Kassandra, Central Macedonia, Greece",39.964167,23.364722,ok
"Gouvia, Peloponnese, Western and the Ionian, Municipality of Corfu, Ioanian Islands, Greece",39.6517343,19.8443096,ok
"Nea Peramos, Macedonia and Thrace, Kavala Prefecture, Eastern Macedonia and Thrace, Greece",40.841819,24.3055829,ok
"Saronis, Attica, Municipality of Saronikos, Regional Unit of East Attica, Greece",37.7490677,23.9061656,ok
"Neo Rysio, Macedonia and Thrace, Municipality of Thessaloniki, Central Macedonia, Greece",40.4957584,22.9885808,ok
"Zefiria, Aegean, Municipality of Milos, South Aegean, Greece",36.7006344,24.490647,ok
"Rogdia, Region of Crete, District of Heraklion, Heraklion Regional Unit, Greece",35.3822159,23.638626,ok
"Region of Crete, Rethymno Regional Unit, Greece",35.3648014,24.4890415,ok
"Kallithea, Amarynthos, Thessaly and Central, Municipality of Chalkide, Central, Greece",37.9560111,23.7033792,ok
"Agia, Region of Crete, Chania Municipality, Chania Regional Unit, Greece",35.5606751,24.1352331,ok
"Nea Silata, Macedonia and Thrace, Municipality of Thessaloniki, Central Macedonia, Greece",40.3297489,23.1328354,ok
"Attica, Municipality of Saronikos, Regional Unit of East Attica, Greece",37.828573,23.9528622,ok
"Aria, Peloponnese, Western and the Ionian, Municipality of Nafplio, Peloponnese Region, Greece",37.5707532,22.8300104,ok
"Ierissos, Macedonia and Thrace, Municipality of Aristotle, Central Macedonia, Greece",40.3979096,23.8776231,ok
"Analipsi, Region of Crete, District of Sitia, Lasithi Regional Unit, Greece",40.7213861,23.1743485,ok
"Attica, Region of Attica, Greece",37.9402774,23.6923904,ok
"Plagiari, Macedonia and Thrace, Municipality of Thessaloniki, Central Macedonia, Greece",40.4723172,22.9588564,ok
"Epanomi, Macedonia and Thrace, Municipality of Thessaloniki, Central Macedonia, Greece",40.4283368,22.9269435,ok
"Taxiarchis, Polygyros, Macedonia and Thrace, Central Macedonia, Greece",40.3869036,23.4647345,ok
"Gefyra, Peloponnese, Western and the Ionian, Municipality of Monemvasia, Peloponnese Region, Greece",36.6864712,23.0380719,ok
"Siviri, Macedonia and Thrace, Municipality of Kassandra, Central Macedonia, Greece",40.0365333,23.3614488,ok
"Pefka, Macedonia and Thrace, Municipality of Neapoli-Sykies, Central Macedonia, Greece",40.6581084,22.9890045,ok
"Macedonia and Thrace, Municipal unot of Polichni, Central Macedonia, Greece",40.7898922,23.0836626,ok
"Makrygialos, Region of Crete, District of Ierapetra, Lasithi Regional Unit, Greece",40.4156517,22.6042565,ok
"Kineta, Peloponnese, Western and the Ionian, Municipality of Corinth, Peloponnese Region, Greece",37.9742849,23.2126157,ok
"Attica, Municipality of Elliniko - Argyroupoli, Regional Unit of South Athens, Greece",37.9098759,23.7516834,ok
"Attica, Regional Unit of East Attica, Greece",37.9810738,23.9085791,ok
"Macedonia and Thrace, Municipality of Delta, Central Macedonia, Greece",40.6881735,22.8518719,ok
"Exo Gonia, Aegean, Municipality of Thira, South Aegean, Greece",36.3879757,25.4578667,ok
"Polygyros, Macedonia and Thrace, Central Macedonia, Greece",40.37804,23.4425494,ok
"Gouves, Region of Crete, District of Heraklion, Heraklion Regional Unit, Greece",35.3115579,25.3132827,ok
"Peraia, Macedonia and Thrace, Municipality of Thessaloniki, Central Macedonia, Greece",40.5026552,22.9262363,ok
"Folia, Macedonia and Thrace, Kavala Prefecture, Eastern Macedonia and Thrace, Greece",41.1651058,25.3968997,ok
"Stathmos Mourion, Macedonia and Thrace, Municipality of Kilkis, Central Macedonia, Greece",41.261773,22.839157,ok
"Simantra, Macedonia and Thrace, Municipality of Thessaloniki, Central Macedonia, Greece",40.3462464,23.3111466,ok
"Nea Makri, Attica, Municipality of Athens, Regional Unit of Central Athens, Greece",38.083049,23.97907,ok
"Epano Vathia, Region of Crete, District of Heraklion, Heraklion Regional Unit, Greece",35.2841482,25.2405767,ok
"Nea Roda, Ierissos, Macedonia and Thrace, Municipality of Aristotle, Central Macedonia, Greece",40.3815557,23.9234575,ok
"Metamorfosi, Polygyros, Macedonia and Thrace, Central Macedonia, Greece",40.2290166,23.6036729,ok
"Kitsi, Agia Marina, Attica, Municipality of Athens, Regional Unit of Central Athens, Greece",37.8535442,23.8435083,ok
"Thessaly and Central, Municipality of Chalkide, Central, Greece",38.471114,23.59952,ok
"Gimari, Peloponnese, Western and the Ionian, Municipality of Corfu, Ioanian Islands, Greece",39.7391755,19.9240314,ok
"Koropi, Attica, Municipality of Athens, Regional Unit of Central Athens, Greece",37.9130116,23.8958108,ok
"Macedonia and Thrace, Ampelokipi - Menemeni Municipality, Central Macedonia, Greece",40.6528212,22.9227422,ok
"Aegean, Municipality of Rhodes, South Aegean, Greece",36.0909872,28.0208256,ok
"Agios Nikolaos, Nikiti, Macedonia and Thrace, The Municipality of Sithonia, Central Macedonia, Greece",35.3658584,24.263889,ok
"Loutra Edipsou, Thessaly and Central, Municipality of Istia-Aidipsos, Central, Greece",38.8573975,23.0422579,ok
"Analipsi, Peloponnese, Western and the Ionian, Municipality of Corfu, Ioanian Islands, Greece",39.7010721,19.8235307,ok
"Moles Kalyves, Macedonia and Thrace, Municipality of Kassandra, Central Macedonia, Greece",39.9709423,23.455764,ok
"Artemida, Attica, Municipality of Athens, Regional Unit of Central Athens, Greece",37.5305822,21.7061837,ok
"Kontos, Attica, Municipality of Piraeus, Regional Unit of Piraeus, Greece",37.9303558,23.6356164,ok
"Thassos, Macedonia and Thrace, Kavala Prefecture, Eastern Macedonia and Thrace, Greece",40.6844479,24.6512064,ok
"Nautilus, Ierissos, Macedonia and Thrace, Municipality of Aristotle, Central Macedonia, Greece",38.8336874,20.7088072,ok
"Loutra, Macedonia and Thrace, Municipality of Kassandra, Central Macedonia, Greece",39.9273766,23.5863743,ok
"Skala Rachoniou, Macedonia and Thrace, Kavala Prefecture, Eastern Macedonia and Thrace, Greece",40.7794615,24.6131029,ok
"Neo Keramidi, Macedonia and Thrace, Katerini, Central Macedonia, Greece",40.2862194,22.4633,ok
"Nafplio, Peloponnese, Western and the Ionian, Municipality of Nafplio, Peloponnese Region, Greece",37.5659229,22.8068782,ok
"Marathon, Attica, Municipality of Athens, Regional Unit of Central Athens, Greece",38.0232999,23.7471702,ok
"Particles, Xylokastro, Peloponnese, Western and the Ionian, Municipality of Xylokastro and Evrostina, Peloponnese Region, Greece",37.3522056,22.3300468,ok
"Asvestochori, Macedonia and Thrace, Municipality of Pylaia - Chortiatis, Central Macedonia, Greece",40.6411804,23.025817,ok
"Nea Chrani, Macedonia and Thrace, Katerini, Central Macedonia, Greece",40.3085491,22.5419794,ok
"Peristasi, Macedonia and Thrace, Katerini, Central Macedonia, Greece",40.2749609,22.5420459,ok
"Limenas Chersonisou, Region of Crete, District of Heraklion, Heraklion Regional Unit, Greece",35.3124241,25.3985414,ok
"Plaka Dilesi, Thessaly and Central, Municipality of Tanagra, Central, Greece",38.3495782,23.6667699,ok
"Peloponnese, Western and the Ionian, Municipality of Pyrgos, Western, Greece",37.6641593,21.3107241,ok
"Kassandria, Macedonia and Thrace, Municipality of Kassandra, Central Macedonia, Greece",40.0522645,23.4077455,ok
"Sykia, Macedonia and Thrace, The Municipality of Sithonia, Central Macedonia, Greece",39.8302741,22.0526321,ok
"Nea Efesos, Karitsa, Macedonia and Thrace, Municipality of Diou - Olympus, Central Macedonia, Greece",40.2302657,22.4972665,ok
"Asprovalta, Macedonia and Thrace, Serres Municipality, Central Macedonia, Greece",40.722262,23.707208,ok
"Livadia, Thessaly and Central, Municipality of Livadia, Central, Greece",38.438148,22.8790519,ok
"Hersonissos, Limenas Chersonisou, Region of Crete, District of Heraklion, Heraklion Regional Unit, Greece",35.3057475,25.4102713,ok
"Macedonia and Thrace, Drama Municipality, Eastern Macedonia and Thrace, Greece",41.1514081,24.1467237,ok
"Tagarades, Neo Rysio, Macedonia and Thrace, Municipality of Thessaloniki, Central Macedonia, Greece",40.488874,23.0219191,ok
"Neos Panteleimonas, Platamonas, Macedonia and Thrace, Municipality of Diou - Olympus, Central Macedonia, Greece",40.0032771,22.5928093,ok
"Ganochora, Macedonia and Thrace, Katerini, Central Macedonia, Greece",40.3087851,22.4968096,ok
"Exohi, Macedonia and Thrace, Municipality of Pylaia - Chortiatis, Central Macedonia, Greece",40.8899865,22.7693631,ok
"Olympiaki Akti (Beach), Macedonia and Thrace, Katerini, Central Macedonia, Greece",40.2402326,22.5849354,ok
"Nea Gonia, Macedonia and Thrace, Municipality of Thessaloniki, Central Macedonia, Greece",40.4226619,23.0971055,ok
"Arethousa, Macedonia and Thrace, Serres Municipality, Central Macedonia, Greece",37.6124857,26.2127909,ok
"Kallithea, Macedonia and Thrace, Katerini, Central Macedonia, Greece",40.2744058,22.5776634,ok
"Figs, Peloponnese, Western and the Ionian, Municipality of Xylokastro and Evrostina, Peloponnese Region, Greece",37.3522056,22.3300468,ok
"Litochoro, Thessaly and Central, Municipality of Larissa, Thessaly, Greece",40.1024494,22.5018169,ok
"Thessaly and Central, Municipality of Larissa, Thessaly, Greece",39.6284895,22.432489,ok
"Amisiana, Macedonia and Thrace, Kavala Prefecture, Eastern Macedonia and Thrace, Greece",40.9302178,24.3407336,ok
"Kato Assos, Peloponnese, Western and the Ionian, Municipality of Corinth, Peloponnese Region, Greece",37.9512995,22.828241,ok
"Nea Michaniona, Macedonia and Thrace, Municipality of Thessaloniki, Central Macedonia, Greece",40.4648702,22.8612274,ok
"Akti, Thessaly and Central, Municipality of Molos - Agios Konstantinos, Central, Greece",38.7741953,22.8987643,ok
"Attica, Municipality of Dafni - Ymittos, Regional Unit of Central Athens, Greece",37.9506264,23.7378314,ok
"Nea Potidea, Macedonia and Thrace, The municipality Nea Propontida, Central Macedonia, Greece",40.1943084,23.3278856,ok
"Bridge, Chalcedon, Macedonia and Thrace, Central Macedonia, Greece",37.9494348,23.6352852,ok
"Kato Agios Ioannis, Macedonia and Thrace, Katerini, Central Macedonia, Greece",40.3246607,22.5302074,ok
"Thessaly and Central, Lamia, Central, Greece",38.8820273,22.3933879,ok
"Alonia, Macedonia and Thrace, Municipality of Pella, Central Macedonia, Greece",40.3936304,22.542006,ok
"Episkopiana, Peloponnese, Western and the Ionian, Municipality of Corfu, Ioanian Islands, Greece",39.4950428,19.9185613,ok
"Agios Nikolaos, Attica, Municipality of Athens, Regional Unit of Central Athens, Greece",38.0069885,23.7277049,ok
"Kritsa, Region of Crete, District of Agios Nikolaos, Lasithi Regional Unit, Greece",35.1557627,25.6461433,ok
"Attica, Municipality of Agioi Anargyroi-Kamatero, Regional Unit of West Athens, Greece",38.0585803,23.7136212,ok
"Potamia, Macedonia and Thrace, Kavala Prefecture, Eastern Macedonia and Thrace, Greece",40.7161741,24.7283264,ok
"Leptokarya, Thessaly and Central, Municipality of Larissa, Thessaly, Greece",39.67158,22.4500118,ok
"Kalyves, Region of Crete, Chania Regional Unit, Greece",35.4525226,24.1745392,ok
"Rachoni, Macedonia and Thrace, Kavala Prefecture, Eastern Macedonia and Thrace, Greece",40.7557577,24.6372647,ok
"Region of Crete, District of Agios Nikolaos, Lasithi Regional Unit, Greece",35.245389,24.7390408,ok
"Roda, Peloponnese, Western and the Ionian, Municipality of Corfu, Ioanian Islands, Greece",39.788989,19.7891967,ok
"Vonitsa, Peloponnese, Western and the Ionian, Municipality of Aktio and Vonitsa, Western, Greece",38.9184883,20.8893237,ok
"Sitia, Region of Crete, District of Sitia, Lasithi Regional Unit, Greece",35.1562181,26.0814816,ok
"Skaramangas, Attica, Municipality of Piraeus, Regional Unit of Piraeus, Greece",38.0115201,23.6040184,ok
"Kato Scholari, Macedonia and Thrace, Municipality of Thessaloniki, Central Macedonia, Greece",40.4285794,23.0301515,ok
"Macedonia and Thrace, Municipality of Pella, Central Macedonia, Greece",40.8003584,22.0496214,ok
"Dryopida, Attica, Municipality of Athens, Regional Unit of Central Athens, Greece",37.3826499,24.4308044,ok
"Eleftheroupoli, Macedonia and Thrace, Kavala Prefecture, Eastern Macedonia and Thrace, Greece",40.916219,24.2556959,ok
"Epirus and Western Macedonia, Municipality of Kastoria, Western Macedonia, Greece",40.5164338,21.2547651,ok
"Nea Agathoupoli, Macedonia and Thrace, Municipality of Pella, Central Macedonia, Greece",40.4592895,22.5827039,ok
"Attica, Municipality of Fyli, Regional Unit of West Attica, Greece",38.0697881,23.6811159,ok
"Galataki, Peloponnese, Western and the Ionian, Municipality of Corinth, Peloponnese Region, Greece",37.8495044,22.9814035,ok
"Ano Agios Ioannis, Macedonia and Thrace, Katerini, Central Macedonia, Greece",40.320519,22.4932046,ok
"Georgiani, Nikisiani, Macedonia and Thrace, Drama Municipality, Eastern Macedonia and Thrace, Greece",40.4673759,22.1673827,ok
"Macedonia and Thrace, Komotini Municipality, Eastern Macedonia and Thrace, Greece",41.1171078,25.4054806,ok
"Paradisos, Macedonia and Thrace, Xanthi Municipality, Eastern Macedonia and Thrace, Greece",41.0826434,24.7609407,ok
"Agia Triada, Macedonia and Thrace, Municipality of Thessaloniki, Central Macedonia, Greece",40.6192032,22.9564115,ok
"Macedonia and Thrace, Greece",40.7898922,23.0836626,ok
"Ancient Olympia, Peloponnese, Western and the Ionian, Municipality of Ancient Olympia, Western, Greece",37.6441431,21.6252773,ok
"Limenaria, Macedonia and Thrace, Kavala Prefecture, Eastern Macedonia and Thrace, Greece",40.6274419,24.5746937,ok
"""Lower Peace"" Settlement"", Nea Kallikratia, Macedonia and Thrace, Municipality of Thessaloniki, Central Macedonia, Greece",40.8899865,22.7693631,ok
"Agios Dimitrios, Region of Crete, Rethymni Municipality, Rethymno Regional Unit, Greece",37.9395104,23.7315951,ok
"Nea Peramos, Attica, Municipality of Piraeus, Regional Unit of Piraeus, Greece",40.841819,24.3055829,ok
"Korydallos, Attica, Municipality of Piraeus, Regional Unit of Piraeus, Greece",37.9844029,23.6495008,ok
"Paloulia, Attica, Municipality of Piraeus, Regional Unit of Piraeus, Greece",37.9643804,23.5255564,ok
"Skala, Attica, Municipality of Piraeus, Regional Unit of Piraeus, Greece",37.9625648,23.5748452,ok
"Agios Athanasios, Macedonia and Thrace, Municipality of Edessa, Central Macedonia, Greece",40.8408386,21.7697019,ok
"Paleochori, Nikisiani, Macedonia and Thrace, Drama Municipality, Eastern Macedonia and Thrace, Greece",39.3895079,20.067613,ok
"Agios Ioannis Renti, Attica, Municipality of Piraeus, Regional Unit of Piraeus, Greece",37.9329775,23.6184693,ok
"Peloponnese, Western and the Ionian, Municipality of Corinth, Peloponnese Region, Greece",37.9397622,22.9336692,ok
"Kelli, Polygyros, Macedonia and Thrace, Central Macedonia, Greece",40.3481244,23.5833557,ok
"Nea Triglia, Macedonia and Thrace, Municipality of Thessaloniki, Central Macedonia, Greece",40.2825684,23.1901448,ok
"Tarsina, Peloponnese, Western and the Ionian, Municipality of Velo and Vocha, Peloponnese Region, Greece",37.9578112,22.770461,ok
"Gerakini, Polygyros, Macedonia and Thrace, Central Macedonia, Greece",40.3657892,23.4402246,ok
"Chalcedon, Macedonia and Thrace, Municipal Unit of Chalkidona, Central Macedonia, Greece",40.8899865,22.7693631,ok
"Upper bell, Peloponnese, Western and the Ionian, Municipality of Mesolongi, Western, Greece",38.4284438,21.5017879,ok
"Nea Plagia, Nea Triglia, Macedonia and Thrace, Municipality of Thessaloniki, Central Macedonia, Greece",40.2819635,23.1920129,ok
"Assos, Peloponnese, Western and the Ionian, Municipality of Corinth, Peloponnese Region, Greece",37.9358226,22.8229076,ok
"Chlomos, Peloponnese, Western and the Ionian, Municipality of Corfu, Ioanian Islands, Greece",39.4566835,19.9577759,ok
"Keratea, Attica, Municipality of Athens, Regional Unit of Central Athens, Greece",37.8083817,23.9776656,ok
"Limni, Thessaly and Central, Municipality of Chalkide, Central, Greece",40.7821219,23.5277951,ok
"Longos, Thessaly and Central, Municipality of Molos - Agios Konstantinos, Central, Greece",38.763891,22.9111945,ok
"Agios Spiridonas, Vrondou, Macedonia and Thrace, Municipality of Diou - Olympus, Central Macedonia, Greece",40.2064662,22.4416027,ok
"Peta, Epirus and Western Macedonia, Arta Municipality, Epirus, Greece",39.1648622,20.9876664,ok
"Nea Palatia, Thessaly and Central, Municipality of Chalkide, Central, Greece",38.3187102,23.795104,ok
"Korinos, Macedonia and Thrace, Katerini, Central Macedonia, Greece",40.3166522,22.5780758,ok
"Agios Konstantinos, Thessaly and Central, Municipality of Molos - Agios Konstantinos, Central, Greece",38.7586307,22.8587346,ok
"Benitses, Peloponnese, Western and the Ionian, Municipality of Corfu, Ioanian Islands, Greece",39.5440169,19.9133239,ok
"Settlement ""Vines"", Nea Kallikratia, Macedonia and Thrace, Municipality of Thessaloniki, Central Macedonia, Greece",40.8899865,22.7693631,ok
"Agios Gordios, Peloponnese, Western and the Ionian, Municipality of Corfu, Ioanian Islands, Greece",39.5463723,19.8535708,ok
"Sivota, Peloponnese, Western and the Ionian, Municipality of Corfu, Ioanian Islands, Greece",39.407773,20.2452277,ok
"Liti, Macedonia and Thrace, Municipality of Thessaloniki, Central Macedonia, Greece",40.7444276,22.9794081,ok
"Trilofos, Macedonia and Thrace, Municipality of Thessaloniki, Central Macedonia, Greece",40.4682554,22.9712114,ok
"Souroti, Vasilika, Macedonia and Thrace, Municipality of Thessaloniki, Central Macedonia, Greece",40.4729848,23.0918414,ok
"Bohae, Peloponnese, Western and the Ionian, Municipality of Velo and Vocha, Peloponnese Region, Greece",37.3522056,22.3300468,ok
"Giannota, Elassona Municipality, Thessaly and Central, Thessaly, Greece",39.9799682,22.0426348,ok
"Pass, Peloponnese, Western and the Ionian, Municipality of Sikyona, Peloponnese Region, Greece",37.9826105,23.7324567,ok
"Skioessa, Peloponnese, Western and the Ionian, Municipality of Patras, Western, Greece",38.2592511,21.7875225,ok
"Attica, Municipality of Philadelfia - Chalkidona, Regional Unit of Central Athens, Greece",38.0324068,23.7374874,ok
"Eretria, Thessaly and Central, Municipality of Chalkide, Central, Greece",38.460891,23.6048564,ok
"Velo, Peloponnese, Western and the Ionian, Municipality of Velo and Vocha, Peloponnese Region, Greece",37.9769691,22.760859,ok
"Arrogant, Peloponnese, Western and the Ionian, Municipality of Xylokastro and Evrostina, Peloponnese Region, Greece",37.3522056,22.3300468,ok
"Potamies, Region of Crete, District of Heraklion, Heraklion Regional Unit, Greece",35.255826,25.3879482,ok
"Mesimeri, Macedonia and Thrace, Municipality of Thessaloniki, Central Macedonia, Greece",40.4133299,23.0082116,ok
"Rodochori, Naoussa, Macedonia and Thrace, Central Macedonia, Greece",40.2087876,21.291629,ok
"Kokkinochoma, Macedonia and Thrace, Kavala Prefecture, Eastern Macedonia and Thrace, Greece",40.9270923,24.3083317,ok
"Panagia, Eleftheroupoli, Macedonia and Thrace, Kavala Prefecture, Eastern Macedonia and Thrace, Greece",38.5068101,26.2852628,ok
"Nea Irakleia, Macedonia and Thrace, Municipality of Thessaloniki, Central Macedonia, Greece",40.3462146,23.0151713,ok
"Chrysoupoli, Macedonia and Thrace, Xanthi Municipality, Eastern Macedonia and Thrace, Greece",40.984699,24.7025791,ok
"Peloponnese, Western and the Ionian, Municipality of Loutraki and Agioi Theodoroi, Peloponnese Region, Greece",37.363372,22.2394984,ok
"Kalokhori, Macedonia and Thrace, Municipality of Delta, Central Macedonia, Greece",40.8899865,22.7693631,ok
"Chortiatis, Macedonia and Thrace, Municipality of Pylaia - Chortiatis, Central Macedonia, Greece",40.6081834,23.100506,ok
"Nea Kerasia, Nea Michaniona, Macedonia and Thrace, Municipality of Thessaloniki, Central Macedonia, Greece",40.483716,22.8682686,ok
"Nea Raidestos, Macedonia and Thrace, Municipality of Thessaloniki, Central Macedonia, Greece",40.5249609,23.0524419,ok
"Saint Emilian, Peloponnese, Western and the Ionian, Municipality of Ermionida, Peloponnese Region, Greece",37.3522056,22.3300468,ok
"Kastelli, Region of Crete, District of Heraklion, Heraklion Regional Unit, Greece",35.2090278,25.336658,ok
"Moudania olive groves, Nea Moudania, Macedonia and Thrace, The municipality Nea Propontida, Central Macedonia, Greece",40.8899865,22.7693631,ok
"Kato Kavouri, Peloponnese, Western and the Ionian, Municipality of Pyrgos, Western, Greece",37.6647182,21.3466184,ok
"Mercury, Peloponnese, Western and the Ionian, Municipality of Tripoli, Peloponnese Region, Greece",38.3748915,22.3850326,ok
"Anchialos, Chalcedon, Macedonia and Thrace, Municipal Unit of Agios Athanasios, Central Macedonia, Greece",39.2230176,22.7945557,ok
"Macedonia and Thrace, Serres Municipality, Central Macedonia, Greece",41.0915825,23.5495604,ok
"Voros, Region of Crete, District of Heraklion, Heraklion Regional Unit, Greece",35.2842654,25.2992006,ok
"Porovitsa beach, Peloponnese, Western and the Ionian, Municipality of Aigialeia, Western, Greece",38.4284438,21.5017879,ok
"Municipality of Kalavryta, Peloponnese, Western and the Ionian, Municipal Unit of Kalavryta, Western, Greece",38.0302533,22.1120185,ok
"Agia Paraskevi, Macedonia and Thrace, Municipality of Thessaloniki, Central Macedonia, Greece",40.6507126,22.9352819,ok
"Fountains, Peloponnese, Western and the Ionian, Municipality of Velo and Vocha, Peloponnese Region, Greece",35.403014,24.7830735,ok
"Gazi, Region of Crete, District of Heraklion, Heraklion Regional Unit, Greece",35.3257586,25.0663826,ok
"Adele, Region of Crete, Rethymni Municipality, Rethymno Regional Unit, Greece",35.3580892,24.5594911,ok
"Kato Pavliana, Peloponnese, Western and the Ionian, Municipality of Corfu, Ioanian Islands, Greece",39.5250474,19.8673763,ok
"Agii Theodori, Peloponnese, Western and the Ionian, Municipality of Loutraki and Agioi Theodoroi, Peloponnese Region, Greece",37.9273228,23.1416487,ok
"Kariotika, Peloponnese, Western and the Ionian, Municipality of Xylokastro and Evrostina, Peloponnese Region, Greece",38.0640466,22.6480394,ok
"Peroulades, Peloponnese, Western and the Ionian, Municipality of Corfu, Ioanian Islands, Greece",39.7879094,19.6726665,ok
"Efkarpia, Macedonia and Thrace, Municipality of Kilkis, Central Macedonia, Greece",41.0732339,22.9079748,ok
"Agios Charalambos, Peloponnese, Western and the Ionian, Municipality of Loutraki and Agioi Theodoroi, Peloponnese Region, Greece",37.9231885,23.0308376,ok
"Aspropyrgos, Attica, Municipality of Piraeus, Regional Unit of Piraeus, Greece",38.0810562,23.6042741,ok
"Ambelochori, Thessaly and Central, Municipality of Thiva, Central, Greece",38.3012244,23.2656958,ok
"Nea Zoi, Skydra, Macedonia and Thrace, Central Macedonia, Greece",40.8513114,22.1037091,ok
"Mesochori, Thessaly and Central, Municipality of Karpenisi, Central, Greece",39.0880918,21.825561,ok
"Moschato, Attica, Municipality of Piraeus, Regional Unit of Piraeus, Greece",37.9580933,23.6752349,ok
"Figs, Xylokastro, Peloponnese, Western and the Ionian, Municipality of Xylokastro and Evrostina, Peloponnese Region, Greece",37.3522056,22.3300468,ok
"Attica, Municipality of Aegina, Regional Unit of Islands, Greece",37.7458334,23.4292246,ok
"Nea Iraklitsa, Macedonia and Thrace, Kavala Prefecture, Eastern Macedonia and Thrace, Greece",41.1206665,24.4781056,ok
"Keratsini, Attica, Municipality of Keratsini-Drapetsona, Regional Unit of Piraeus, Greece",37.9650175,23.6207952,ok
"Thoriko, Lavrion, Attica, Municipality of Athens, Regional Unit of Central Athens, Greece",37.7326006,24.0483579,ok
"Anavyssos, Attica, Municipality of Saronikos, Regional Unit of East Attica, Greece",37.7375619,23.9521915,ok
"Acharavi, Peloponnese, Western and the Ionian, Municipality of Corfu, Ioanian Islands, Greece",39.7937586,19.819378,ok
"Vatopedi, Polygyros, Macedonia and Thrace, Central Macedonia, Greece",40.2579017,23.5568613,ok
"Mournies, Region of Crete, Chania Municipality, Chania Regional Unit, Greece",35.4476708,24.0088682,ok
"Aegean, South Aegean, Greece",36.2269412,27.8545935,ok
"Macedonia and Thrace, Municipality of Alexandroupolis, Eastern Macedonia and Thrace, Greece",40.8479185,25.8866318,ok
"Achlada, Region of Crete, District of Heraklion, Heraklion Regional Unit, Greece",35.3952124,24.9909021,ok
"Karteros, Region of Crete, District of Heraklion, Heraklion Regional Unit, Greece",39.9751817,20.8249361,ok
"Saint Spyridon, Limenas Markopoulou, Attica, Municipality of Athens, Regional Unit of Central Athens, Greece",39.625123,19.9225806,ok
"Aegina, Attica, Municipality of Aegina, Regional Unit of Islands, Greece",37.7243694,23.4938109,ok
"Nea Styra, Attica, Municipality of Athens, Regional Unit of Central Athens, Greece",38.1807662,24.2078306,ok
"Pentalofos, Macedonia and Thrace, Municipality of Thessaloniki, Central Macedonia, Greece",40.7434244,22.8530027,ok
"Agios Mamas, Macedonia and Thrace, The municipality Nea Propontida, Central Macedonia, Greece",35.3239978,24.7608833,ok
"Macedonia and Thrace, Eastern Macedonia and Thrace, Greece",41.1171078,25.4054806,ok
"Nea Artaki, Thessaly and Central, Municipality of Chalkide, Central, Greece",38.5141241,23.6370915,ok
"Markopoulo, Attica, Municipality of Athens, Regional Unit of Central Athens, Greece",37.8828306,23.9323453,ok
"Kefalas, Region of Crete, Chania Regional Unit, Greece",35.4100929,24.245903,ok
"Irakleio, Langadas, Macedonia and Thrace, Municipality of Thessaloniki, Central Macedonia, Greece",35.33908,25.1332843,ok
"Antirio, Peloponnese, Western and the Ionian, Western, Greece",38.331031,21.7629194,ok
"Nopigia, Region of Crete, Kissamos Municipality, Chania Regional Unit, Greece",35.5046231,23.7131275,ok
"Marathitis, Region of Crete, District of Heraklion, Heraklion Regional Unit, Greece",35.2850663,25.1409288,ok
"Finikia, Region of Crete, District of Heraklion, Heraklion Regional Unit, Greece",35.2803623,25.1071483,ok
"Georgioupoli, Region of Crete, Chania Regional Unit, Greece",35.3619218,24.2613774,ok
"Ormos Panagias, Macedonia and Thrace, The Municipality of Sithonia, Central Macedonia, Greece",40.2345988,23.7310868,ok
"Amoudara, Gazi, Region of Crete, District of Heraklion, Heraklion Regional Unit, Greece",35.3371987,25.0753261,ok
"Zografou, Macedonia and Thrace, Municipality of Thessaloniki, Central Macedonia, Greece",40.6421961,22.9315298,ok
"Kato Souli, Attica, Municipality of Athens, Regional Unit of Central Athens, Greece",38.1613977,24.0154827,ok
"Laliotis, Peloponnese, Western and the Ionian, Municipality of Sikyona, Peloponnese Region, Greece",38.0126209,22.674808,ok
"Kato Korakiana, Peloponnese, Western and the Ionian, Municipality of Corfu, Ioanian Islands, Greece",39.6895761,19.8291585,ok
"Adriani, Macedonia and Thrace, Komotini Municipality, Eastern Macedonia and Thrace, Greece",41.0109652,25.3688121,ok
"Peloponnese, Western and the Ionian, Municipality of Argos and Mykines, Peloponnese Region, Greece",37.5874004,22.7445966,ok
"Attica, Municipality of Likovrisi - Pefki, Regional Unit of North Athens, Greece",38.0597056,23.7879511,ok
"Grampia, Karystos, Attica, Municipality of Athens, Regional Unit of Central Athens, Greece",38.0336557,24.4271514,ok
"Agios Pavlos, Region of Crete, Chania Regional Unit, Greece",35.4239984,24.2027387,ok
"Municipality of Nea Smyrni, Attica, Regional Unit of South Athens, Greece",37.942826,23.7142034,ok
"Pyrgadikia, Macedonia and Thrace, Municipality of Aristotle, Central Macedonia, Greece",40.3354654,23.7228416,ok
"Nikithiano, Region of Crete, District of Agios Nikolaos, Lasithi Regional Unit, Greece",35.1241319,25.9060167,ok
"Agia Paraskevi, Macedonia and Thrace, Municipality of Kassandra, Central Macedonia, Greece",39.9544884,23.6075406,ok
"Makrigialos, Macedonia and Thrace, Municipality of Thessaloniki, Central Macedonia, Greece",35.0371586,25.972291,ok
"Bottom Carvel, Peloponnese, Western and the Ionian, Municipality of Kalamata, Peloponnese Region, Greece",37.3522056,22.3300468,ok
"Attica, Municipality of Troizinia - Methana, Regional Unit of Islands, Greece",37.87213,23.7975272,ok
"Region of Crete, District of Sitia, Lasithi Regional Unit, Greece",35.245389,24.7390408,ok
"Dimitropoulo, Peloponnese, Western and the Ionian, Municipality of Aigialeia, Western, Greece",38.2482148,22.0450901,ok
"Monastiraki, Thessaly and Central, Municipality of Dorida, Central, Greece",38.4071208,21.9444736,ok
"Keramoti, Macedonia and Thrace, Kavala Prefecture, Eastern Macedonia and Thrace, Greece",40.8590549,24.7037857,ok
"Pelekas, Peloponnese, Western and the Ionian, Municipality of Corfu, Ioanian Islands, Greece",39.5924944,19.8224957,ok
"Perivolaki, Langadas, Macedonia and Thrace, Municipality of Thessaloniki, Central Macedonia, Greece",40.7457229,23.0356834,ok
"Kallithea, Region of Crete, District of Heraklion, Heraklion Regional Unit, Greece",37.9560111,23.7033792,ok
"Vrouchas, Region of Crete, District of Agios Nikolaos, Lasithi Regional Unit, Greece",35.3165259,25.7333225,ok
"Loutraki, Macedonia and Thrace, Municipality of Edessa, Central Macedonia, Greece",37.9743673,22.9777228,ok
"Malia, Region of Crete, District of Heraklion, Heraklion Regional Unit, Greece",35.2826677,25.462921,ok
"Vasilies, Region of Crete, District of Heraklion, Heraklion Regional Unit, Greece",35.2715083,25.1364081,ok
"Platamonas, Thessaly and Central, Municipality of Larissa, Thessaly, Greece",41.0972146,24.5321086,ok
"Grain, Peloponnese, Western and the Ionian, Municipality of Velo and Vocha, Peloponnese Region, Greece",35.5132634,24.0162449,ok
"Attica, Greece",37.87213,23.7975272,ok
"Skalani, Region of Crete, District of Heraklion, Heraklion Regional Unit, Greece",35.2838566,25.187209,ok
"Polydroso, Epirus and Western Macedonia, Ioannina Municipality, Epirus, Greece",39.6155459,20.4985632,ok
"Paralia, Peloponnese, Western and the Ionian, Municipality of Sikyona, Peloponnese Region, Greece",38.0361862,22.7212939,ok
"Kontokali, Peloponnese, Western and the Ionian, Municipality of Corfu, Ioanian Islands, Greece",39.6445735,19.8530745,ok
"Nea Ionia, Thessaly and Central, Volos Municipality, Thessaly, Greece",39.3748394,22.9325138,ok
"Potamos, Peloponnese, Western and the Ionian, Municipality of Corfu, Ioanian Islands, Greece",39.6107565,19.8673202,ok
"Kounavi, Archanes, Region of Crete, District of Heraklion, Heraklion Regional Unit, Greece",35.2364069,25.1848395,ok
"Ktinados, Tinos, Aegean, Municipality of Tinos, South Aegean, Greece",37.565838,25.1558528,ok
"Stagiates, Thessaly and Central, Volos Municipality, Thessaly, Greece",39.3900009,22.9843719,ok
"Palaia Phokaia, Attica, Municipality of Athens, Regional Unit of Central Athens, Greece",37.717219,23.9456524,ok
"Filyro, Macedonia and Thrace, Municipality of Pylaia - Chortiatis, Central Macedonia, Greece",40.6921559,23.003321,ok
"Gerani, Agía Marína, Region of Crete, Chania Municipality, Chania Regional Unit, Greece",35.5189101,23.8849543,ok
"Nissaki, Peloponnese, Western and the Ionian, Municipality of Corfu, Ioanian Islands, Greece",39.726481,19.9005403,ok
"Fylla, Vasiliko, Thessaly and Central, Municipality of Chalkide, Central, Greece",38.4423344,23.6812839,ok
"Kamara, Peloponnese, Western and the Ionian, Municipality of Corfu, Ioanian Islands, Greece",39.5564407,19.8650497,ok
"Edipsos, Loutra Edipsou, Thessaly and Central, Municipality of Istia-Aidipsos, Central, Greece",38.8789556,23.0476188,ok
"Stavros, Region of Crete, Chania Municipality, Chania Regional Unit, Greece",35.5892287,24.0913821,ok
"Máleme, Region of Crete, Platanias Municipality, Chania Regional Unit, Greece",35.5257233,23.8442,ok
"Agios Konstantinos, Lavrion, Attica, Municipality of Athens, Regional Unit of Central Athens, Greece",37.726096,24.0150346,ok
"Petrothalassa, Peloponnese, Western and the Ionian, Municipality of Ermionida, Peloponnese Region, Greece",37.332531,23.1829754,ok
"Avra, Attica, Municipality of Athens, Regional Unit of Central Athens, Greece",38.0222972,23.7488847,ok
"Stathmos Afidnon, Attica, Municipality of Athens, Regional Unit of Central Athens, Greece",38.1877465,23.8442764,ok
"Agios Ioannis, Peloponnese, Western and the Ionian, Municipality of Corfu, Ioanian Islands, Greece",39.6180659,19.8393333,ok
"Xanthates, Peloponnese, Western and the Ionian, Municipality of Corfu, Ioanian Islands, Greece",39.7555263,19.7667083,ok
"Stenies, Aegean, Municipality of Andros, South Aegean, Greece",37.8543143,24.9270864,ok
"Palea Epidhavros, Peloponnese, Western and the Ionian, Municipality of Epidaurus, Peloponnese Region, Greece",37.6377339,23.1556421,ok
"Dragotina, Peloponnese, Western and the Ionian, Municipality of Corfu, Ioanian Islands, Greece",39.3837428,20.0829746,ok
"Agia Pelagia, Region of Crete, District of Heraklion, Heraklion Regional Unit, Greece",35.4080301,25.0167911,ok
"Gerani, Region of Crete, Rethymni Municipality, Rethymno Regional Unit, Greece",35.5189101,23.8849543,ok
"Epanochori, Attica, Municipality of Athens, Regional Unit of Central Athens, Greece",35.3256642,23.8270823,ok
"Spata, Attica, Municipality of Athens, Regional Unit of Central Athens, Greece",37.9613997,23.915915,ok
"Kanali, Peloponnese, Western and the Ionian, Municipality of Corfu, Ioanian Islands, Greece",39.7974749,19.6980829,ok
"Charam, Peloponnese, Western and the Ionian, Municipality of Patras, Western, Greece",38.4284438,21.5017879,ok
"Saint Nicholas, Attica, Municipality of Saronikos, Regional Unit of East Attica, Greece",37.9386708,23.6402461,ok
"Agrafi, Peloponnese, Western and the Ionian, Municipality of Corfu, Ioanian Islands, Greece",39.7666411,19.7430469,ok
"Region of Crete, Anogeia Municipality, Rethymno Regional Unit, Greece",35.245389,24.7390408,ok
"Pikermi, Spata, Attica, Municipality of Athens, Regional Unit of Central Athens, Greece",38.0016292,23.9410271,ok
"Gallikos, Macedonia and Thrace, Municipality of Kilkis, Central Macedonia, Greece",40.8601776,22.8829426,ok
"Astrida, Macedonia and Thrace, Kavala Prefecture, Eastern Macedonia and Thrace, Greece",40.5892322,24.655516,ok
"Pazinos, Region of Crete, Chania Municipality, Chania Regional Unit, Greece",35.5402499,24.1336272,ok
"Karterados, Aegean, Municipality of Thira, South Aegean, Greece",36.4111617,25.4460945,ok
"Neochori, Macedonia and Thrace, Municipality of Aristotle, Central Macedonia, Greece",40.5080836,23.6790481,ok
"Chamalevri, Region of Crete, Rethymni Municipality, Rethymno Regional Unit, Greece",35.3727388,24.5963725,ok
"Agii Anargyri, Peloponnese, Western and the Ionian, Municipality of Ermionida, Peloponnese Region, Greece",37.3532993,23.2448812,ok
"Koumbeli, Region of Crete, Chania Municipality, Chania Regional Unit, Greece",35.4354427,23.9034658,ok
"Eleutherna, Region of Crete, Rethymni Municipality, Rethymno Regional Unit, Greece",35.3330902,24.6748767,ok
"Ipsos, Peloponnese, Western and the Ionian, Municipality of Corfu, Ioanian Islands, Greece",39.6948869,19.837433,ok
"Pomegranate, Macedonia and Thrace, Municipality of Thessaloniki, Central Macedonia, Greece",40.5706227,22.9890249,ok
"Olympiada, Macedonia and Thrace, Municipality of Aristotle, Central Macedonia, Greece",40.5914415,23.7832144,ok
"Chalikounas, Peloponnese, Western and the Ionian, Municipality of Corfu, Ioanian Islands, Greece",39.4626207,19.8806714,ok
"Gavrio, Aegean, Municipality of Andros, South Aegean, Greece",37.8845605,24.7375908,ok
"Ano Vathia, Amarynthos, Thessaly and Central, Municipality of Chalkide, Central, Greece",38.4058936,23.910401,ok
"Kiourktsoglou, Polygyros, Macedonia and Thrace, Central Macedonia, Greece",40.4775544,23.1635025,ok
"Sleekness, Peloponnese, Western and the Ionian, Municipality of Nafpaktia, Western, Greece",38.4284438,21.5017879,ok
"Panorama, Thessaly and Central, Municipality of Chalkide, Central, Greece",35.1476805,25.1965844,ok
"Gastouri, Peloponnese, Western and the Ionian, Municipality of Corfu, Ioanian Islands, Greece",39.5614979,19.8988412,ok
"Ano Aprovato, Aegean, Municipality of Andros, South Aegean, Greece",37.8344522,24.8151288,ok
"Patsides, Archanes, Region of Crete, District of Heraklion, Heraklion Regional Unit, Greece",35.2680647,25.1817416,ok
"Kokkino Chorio, Region of Crete, Chania Regional Unit, Greece",35.4552932,24.2263769,ok
"Kynopiastes, Peloponnese, Western and the Ionian, Municipality of Corfu, Ioanian Islands, Greece",39.5684054,19.883664,ok
"Galaxidi, Thessaly and Central, Municipality of Delphi, Central, Greece",38.3775349,22.3829923,ok
"Skotino, Region of Crete, District of Heraklion, Heraklion Regional Unit, Greece",35.2983448,25.3084803,ok
"Region of Crete, District of Chersonissos, Heraklion Regional Unit, Greece",35.245389,24.7390408,ok
"Kampani, Region of Crete, Chania Municipality, Chania Regional Unit, Greece",35.539071,24.0930712,ok
"Dassia, Peloponnese, Western and the Ionian, Municipality of Corfu, Ioanian Islands, Greece",39.6800271,19.837897,ok
"Krieza, Attica, Municipality of Athens, Regional Unit of Central Athens, Greece",38.3982383,24.1370899,ok
"Galarinos, Polygyros, Macedonia and Thrace, Central Macedonia, Greece",40.4588634,23.1817453,ok
"Nydri, Peloponnese, Western and the Ionian, Municipality of Lefkada, Ioanian Islands, Greece",38.7069481,20.7098869,ok
"Tilissos, Region of Crete, District of Heraklion, Heraklion Regional Unit, Greece",35.2983468,25.0201842,ok
"Sfakera, Peloponnese, Western and the Ionian, Municipality of Corfu, Ioanian Islands, Greece",39.777439,19.7872635,ok
"Thessaly and Central, Municipality of Dorida, Central, Greece",38.6064843,22.9435196,ok
"Ermones, Peloponnese, Western and the Ionian, Municipality of Corfu, Ioanian Islands, Greece",39.6107866,19.7799867,ok
"Settlement ""Geoponika"", Nea Kallikratia, Macedonia and Thrace, Municipality of Thessaloniki, Central Macedonia, Greece",40.8899865,22.7693631,ok
"Kalamoto, Macedonia and Thrace, Municipality of Thessaloniki, Central Macedonia, Greece",40.5561856,23.3736059,ok
"Agkeria, Aegean, Municipality of Paros, South Aegean, Greece",37.0007106,25.149404,ok
"Gournes, Region of Crete, District of Heraklion, Heraklion Regional Unit, Greece",35.3277586,25.2768134,ok
"Ialysos, Aegean, Municipality of Rhodes, South Aegean, Greece",36.4155876,28.158234,ok
"Chorafakia, Region of Crete, Chania Municipality, Chania Regional Unit, Greece",35.5618774,24.0919486,ok
"Thessaly and Central, South Pilio Municipality, Thessaly, Greece",38.6064843,22.9435196,ok
"Kamilari, Tymbaki, Region of Crete, District of Heraklion, Heraklion Regional Unit, Greece",35.0320688,24.7907703,ok
"Diminio, Peloponnese, Western and the Ionian, Municipality of Sikyona, Peloponnese Region, Greece",38.0312741,22.7114373,ok
"Vinian, Amfissa, Thessaly and Central, Municipality of Delphi, Central, Greece",37.9658747,23.7264535,ok
"Loutra Oreas Elenis, Peloponnese, Western and the Ionian, Municipality of Corinth, Peloponnese Region, Greece",37.8659516,22.997028,ok
"Kampanis, Macedonia and Thrace, Municipality of Kilkis, Central Macedonia, Greece",40.8895302,22.915774,ok
"Potistiria, Region of Crete, Chania Municipality, Chania Regional Unit, Greece",35.4769099,23.9707937,ok
"Kouspades, Peloponnese, Western and the Ionian, Municipality of Corfu, Ioanian Islands, Greece",39.4537714,19.9780402,ok
"Perissa, Aegean, Municipality of Thira, South Aegean, Greece",36.3569274,25.4738666,ok
"Lakkia, Vasilika, Macedonia and Thrace, Municipality of Thessaloniki, Central Macedonia, Greece",40.5148858,23.1092113,ok
"Lechena, Peloponnese, Western and the Ionian, Municipality of Mesolongi, Western, Greece",37.9373907,21.2633204,ok
"Mochos, Malia, Region of Crete, District of Heraklion, Heraklion Regional Unit, Greece",35.2636328,25.4228446,ok
"Agia Triada, Attica, Municipality of Athens, Regional Unit of Central Athens, Greece",37.9732503,23.7340329,ok
"Loutra Ypatis, Thessaly and Central, Lamia, Central, Greece",38.8972722,22.276513,ok
"Topolia, Region of Crete, Kissamos Municipality, Chania Regional Unit, Greece",35.4283314,23.6861231,ok
"Agios Pantaleimonas, Peloponnese, Western and the Ionian, Municipality of Corfu, Ioanian Islands, Greece",39.7776095,19.8262149,ok
"Agios Stefanos, Peloponnese, Western and the Ionian, Municipality of Corfu, Ioanian Islands, Greece",39.7669391,19.9478146,ok
"Temeni, Peloponnese, Western and the Ionian, Municipality of Aigialeia, Western, Greece",38.237016,22.1227269,ok
"Korakies, Region of Crete, Chania Municipality, Chania Regional Unit, Greece",35.5224005,24.0791934,ok
"Drapanos, Region of Crete, Chania Regional Unit, Greece",35.4354412,24.2309102,ok
"Argyroupoli, Region of Crete, Rethymni Municipality, Rethymno Regional Unit, Greece",40.9928332,22.9283797,ok
"Oasi, Region of Crete, Chania Municipality, Chania Regional Unit, Greece",35.4870202,23.9653226,ok
"Portaria, Nea Moudania, Macedonia and Thrace, The municipality Nea Propontida, Central Macedonia, Greece",39.3905807,22.9985896,ok
"Maniaki, Epirus and Western Macedonia, Municipality of Kastoria, Western Macedonia, Greece",40.5013009,21.2422102,ok
"Perivolia, Region of Crete, Chania Municipality, Chania Regional Unit, Greece",35.484741,23.9933373,ok
"Eleochoria, Nea Triglia, Macedonia and Thrace, Municipality of Thessaloniki, Central Macedonia, Greece",40.8899865,22.7693631,ok
"Prines, Region of Crete, Rethymni Municipality, Rethymno Regional Unit, Greece",35.3458716,24.4250235,ok
"Gythio, Peloponnese, Western and the Ionian, Municipality of East Mani, Peloponnese Region, Greece",36.761578,22.5659499,ok
"Aegean, Municipality of Mykonos, South Aegean, Greece",37.4518452,25.3340875,ok
"Aravissos, Macedonia and Thrace, Municipality of Pella, Central Macedonia, Greece",40.8447771,22.3042165,ok
"Tavronitis, Region of Crete, Platanias Municipality, Chania Regional Unit, Greece",35.4900534,23.812599,ok
"Kardamas, Amaliada, Peloponnese, Western and the Ionian, Municipality of Ilida, Western, Greece",37.7675837,21.3403168,ok
"Ammouliani, Macedonia and Thrace, Municipality of Aristotle, Central Macedonia, Greece",40.3250346,23.9096439,ok
"Peloponnese, Western and the Ionian, Ioanian Islands, Greece",39.6161243,19.9118361,ok
"Gomati, Macedonia and Thrace, Municipality of Aristotle, Central Macedonia, Greece",40.395403,23.7949735,ok
"Skala Eresou, Aegean, Municipality of Western Lesvos, Northern Aegean, Greece",39.1351461,25.931289,ok
"Platani, Peloponnese, Western and the Ionian, Municipality of Patras, Western, Greece",38.2965701,21.8252278,ok
"Palaios Panteleimonas, Thessaly and Central, Municipality of Larissa, Thessaly, Greece",39.990823,22.5735322,ok
"Kalo Chorio, Region of Crete, District of Agios Nikolaos, Lasithi Regional Unit, Greece",35.2782494,25.3405942,ok
"Sisi, Region of Crete, District of Agios Nikolaos, Lasithi Regional Unit, Greece",35.3041828,25.5257129,ok
"Kourkoumelata, Peloponnese, Western and the Ionian, Municipality of Kefallinia, Ioanian Islands, Greece",38.1182652,20.5343196,ok
"Ano Mera, Aegean, Municipality of Mykonos, South Aegean, Greece",37.4479184,25.3930026,ok
"Sisses, Region of Crete, District of Heraklion, Heraklion Regional Unit, Greece",35.3946213,24.8840257,ok
"Platanite, Peloponnese, Western and the Ionian, Municipality of Nafpaktia, Western, Greece",38.3731069,21.7858923,ok
"Agios Nektarios, Attica, Municipality of Poros, Regional Unit of Islands, Greece",37.5227084,23.4698618,ok
"Kalamos, Thessaly and Central, Municipality of Chalkide, Central, Greece",38.2846853,23.8631552,ok
"Notia, Macedonia and Thrace, Municipality of Edessa, Central Macedonia, Greece",41.1020278,22.2092358,ok
"Niforaika, Peloponnese, Western and the Ionian, Municipality of West Achaea, Western, Greece",38.144497,21.5241933,ok
"Viros, Peloponnese, Western and the Ionian, Municipality of Corfu, Ioanian Islands, Greece",39.5843566,19.8828348,ok
"Kastania, Peloponnese, Western and the Ionian, Municipality of Corfu, Ioanian Islands, Greece",39.5930518,19.8846595,ok
"Aspro, Region of Crete, Chania Regional Unit, Greece",35.4389226,24.2025175,ok
"Kassandrino, Macedonia and Thrace, Municipality of Kassandra, Central Macedonia, Greece",40.0124172,23.4468319,ok
"Agios Georgios, Peloponnese, Western and the Ionian, Municipality of Corfu, Ioanian Islands, Greece",39.7159357,19.6822778,ok
"Sfakaki, Region of Crete, Rethymni Municipality, Rethymno Regional Unit, Greece",35.3803267,24.582399,ok
"Kato Doliana, Peloponnese, Western and the Ionian, Municipality of North Kynouria, Peloponnese Region, Greece",37.4314811,22.6794582,ok
"Macedonia and Thrace, Municipality of Thermi, Central Macedonia, Greece",40.5646269,22.9768585,ok
"Almyrida, Region of Crete, Chania Regional Unit, Greece",35.2267737,23.6825453,ok
"Kavadades, Peloponnese, Western and the Ionian, Municipality of Corfu, Ioanian Islands, Greece",39.7467411,19.6814231,ok
"Magoula, Eretria, Thessaly and Central, Municipality of Chalkide, Central, Greece",38.0791202,23.5217004,ok
"Aegean, Northern Aegean, Greece",39.1058923,26.5488613,ok
"Skala Sotiros, Macedonia and Thrace, Kavala Prefecture, Eastern Macedonia and Thrace, Greece",40.7281213,24.547195,ok
"Kokkini Chani, Region of Crete, District of Heraklion, Heraklion Regional Unit, Greece",35.3307308,25.2556067,ok
"Nea Madytos, Macedonia and Thrace, Serres Municipality, Central Macedonia, Greece",40.6227255,23.5609255,ok
"Prinias, Region of Crete, District of Gortys, Heraklion Regional Unit, Greece",35.160522,24.9932607,ok
"Karousades, Peloponnese, Western and the Ionian, Municipality of Corfu, Ioanian Islands, Greece",39.7811295,19.7449721,ok
"Kassiopi, Peloponnese, Western and the Ionian, Municipality of Corfu, Ioanian Islands, Greece",39.7891062,19.9220526,ok
"Ligero, Ano Syros, Aegean, Municipality of Syros and Ermoupoli, Syros Regional Unit, Greece",37.4801744,24.933977,ok
"Bee, Peloponnese, Western and the Ionian, Municipality of Xylokastro and Evrostina, Peloponnese Region, Greece",37.9825557,23.7694639,ok
"Souleika, Peloponnese, Western and the Ionian, Municipality of Corfu, Ioanian Islands, Greece",39.5826655,19.8905389,ok
"Agios Syllas, Region of Crete, District of Heraklion, Heraklion Regional Unit, Greece",35.2420128,25.1154811,ok
"Skala Marion, Macedonia and Thrace, Kavala Prefecture, Eastern Macedonia and Thrace, Greece",40.6419962,24.5152615,ok
"Vourvourou, Macedonia and Thrace, The Municipality of Sithonia, Central Macedonia, Greece",40.1856259,23.800672,ok
"Peloponnese, Western and the Ionian, Municipality of Patras, Western, Greece",38.2187045,21.7478949,ok
"Zacharo, Peloponnese, Western and the Ionian, Municipality of Zacharo, Western, Greece",37.4682351,21.6913144,ok
"Orma, Macedonia and Thrace, Municipality of Edessa, Central Macedonia, Greece",40.9518409,21.9264314,ok
"Kyras Vrysi, Peloponnese, Western and the Ionian, Municipality of Loutraki and Agioi Theodoroi, Peloponnese Region, Greece",37.9128912,22.9866664,ok
"Dilesi, Thessaly and Central, Municipality of Tanagra, Central, Greece",38.3424485,23.6718185,ok
"Stalida, Malia, Region of Crete, District of Heraklion, Heraklion Regional Unit, Greece",35.293943,25.4294416,ok
"Kastro, Macedonia and Thrace, Kavala Prefecture, Eastern Macedonia and Thrace, Greece",39.2097649,23.460466,ok
"Fira, Aegean, Municipality of Thira, South Aegean, Greece",36.4149227,25.4324527,ok
"Lazarata, Peloponnese, Western and the Ionian, Municipality of Lefkada, Ioanian Islands, Greece",38.7796169,20.66687,ok
"Granitsaiika, Peloponnese, Western and the Ionian, Municipality of Pyrgos, Western, Greece",37.6830912,21.3676137,ok
"Stylos, Region of Crete, Chania Regional Unit, Greece",35.4324326,24.1243887,ok
"Aegean, Municipality of Mytilene, Northern Aegean, Greece",39.1058923,26.5488613,ok
"Kouramaditika, Peloponnese, Western and the Ionian, Municipality of Corfu, Ioanian Islands, Greece",39.6314781,19.8030827,ok
"Neochori, Alexandreia, Macedonia and Thrace, Municipality of Pella, Central Macedonia, Greece",39.0710629,21.0213281,ok
"Kaki Thalassa, Attica, Municipality of Athens, Regional Unit of Central Athens, Greece",37.8400192,24.0457294,ok
"Vamos, Region of Crete, Chania Regional Unit, Greece",35.4075119,24.1981207,ok
"Langadas, Macedonia and Thrace, Municipality of Thessaloniki, Central Macedonia, Greece",40.7499952,23.0667613,ok
"Pyla, Peloponnese, West and Ionian Sea, Greece",36.9461698,21.7342169,ok
"Kastelli, Region of Crete, District of Agios Nikolaos, Lasithi Regional Unit, Greece",35.2090278,25.336658,ok
"Aitania, Region of Crete, District of Heraklion, Heraklion Regional Unit, Greece",35.2688759,25.2188915,ok
"Drosopigi, Epirus and Western Macedonia, Municipality of Florina, Western Macedonia, Greece",40.6896497,21.4548137,ok
"Nea Kios, Peloponnese, Western and the Ionian, Municipality of Argos and Mykines, Peloponnese Region, Greece",37.5879465,22.7445986,ok
"Region of Crete, Greece",35.245389,24.7390408,ok
"Potamida, Region of Crete, Kissamos Municipality, Chania Regional Unit, Greece",35.4689868,23.6955927,ok
"Kornata, Peloponnese, Western and the Ionian, Municipality of Corfu, Ioanian Islands, Greece",39.5172619,19.9012471,ok
"Stroggili, Peloponnese, Western and the Ionian, Municipality of Corfu, Ioanian Islands, Greece",39.5086931,19.9104777,ok
"Theologos, Macedonia and Thrace, Kavala Prefecture, Eastern Macedonia and Thrace, Greece",36.3739274,28.0359842,ok
"Kamisiana, Region of Crete, Platanias Municipality, Chania Regional Unit, Greece",35.5287456,23.8081511,ok
"Longos, Peloponnese, Western and the Ionian, Municipality of Corfu, Ioanian Islands, Greece",39.8440078,19.3781015,ok
"Nea Politia, Nea Palatia, Thessaly and Central, Municipality of Chalkide, Central, Greece",38.3034983,23.786683,ok
"Xirosterni, Region of Crete, Chania Regional Unit, Greece",35.4123821,24.2276141,ok
"Zagora, Thessaly and Central, Zagora - Mouresi Municipality, Thessaly, Greece",39.4437575,23.1033311,ok
"Pefki, Region of Crete, District of Sitia, Lasithi Regional Unit, Greece",38.0599892,23.7924013,ok
"Krinides, Macedonia and Thrace, Kavala Prefecture, Eastern Macedonia and Thrace, Greece",41.0120664,24.2951919,ok
"Maries, Peloponnese, Western and the Ionian, Zakynthos Municipality, Ioanian Islands, Greece",37.8174419,20.6773266,ok
"Stratoni, Macedonia and Thrace, Municipality of Aristotle, Central Macedonia, Greece",40.5137744,23.8253831,ok
"Spartilas, Peloponnese, Western and the Ionian, Municipality of Corfu, Ioanian Islands, Greece",39.7209575,19.8417707,ok
"Moni, Region of Crete, District of Malevizi, Heraklion Regional Unit, Greece",36.5435391,26.4444601,ok
"Ano Korakiana, Peloponnese, Western and the Ionian, Municipality of Corfu, Ioanian Islands, Greece",39.7064184,19.7941806,ok
"Skouloufia, Region of Crete, Rethymni Municipality, Rethymno Regional Unit, Greece",35.3476615,24.6388166,ok
"Alepochori, Peloponnese, Western and the Ionian, Municipality of Corinth, Peloponnese Region, Greece",41.4522965,26.2081109,ok
"Amphipoli, Macedonia and Thrace, Serres Municipality, Central Macedonia, Greece",40.8899865,22.7693631,ok
"Vrasna Beach, Stavros, Macedonia and Thrace, Serres Municipality, Central Macedonia, Greece",40.6903309,23.6940579,ok
"Piskopiano, Limenas Chersonisou, Region of Crete, District of Heraklion, Heraklion Regional Unit, Greece",35.307933,25.3841537,ok
"Avlida Beach, Thessaly and Central, Municipality of Chalkide, Central, Greece",38.3826274,23.6291277,ok
"Amfiklia, Thessaly and Central, Municipality of Amfikleia - Elatia, Central, Greece",38.6385484,22.5915852,ok
"Mpalas, Peloponnese, Western and the Ionian, Municipality of Patras, Western, Greece",38.2544347,21.798961,ok
"Kalo Nero, Peloponnese, Western and the Ionian, Municipality of Trifylia, Peloponnese Region, Greece",37.2974882,21.6995852,ok
"Thymari, Palaia Phokaia, Attica, Municipality of Athens, Regional Unit of Central Athens, Greece",36.0611499,27.9871136,ok
"Pitsidia, Region of Crete, District of Heraklion, Heraklion Regional Unit, Greece",35.0161539,24.780795,ok
"Sevasti, Macedonia and Thrace, Katerini, Central Macedonia, Greece",40.3595169,22.5447371,ok
"Gymno, Amarynthos, Thessaly and Central, Municipality of Chalkide, Central, Greece",38.4386669,23.882499,ok
"Sgourades, Peloponnese, Western and the Ionian, Municipality of Corfu, Ioanian Islands, Greece",39.7320415,19.8219714,ok
"Ano Platanitis, Peloponnese, Western and the Ionian, Municipality of Nafpaktia, Western, Greece",38.4284438,21.5017879,ok
"Chalkoutsi, Thessaly and Central, Municipality of Chalkide, Central, Greece",38.331703,23.7344443,ok
"Lagyna, Macedonia and Thrace, Municipality of Thessaloniki, Central Macedonia, Greece",40.7223759,23.0051196,ok
"Aiginio, Macedonia and Thrace, Municipality of Pella, Central Macedonia, Greece",40.4978433,22.5523744,ok
"Vathyspilo, Doxato, Macedonia and Thrace, Eastern Macedonia and Thrace, Greece",41.0915649,24.2931204,ok
"Theologos, Thessaly and Central, Municipality of Chalkide, Central, Greece",36.3739274,28.0359842,ok
"Kitros, Macedonia and Thrace, Municipality of Thessaloniki, Central Macedonia, Greece",40.3974977,22.6167808,ok
"Zarkadia, Macedonia and Thrace, Municipality of Nestos, Eastern Macedonia and Thrace, Greece",41.0186964,24.6403579,ok
"Angelochori, Agia Triada, Macedonia and Thrace, Municipality of Thessaloniki, Central Macedonia, Greece",40.4873929,22.8441709,ok
"Mouzaki, Peloponnese, Western and the Ionian, Zakynthos Municipality, Ioanian Islands, Greece",37.7354595,20.8222555,ok
"Giannitsou, Thessaly and Central, Municipality of Makrakomi, Central, Greece",38.9947768,22.1118167,ok
"Keratokambos, Region of Crete, District of Viannos, Heraklion Regional Unit, Greece",34.9919763,25.4054116,ok
"Peristera, Macedonia and Thrace, Municipality of Thessaloniki, Central Macedonia, Greece",40.5496885,23.1653316,ok
"Pili, Thessaly and Central, Municipality of Chalkide, Central, Greece",38.7551615,23.583214,ok
"Chrysanthi, Peloponnese, Western and the Ionian, Municipality of Aigialeia, Western, Greece",38.1020362,22.3234462,ok
"Eratino, Macedonia and Thrace, Kavala Prefecture, Eastern Macedonia and Thrace, Greece",40.9510528,24.6397643,ok
"Zifias, Aegean, Municipality of Chios, Northern Aegean, Greece",38.3276109,26.0791957,ok
"Archangelos, Region of Crete, District of Heraklion, Heraklion Regional Unit, Greece",36.2154661,28.1173802,ok
"Plaka, Region of Crete, Chania Regional Unit, Greece",35.451046,24.2110847,ok
"Lefkopetra, Macedonia and Thrace, Veria, Central Macedonia, Greece",40.4291643,22.1784782,ok
"Skotina, Leptokarya, Thessaly and Central, Municipality of Larissa, Thessaly, Greece",40.0147179,22.5515015,ok
"Orei, Thessaly and Central, Municipality of Istia-Aidipsos, Central, Greece",38.9477229,23.0878987,ok
"Krousonas, Region of Crete, District of Heraklion, Heraklion Regional Unit, Greece",35.2315754,24.9840522,ok
"Magoulades, Peloponnese, Western and the Ionian, Municipality of Corfu, Ioanian Islands, Greece",39.7563459,19.6766746,ok
"Marathi, Region of Crete, Chania Municipality, Chania Regional Unit, Greece",35.4991849,24.1798266,ok
"Myli, Karystos, Attica, Municipality of Athens, Regional Unit of Central Athens, Greece",35.3384101,24.5036841,ok
"Maries, Macedonia and Thrace, Kavala Prefecture, Eastern Macedonia and Thrace, Greece",40.6908819,24.6206223,ok
"Perivoli, Peloponnese, Western and the Ionian, Municipality of Corfu, Ioanian Islands, Greece",39.4202586,20.0148258,ok
"Vatolakkos, Region of Crete, Platanias Municipality, Chania Regional Unit, Greece",35.4493558,23.8927798,ok
"Skripero, Peloponnese, Western and the Ionian, Municipality of Corfu, Ioanian Islands, Greece",39.7002112,19.7747397,ok
"obryokampos, Peloponnese, Western and the Ionian, Municipality of Aigialeia, Western, Greece",38.1710837,21.9063693,ok
"Kissamos, Region of Crete, Kissamos Municipality, Chania Regional Unit, Greece",35.4933441,23.6594698,ok
"Ano Poroia, Macedonia and Thrace, Municipality of Kilkis, Central Macedonia, Greece",41.2870881,23.0350669,ok
"Sokraki, Peloponnese, Western and the Ionian, Municipality of Corfu, Ioanian Islands, Greece",39.7176844,19.7930901,ok
"Rachtades, Peloponnese, Western and the Ionian, Municipality of Corfu, Ioanian Islands, Greece",39.7489306,19.6965297,ok
"Alepou, Peloponnese, Western and the Ionian, Municipality of Corfu, Ioanian Islands, Greece",39.6167918,19.8952865,ok
"Livadi huts, Thessaly and Central, Municipality of Distomo-Arachova-Antikyra, Central, Greece",37.9658747,23.7264535,ok
"Pigi, Macedonia and Thrace, Municipality of Pella, Central Macedonia, Greece",39.1821948,26.4181407,ok
"Douroufi, Kranidi, Peloponnese, Western and the Ionian, Municipality of Ermionida, Peloponnese Region, Greece",37.3522056,22.3300468,ok
"Mikrokambos, Macedonia and Thrace, Municipality of Kilkis, Central Macedonia, Greece",40.8398757,22.7753775,ok
"Megalos Prinos, Macedonia and Thrace, Kavala Prefecture, Eastern Macedonia and Thrace, Greece",40.7243564,24.6246186,ok
"Kallirachi, Macedonia and Thrace, Kavala Prefecture, Eastern Macedonia and Thrace, Greece",40.6928819,24.5542375,ok
"Kavousi, Region of Crete, District of Ierapetra, Lasithi Regional Unit, Greece",35.1220158,25.8594877,ok
"Vasilika, Macedonia and Thrace, Municipality of Thessaloniki, Central Macedonia, Greece",40.4800867,23.136266,ok
"Kampos, Skala, Aegean, Municipality of Patmos, South Aegean, Greece",37.3240019,26.5432436,ok
"Markopoulo Oropou, Nea Palatia, Thessaly and Central, Municipality of Chalkide, Central, Greece",38.2898595,23.8237368,ok
"Agios Georgios, Peloponnese, Western and the Ionian, Municipality of Pyrgos, Western, Greece",37.7022216,21.4361084,ok
"Monastiraki, Region of Crete, Municipality of Pachia Ammos, Lasithi Regional Unit, Greece",35.0805276,25.826721,ok
"Agios Nikolaos, Peloponnese, Western and the Ionian, Municipality of Corfu, Ioanian Islands, Greece",39.1996071,20.1889007,ok
"Kamena Vourla, Thessaly and Central, Municipality of Molos - Agios Konstantinos, Central, Greece",38.7801344,22.7887006,ok
"Castle, Thessaly and Central, Municipality of Dorida, Central, Greece",38.5480495,22.1604014,ok
"Batsi, Aegean, Municipality of Andros, South Aegean, Greece",37.8562267,24.7870091,ok
"Skala Oropou, Nea Palatia, Thessaly and Central, Municipality of Chalkide, Central, Greece",38.3210167,23.7906151,ok
"Agia Marina, Attica, Municipality of Piraeus, Regional Unit of Piraeus, Greece",37.9312764,23.6375678,ok
"Kalamaki, Peloponnese, Western and the Ionian, Municipality of Messini, Peloponnese Region, Greece",36.9254822,21.9291456,ok
"Korakades, Peloponnese, Western and the Ionian, Municipality of Corfu, Ioanian Islands, Greece",39.4564069,19.9893296,ok
"Tsivaras, Region of Crete, Chania Regional Unit, Greece",35.4352189,24.1783039,ok
"Lefkakia, Peloponnese, Western and the Ionian, Municipality of Nafplio, Peloponnese Region, Greece",37.5680638,22.8632363,ok
"Lefkimmi, Peloponnese, Western and the Ionian, Municipality of Corfu, Ioanian Islands, Greece",39.4227759,20.0628721,ok
"Neos Kouvaras, Kalyvia Thorikou, Attica, Municipality of Athens, Regional Unit of Central Athens, Greece",37.8226051,23.9584386,ok
"Loutros, Macedonia and Thrace, Municipality of Pella, Central Macedonia, Greece",40.5896707,22.4006346,ok
"Nymphes, Peloponnese, Western and the Ionian, Municipality of Corfu, Ioanian Islands, Greece",39.7558418,19.7832667,ok
"Kavos, Peloponnese, Western and the Ionian, Municipality of Corfu, Ioanian Islands, Greece",39.3829746,20.115048,ok
"Neapoli, Region of Crete, District of Agios Nikolaos, Lasithi Regional Unit, Greece",35.256882,25.6062056,ok
"Avliotes, Peloponnese, Western and the Ionian, Municipality of Corfu, Ioanian Islands, Greece",39.7770234,19.6618451,ok
"Kathiana, Region of Crete, Chania Municipality, Chania Regional Unit, Greece",35.5402499,24.1336272,ok
"Profitis, Macedonia and Thrace, Municipality of Thessaloniki, Central Macedonia, Greece",40.6411397,22.9486392,ok
"Velonades, Peloponnese, Western and the Ionian, Municipality of Corfu, Ioanian Islands, Greece",39.7523913,19.7090999,ok
"Skiathos, Thessaly and Central, Skiathos Municipality, Thessaly, Greece",39.1692985,23.4552513,ok
"Agios Markos, Peloponnese, Western and the Ionian, Municipality of Corfu, Ioanian Islands, Greece",39.710135,19.8242565,ok
"Kimouriotis, Region of Crete, District of Sitia, Lasithi Regional Unit, Greece",35.1783154,26.0508794,ok
"Arillas Magouladon, Peloponnese, Western and the Ionian, Municipality of Corfu, Ioanian Islands, Greece",39.7492357,19.6542728,ok
"Agies Paraskies, Region of Crete, District of Heraklion, Heraklion Regional Unit, Greece",35.2103443,25.205172,ok
"Agros, Peloponnese, Western and the Ionian, Municipality of Corfu, Ioanian Islands, Greece",39.721106,19.7246852,ok
"Milia, Peloponnese, Western and the Ionian, Municipality of Corfu, Ioanian Islands, Greece",39.5668488,19.8866007,ok
"Agii Deka, Peloponnese, Western and the Ionian, Municipality of Corfu, Ioanian Islands, Greece",39.5546525,19.8868065,ok
"Antiphilippi, Macedonia and Thrace, Kavala Prefecture, Eastern Macedonia and Thrace, Greece",41.1206665,24.4781056,ok
"Sfendami, Macedonia and Thrace, Municipality of Pella, Central Macedonia, Greece",40.4129782,22.5474148,ok
"Macedonia and Thrace, Municipality of Thassos, Eastern Macedonia and Thrace, Greece",40.6264568,24.5752794,ok
"Plintri, Mykonos, Aegean, Municipality of Mykonos, South Aegean, Greece",37.4147688,25.368539,ok
"Akrotiri, Aegean, Municipality of Thira, South Aegean, Greece",36.3517932,25.4034872,ok
"Nikisiani, Macedonia and Thrace, Drama Municipality, Eastern Macedonia and Thrace, Greece",40.9488765,24.1422963,ok
"Polemarchi, Region of Crete, Platanias Municipality, Chania Regional Unit, Greece",35.5094791,23.8144455,ok
"Diliso, Attica, Municipality of Athens, Regional Unit of Central Athens, Greece",38.206437,24.1920266,ok
"Lydia, Krinides, Macedonia and Thrace, Kavala Prefecture, Eastern Macedonia and Thrace, Greece",41.0304554,24.2813006,ok
"Malakonta, Eretria, Thessaly and Central, Municipality of Chalkide, Central, Greece",38.4024291,23.7535668,ok
"Fres, Region of Crete, Chania Regional Unit, Greece",35.3823907,24.1439818,ok
"Chios, Aegean, Municipality of Chios, Northern Aegean, Greece",38.3722387,26.132979,ok
"Avdou, Region of Crete, District of Heraklion, Heraklion Regional Unit, Greece",35.2320437,25.4317481,ok
"Ano Pontolivado, Macedonia and Thrace, Kavala Prefecture, Eastern Macedonia and Thrace, Greece",40.9834742,24.5822758,ok
"Plataniás, Agía Marína, Region of Crete, Chania Municipality, Chania Regional Unit, Greece",35.517511,23.9142162,ok
"Tetralofos, Epirus and Western Macedonia, Municipality of Kozani, Western Macedonia, Greece",40.3699194,21.4991906,ok
"Danakos, Aegean, Municipality of Naxos and the Lesser Cyclades, South Aegean, Greece",37.0477047,25.5255695,ok
"Mikros Prinos, Macedonia and Thrace, Kavala Prefecture, Eastern Macedonia and Thrace, Greece",40.7217785,24.6172477,ok
"Lixouri, Peloponnese, Western and the Ionian, Municipality of Kefallinia, Ioanian Islands, Greece",38.2020324,20.437465,ok
"Litsarda, Region of Crete, Chania Regional Unit, Greece",35.4025672,24.2198938,ok
"Sotiras, Macedonia and Thrace, Kavala Prefecture, Eastern Macedonia and Thrace, Greece",40.6743341,21.665021,ok
"Afandou, Aegean, Municipality of Rhodes, South Aegean, Greece",36.2947129,28.1621605,ok
"Salamina, Attica, Municipality of Piraeus, Regional Unit of Piraeus, Greece",37.9383706,23.5083736,ok
"Parikia, Aegean, Municipality of Paros, South Aegean, Greece",37.0842378,25.1503978,ok
"Macedonia and Thrace, Municipality of Paggaio, Eastern Macedonia and Thrace, Greece",40.9147353,24.2560412,ok
"Achinos, Macedonia and Thrace, Serres Municipality, Central Macedonia, Greece",40.921273,23.6555288,ok
"Dafni, Macedonia and Thrace, Serres Municipality, Central Macedonia, Greece",40.8572661,23.6526341,ok
"Paralia Kymis, Kymi, Attica, Municipality of Athens, Regional Unit of Central Athens, Greece",38.6306013,24.1240739,ok
"Porto Germeno, Peloponnese, Western and the Ionian, Municipality of Corinth, Peloponnese Region, Greece",38.1511518,23.2256367,ok
"Afra, Peloponnese, Western and the Ionian, Municipality of Corfu, Ioanian Islands, Greece",39.6220196,19.8579842,ok
"Sitochori, Macedonia and Thrace, Serres Municipality, Central Macedonia, Greece",40.8818186,23.6191839,ok
"Paliokastro, Gazi, Region of Crete, District of Heraklion, Heraklion Regional Unit, Greece",35.3660116,25.0371648,ok
"Agia Paraskevi, Region of Crete, Rethymni Municipality, Rethymno Regional Unit, Greece",38.0066759,23.8226942,ok
"Temploni, Peloponnese, Western and the Ionian, Municipality of Corfu, Ioanian Islands, Greece",39.6404427,19.80472,ok
"Epano Elounda, Region of Crete, District of Agios Nikolaos, Lasithi Regional Unit, Greece",35.2665063,25.7113861,ok
"Aegean, Greece",37.1501032,25.4550768,ok
"Mavro Lithari, Attica, Municipality of Saronikos, Regional Unit of East Attica, Greece",37.7354946,23.9077822,ok
"Portocheli, Peloponnese, Western and the Ionian, Municipality of Ermionida, Peloponnese Region, Greece",37.3255674,23.1433406,ok
"Region of Crete, Lasithi Regional Unit, Greece",35.0092665,26.1286721,ok
"Pano Saktouria, Region of Crete, Agios Vasileios Municipality, Rethymno Regional Unit, Greece",35.1216876,24.6152476,ok
"Perithia, Peloponnese, Western and the Ionian, Municipality of Corfu, Ioanian Islands, Greece",39.8016527,19.8703558,ok
"Barbati, Peloponnese, Western and the Ionian, Municipality of Corfu, Ioanian Islands, Greece",39.718521,19.869265,ok
"Klouvas, Mykonos, Aegean, Municipality of Mykonos, South Aegean, Greece",37.451466,25.3581967,ok
"Port of Kolimbari, Region of Crete, Platanias Municipality, Chania Regional Unit, Greece",35.5447,23.7791221,ok
"Vlychada, Nea Peramos, Attica, Municipality of Piraeus, Regional Unit of Piraeus, Greece",38.0281482,23.4362666,ok
"Faros Armenistis, Mykonos, Aegean, Municipality of Mykonos, South Aegean, Greece",37.4896586,25.31462,ok
"Thermisia, Peloponnese, Western and the Ionian, Municipality of Ermionida, Peloponnese Region, Greece",37.4121528,23.3230772,ok
"Almyros Municipality, Thessaly and Central, Thessaly, Greece",39.1278452,22.708633,ok
"Prinos, Macedonia and Thrace, Kavala Prefecture, Eastern Macedonia and Thrace, Greece",40.7417067,24.5761335,ok
"Attica, Municipality of Penteli, Regional Unit of North Athens, Greece",38.052404,23.8675011,ok
"Zakynthos, Greece",37.7891384,20.7900896,ok
"Sinarades, Peloponnese, Western and the Ionian, Municipality of Corfu, Ioanian Islands, Greece",39.5670319,19.847642,ok
"Elounda, Region of Crete, District of Agios Nikolaos, Lasithi Regional Unit, Greece",35.2620067,25.7225374,ok
"Souda, Region of Crete, Chania Municipality, Chania Regional Unit, Greece",35.4886227,24.0714781,ok
"Sarti, Macedonia and Thrace, The Municipality of Sithonia, Central Macedonia, Greece",40.0950542,23.9783591,ok
"Maroulas, Region of Crete, Rethymni Municipality, Rethymno Regional Unit, Greece",35.3469827,24.5503452,ok
"Region of Crete, Mountain Community, Lasithi Regional Unit, Greece",35.245389,24.7390408,ok
"Kariotiko, Peloponnese, Western and the Ionian, Municipality of Corfu, Ioanian Islands, Greece",39.7673085,19.9330489,ok
"Neohori, Peloponnese, Western and the Ionian, Municipality of West Mani, Peloponnese Region, Greece",36.8436102,22.2865905,ok
"Peza, Archanes, Region of Crete, District of Heraklion, Heraklion Regional Unit, Greece",35.2182804,25.1921764,ok
"Roussospiti, Region of Crete, Rethymni Municipality, Rethymno Regional Unit, Greece",35.3340688,24.4944483,ok
"Asimi, Region of Crete, District of Heraklion, Heraklion Regional Unit, Greece",35.0424033,25.0935196,ok
"Nea Santa, Macedonia and Thrace, Municipality of Kilkis, Central Macedonia, Greece",40.842266,22.9204109,ok
"Lavkos, Thessaly and Central, South Pilio Municipality, Thessaly, Greece",39.1779455,23.2466508,ok
"Neo Chorio, Region of Crete, Chania Regional Unit, Greece",35.4219588,24.1426133,ok
"Pastida, Aegean, Municipality of Rhodes, South Aegean, Greece",36.3878262,28.1358287,ok
"Kiotari, Aegean, Municipality of Rhodes, South Aegean, Greece",36.0464251,27.9545749,ok
"Kastritsa, Epirus and Western Macedonia, Ioannina Municipality, Epirus, Greece",39.6312966,20.9216455,ok
"Stoupa, Peloponnese, Western and the Ionian, Municipality of West Mani, Peloponnese Region, Greece",36.8454828,22.261659,ok
"Selinia, Ampelakia, Attica, Municipality of Piraeus, Regional Unit of Piraeus, Greece",37.9322557,23.5318299,ok
"Thessaly and Central, Municipality of Dirfia - Messapia, Central, Greece",38.6064843,22.9435196,ok
"Legrena, Attica, Municipality of Lavreotiki, Regional Unit of East Attica, Greece",37.6660567,23.9938687,ok
"Roditis, Macedonia and Thrace, Komotini Municipality, Eastern Macedonia and Thrace, Greece",41.0976762,25.4569892,ok
"Lower Verga, Peloponnese, Western and the Ionian, Municipality of Kalamata, Peloponnese Region, Greece",37.3522056,22.3300468,ok
"Agios Kosmas, Macedonia and Thrace, Xanthi Municipality, Eastern Macedonia and Thrace, Greece",41.0824437,24.6612609,ok
"Drapanias, Region of Crete, Platanias Municipality, Chania Regional Unit, Greece",35.4924356,23.7018941,ok
"Tragilos, Macedonia and Thrace, Serres Municipality, Central Macedonia, Greece",40.8849373,23.7654394,ok
"Kavallari, Lagyna, Macedonia and Thrace, Municipality of Thessaloniki, Central Macedonia, Greece",40.7137161,23.0449194,ok
"Kalyvia, Limenaria, Macedonia and Thrace, Kavala Prefecture, Eastern Macedonia and Thrace, Greece",39.3082217,21.7164598,ok
"Spetses, Attica, Municipality of Athens, Regional Unit of Central Athens, Greece",37.2586958,23.1397191,ok
"Region of Crete, Municipality of Agios Ioannis, Lasithi Regional Unit, Greece",35.245389,24.7390408,ok
"Episkopi, Region of Crete, District of Heraklion, Heraklion Regional Unit, Greece",35.2568817,25.2377871,ok
"Alopronia, Aegean, Municipality of Sikinos, South Aegean, Greece",36.6773459,25.14441,ok
"Pachia Ammos, Region of Crete, Municipality of Pachia Ammos, Lasithi Regional Unit, Greece",35.0768686,25.8095757,ok
"Drymos, Macedonia and Thrace, Municipality of Thessaloniki, Central Macedonia, Greece",40.7811393,22.9586161,ok
"Alimatades, Peloponnese, Western and the Ionian, Municipality of Corfu, Ioanian Islands, Greece",39.6970806,19.7257639,ok
"Myrina, Aegean, Lemnos Municipality, Northern Aegean, Greece",39.8754188,25.0634491,ok
"Agia Paraskevi, Peloponnese, Western and the Ionian, Municipality of Nafplio, Peloponnese Region, Greece",37.5492712,22.8575563,ok
"Methone, Macedonia and Thrace, Municipality of Pella, Central Macedonia, Greece",40.4745975,22.5739396,ok
"Kira Chrisikou, Peloponnese, Western and the Ionian, Municipality of Corfu, Ioanian Islands, Greece",39.6354734,19.8417227,ok
"Kyparissos, Region of Crete, Platanias Municipality, Chania Regional Unit, Greece",35.4947702,23.8450569,ok
"Chloi, Epirus and Western Macedonia, Municipality of Kastoria, Western Macedonia, Greece",40.5342458,21.2579871,ok
"Derven, Peloponnese, Western and the Ionian, Municipality of Xylokastro and Evrostina, Peloponnese Region, Greece",39.9438819,22.6645448,ok
"Leptokaria, Epirus and Western Macedonia, Ioannina Municipality, Epirus, Greece",39.8135285,20.9118484,ok
"Kouvaras, Keratea, Attica, Municipality of Athens, Regional Unit of Central Athens, Greece",37.827753,23.9678826,ok
"Lakkoma, Macedonia and Thrace, Municipality of Thessaloniki, Central Macedonia, Greece",40.3952709,23.0303674,ok
"Ierapetra, Region of Crete, Municipality of Ierapetra, Lasithi Regional Unit, Greece",35.0080938,25.7391169,ok
"Skala Kallirachis, Macedonia and Thrace, Kavala Prefecture, Eastern Macedonia and Thrace, Greece",40.7076203,24.5341734,ok
"Dry, Peloponnese, Western and the Ionian, Municipality of Argos and Mykines, Peloponnese Region, Greece",37.9765311,23.7405206,ok
"Kipseli, Tsilivi, Peloponnese, Western and the Ionian, Zakynthos Municipality, Ioanian Islands, Greece",37.8190502,20.8236722,ok
"Loukisia, Thessaly and Central, Municipality of Chalkide, Central, Greece",38.479423,23.4475599,ok
"Livadi, Peloponnese, Western and the Ionian, Municipality of Corfu, Ioanian Islands, Greece",39.7702393,19.7141495,ok
"Kallithea, Epirus and Western Macedonia, Municipality of Florina, Western Macedonia, Greece",40.7993015,21.1538541,ok
"Sykamino, Thessaly and Central, Municipality of Chalkide, Central, Greece",38.3024204,23.730355,ok
"Dryness, Thessaly and Central, Municipality of Thiva, Central, Greece",37.9658747,23.7264535,ok
"Melambes, Agia Galini, Region of Crete, Agios Vasileios Municipality, Rethymno Regional Unit, Greece",35.1271515,24.6530273,ok
"Daphnes, Region of Crete, District of Heraklion, Heraklion Regional Unit, Greece",35.2159587,25.050845,ok
"Neochoraki, Peloponnese, Western and the Ionian, Municipality of Corfu, Ioanian Islands, Greece",39.4406772,19.9798056,ok
"Achladias, Skiathos, Thessaly and Central, Skiathos Municipality, Thessaly, Greece",39.147426,23.4615296,ok
"Varvara, Macedonia and Thrace, Municipality of Aristotle, Central Macedonia, Greece",40.5687299,23.6583404,ok
"Chortokopi, Eleftheroupoli, Macedonia and Thrace, Kavala Prefecture, Eastern Macedonia and Thrace, Greece",40.9307731,24.2406844,ok
"Antiperni, Peloponnese, Western and the Ionian, Municipality of Corfu, Ioanian Islands, Greece",39.7744804,19.7426018,ok
"Krini, Macedonia and Thrace, Municipality of Thessaloniki, Central Macedonia, Greece",40.5719399,22.9614132,ok
"Kariani, Macedonia and Thrace, Drama Municipality, Eastern Macedonia and Thrace, Greece",40.7524305,23.9842216,ok
"Samari, Macedonia and Thrace, Municipality of Edessa, Central Macedonia, Greece",40.8187118,22.0940379,ok
"Bali, Region of Crete, District of Heraklion, Heraklion Regional Unit, Greece",35.4137388,24.7826252,ok
"Perachora, Peloponnese, Western and the Ionian, Municipality of Loutraki and Agioi Theodoroi, Peloponnese Region, Greece",38.029799,22.9485741,ok
"Region of Crete, District of Malevizi, Heraklion Regional Unit, Greece",35.245389,24.7390408,ok
"Pink, Peloponnese, Western and the Ionian, Municipality of Xylokastro and Evrostina, Peloponnese Region, Greece",37.9603069,23.6970722,ok
"Vathy, Attica, Municipality of Piraeus, Regional Unit of Piraeus, Greece",37.7474564,26.9818179,ok
"Potos, Limenaria, Macedonia and Thrace, Kavala Prefecture, Eastern Macedonia and Thrace, Greece",40.6104686,24.6074143,ok
"Agioi Pantes, Peloponnese, Western and the Ionian, Zakynthos Municipality, Ioanian Islands, Greece",37.7814599,20.7854448,ok
"Pombia, Region of Crete, District of Heraklion, Heraklion Regional Unit, Greece",35.0089175,24.8683796,ok
"Pamfila, Aegean, Municipality of Mytilene, Northern Aegean, Greece",39.1569188,26.5214737,ok
"Mykonos, Aegean, Municipality of Mykonos, South Aegean, Greece",37.4513937,25.3923149,ok
"Laliotis, Xylokastro, Peloponnese, Western and the Ionian, Municipality of Sikyona, Peloponnese Region, Greece",38.0126209,22.674808,ok
"Emborios, Aegean, Municipality of Nisyros, South Aegean, Greece",36.6040602,27.1768535,ok
"Sivota, Epirus and Western Macedonia, Igoumenitsa Municipality, Epirus, Greece",39.407773,20.2452277,ok
"Lavdas, Epirus and Western Macedonia, Municipality of Kastoria, Western Macedonia, Greece",39.6357087,22.4165519,ok
"Alykes Potamou, Peloponnese, Western and the Ionian, Municipality of Corfu, Ioanian Islands, Greece",39.6343089,19.8764423,ok
"Peloponnese, Western and the Ionian, Municipality of Kalamata, Peloponnese Region, Greece",37.0343075,22.1096381,ok
"Kambos Apladhianon, Region of Crete, District of Heraklion, Heraklion Regional Unit, Greece",35.3491948,24.8193259,ok
"Messini, Peloponnese, Western and the Ionian, Municipality of Messini, Peloponnese Region, Greece",37.051372,22.0079904,ok
"Thessaly and Central, Municipality of Distomo-Arachova-Antikyra, Central, Greece",38.4796017,22.5822715,ok
"Kato Alissos, Peloponnese, Western and the Ionian, Municipality of West Achaea, Western, Greece",38.1408876,21.574929,ok
"Mochlos, Region of Crete, District of Sitia, Lasithi Regional Unit, Greece",35.1826164,25.9056004,ok
"Agios Vlasios, Region of Crete, District of Heraklion, Heraklion Regional Unit, Greece",35.2550545,25.1324474,ok
"Ornos, Mykonos, Aegean, Municipality of Mykonos, South Aegean, Greece",37.4235663,25.3229777,ok
"Mesa Lasithi, Region of Crete, District of Oropedion Lasithiou, Lasithi Regional Unit, Greece",35.1818465,25.5129632,ok
"Kapandriti, Attica, Municipality of Oropos, Regional Unit of East Attica, Greece",38.2158722,23.8771927,ok
"Tsilivi, Peloponnese, Western and the Ionian, Zakynthos Municipality, Ioanian Islands, Greece",37.8155909,20.8719262,ok
"Koutsounari, Region of Crete, Municipality of Agios Ioannis, Lasithi Regional Unit, Greece",35.007873,25.8215323,ok
"Dryos, Aegean, Municipality of Paros, South Aegean, Greece",37.0047203,25.224563,ok
"Myrsini, Peloponnese, Western and the Ionian, Municipality of Andravida and Kyllini, Western, Greece",37.9215113,21.2376352,ok
"Eptalofos, Thessaly and Central, Municipality of Delphi, Central, Greece",38.5963567,22.4942639,ok
"Makrychori, Macedonia and Thrace, Kavala Prefecture, Eastern Macedonia and Thrace, Greece",39.8038097,22.4916561,ok
"Dato, Macedonia and Thrace, Kavala Prefecture, Eastern Macedonia and Thrace, Greece",40.9705922,24.3214131,ok
"Peloponnese, Western and the Ionian, Municipality of Nafpaktia, Western, Greece",38.3948326,21.8333671,ok
"Kompothekrata, Argostoli, Peloponnese, Western and the Ionian, Municipality of Kefallinia, Ioanian Islands, Greece",38.1463587,20.5010345,ok
"Kavrochori, Gazi, Region of Crete, District of Heraklion, Heraklion Regional Unit, Greece",35.3082207,25.0467413,ok
"Thessaly and Central, Municipality of Amfikleia - Elatia, Central, Greece",38.6064843,22.9435196,ok
"Ilia, Thessaly and Central, Municipality of Istia-Aidipsos, Central, Greece",38.8505492,23.1266264,ok
"Pachi, Megara, Attica, Municipality of Piraeus, Regional Unit of Piraeus, Greece",37.9738722,23.361671,ok
"Megara, Attica, Municipality of Piraeus, Regional Unit of Piraeus, Greece",37.9965887,23.3445017,ok
"Dramia, Region of Crete, Chania Regional Unit, Greece",35.344193,24.3135868,ok
"Anthi, Terpni, Macedonia and Thrace, Serres Municipality, Central Macedonia, Greece",40.9440227,23.5062881,ok
"Platanistos, Attica, Municipality of Athens, Regional Unit of Central Athens, Greece",38.0183119,24.5159401,ok
"Stains, Peloponnese, Western and the Ionian, Municipality of Ermionida, Peloponnese Region, Greece",37.3522056,22.3300468,ok
"Chalcedon, Macedonia and Thrace, Municipal Unit of Koufalia, Central Macedonia, Greece",40.8899865,22.7693631,ok
"Dafnata, Peloponnese, Western and the Ionian, Municipality of Corfu, Ioanian Islands, Greece",39.5323939,19.9065883,ok
"Koskinou, Aegean, Municipality of Rhodes, South Aegean, Greece",36.386749,28.2143132,ok
"Chlomatiana, Peloponnese, Western and the Ionian, Municipality of Corfu, Ioanian Islands, Greece",39.4623485,19.9207823,ok
"Limnes, Region of Crete, District of Agios Nikolaos, Lasithi Regional Unit, Greece",35.2476997,25.6380071,ok
"Drosato, Peloponnese, Western and the Ionian, Municipality of Corfu, Ioanian Islands, Greece",39.7335094,19.7366439,ok
"Vrisa, Polichnitos, Aegean, Municipality of Mytilene, Northern Aegean, Greece",39.039793,26.1997397,ok
"Kato Valsamonero, Region of Crete, Rethymni Municipality, Rethymno Regional Unit, Greece",35.3261263,24.3899064,ok
"Katavolos, Peloponnese, Western and the Ionian, Municipality of Corfu, Ioanian Islands, Greece",39.7317716,19.9114283,ok
"Deep Plain, Region of Crete, District of Heraklion, Heraklion Regional Unit, Greece",35.1929673,25.1566243,ok
"Astrakeri, Peloponnese, Western and the Ionian, Municipality of Corfu, Ioanian Islands, Greece",39.7947637,19.755883,ok
"Sternes, Region of Crete, Chania Municipality, Chania Regional Unit, Greece",35.5110211,24.1458141,ok
"Káto Stalós, Region of Crete, Chania Municipality, Chania Regional Unit, Greece",35.5146422,23.9426327,ok
"Grigos, Skala, Aegean, Municipality of Patmos, South Aegean, Greece",37.3042358,26.5618882,ok
"Xiro Chorio, Region of Crete, Rethymni Municipality, Rethymno Regional Unit, Greece",35.3509169,24.5123164,ok
"Koropi, Thessaly and Central, South Pilio Municipality, Thessaly, Greece",39.2932397,23.1428984,ok
"Agia Marina, Attica, Municipality of Athens, Regional Unit of Central Athens, Greece",37.9736982,23.7189698,ok
"Pontikiana, Region of Crete, Platanias Municipality, Chania Regional Unit, Greece",35.4981712,23.7925025,ok
"Taktikoupoli, Attica, Municipality of Troizinia - Methana, Regional Unit of Islands, Greece",37.5442518,23.3729995,ok
"Macedonia and Thrace, Municipality of Diou - Olympus, Central Macedonia, Greece",40.7898922,23.0836626,ok
"Samos, Aegean, Municipality of Eastern Samos, Northern Aegean, Greece",37.7576156,26.9727416,ok
"Gennadi, Aegean, Municipality of Rhodes, South Aegean, Greece",36.023866,27.9228489,ok
"Fodele, Region of Crete, District of Heraklion, Heraklion Regional Unit, Greece",35.3817727,24.958075,ok
"Argirades, Peloponnese, Western and the Ionian, Municipality of Corfu, Ioanian Islands, Greece",39.4353354,19.9772621,ok
"Fourni, Region of Crete, District of Agios Nikolaos, Lasithi Regional Unit, Greece",37.5767538,26.4800482,ok
"Seta, Thessaly and Central, Municipality of Chalkide, Central, Greece",38.5329581,23.9208577,ok
"Stomio, Region of Crete, Municipality of Anatoli, Lasithi Regional Unit, Greece",39.8676732,22.7311639,ok
"Agia Galini, Region of Crete, Agios Vasileios Municipality, Rethymno Regional Unit, Greece",35.0971451,24.6884851,ok
"Kapandriti, Attica, Municipality of Athens, Regional Unit of Central Athens, Greece",38.2158722,23.8771927,ok
"Petralona, Macedonia and Thrace, Municipality of Thessaloniki, Central Macedonia, Greece",37.968347,23.7090441,ok
"Mesovouni, Epirus and Western Macedonia, Igoumenitsa Municipality, Epirus, Greece",39.4283892,20.3952289,ok
"Sotirian, Peloponnese, Western and the Ionian, Municipality of West Mani, Peloponnese Region, Greece",37.3522056,22.3300468,ok
"Attica, Municipality of Dionysos, Regional Unit of East Attica, Greece",38.1404062,23.860035,ok
"Chrysi Ammoudia, Macedonia and Thrace, Kavala Prefecture, Eastern Macedonia and Thrace, Greece",40.731238,24.7600054,ok
"Nea Sinasos, Istiea, Thessaly and Central, Municipality of Istia-Aidipsos, Central, Greece",38.9671567,23.165073,ok
"Sidari, Peloponnese, Western and the Ionian, Municipality of Corfu, Ioanian Islands, Greece",39.792821,19.7017291,ok
"Paleokastro, Samos, Aegean, Municipality of Eastern Samos, Northern Aegean, Greece",37.7380557,26.9998632,ok
"Domatia, Macedonia and Thrace, Kavala Prefecture, Eastern Macedonia and Thrace, Greece",40.8652492,24.1428489,ok
"Liapades, Peloponnese, Western and the Ionian, Municipality of Corfu, Ioanian Islands, Greece",39.6691422,19.7403711,ok
"Peloponnese, Western and the Ionian, Municipality of Agrinio, Western, Greece",38.7435243,21.3930239,ok
"Tithroni, Thessaly and Central, Municipality of Amfikleia - Elatia, Central, Greece",38.7128226,22.5810066,ok
"Nerantza, Peloponnese, Western and the Ionian, Municipality of Velo and Vocha, Peloponnese Region, Greece",37.9837662,22.7815155,ok
"Panagie, Macedonia and Thrace, Municipality of Thassos, Eastern Macedonia and Thrace, Greece",40.7312631,24.7292053,ok
"Kentri, Region of Crete, Municipality of Ierapetra, Lasithi Regional Unit, Greece",35.0329903,25.7526291,ok
"Romanos, Peloponnese, Western and the Ionian, Municipality of Pylos and Nestoras, Peloponnese Region, Greece",36.9924493,21.663264,ok
"Filiates, Peloponnese, Western and the Ionian, Municipality of Corfu, Ioanian Islands, Greece",39.6001944,20.3093103,ok
"Romanian, Peloponnese, Western and the Ionian, Municipality of Patras, Western, Greece",41.1144348,25.3995633,ok
"Choudhetsi, Archanes, Region of Crete, District of Heraklion, Heraklion Regional Unit, Greece",35.1930736,25.1787155,ok
"Egani, Platamonas, Thessaly and Central, Municipality of Larissa, Thessaly, Greece",39.9504198,22.6451481,ok
"Vrondou, Macedonia and Thrace, Municipality of Diou - Olympus, Central Macedonia, Greece",40.1920783,22.4328603,ok
"Ardameri, Macedonia and Thrace, Municipality of Thessaloniki, Central Macedonia, Greece",40.594259,23.1840224,ok
"Gonie, Region of Crete, District of Heraklion, Heraklion Regional Unit, Greece",35.2262284,25.4419577,ok
"Polykarpi, Epirus and Western Macedonia, Municipality of Kastoria, Western Macedonia, Greece",40.520938,21.31966,ok
"Vaia, Attica, Municipality of Piraeus, Regional Unit of Piraeus, Greece",37.7704923,23.5378208,ok
"Diakopto, Peloponnese, Western and the Ionian, Municipality of Aigialeia, Western, Greece",38.1918659,22.1977184,ok
"Region of Crete, District of Ierapetra, Lasithi Regional Unit, Greece",35.245389,24.7390408,ok
"""Phoenix"" settlement"", Nea Kallikratia, Macedonia and Thrace, Municipality of Thessaloniki, Central Macedonia, Greece",40.8899865,22.7693631,ok
"Oktonia, Attica, Municipality of Athens, Regional Unit of Central Athens, Greece",38.5249806,24.1634633,ok
"Agia Varvara, Region of Crete, District of Agios Nikolaos, Lasithi Regional Unit, Greece",35.1330871,24.9981963,ok
"Oia, Aegean, Municipality of Thira, South Aegean, Greece",36.4622122,25.3757257,ok
"Lakones, Peloponnese, Western and the Ionian, Municipality of Corfu, Ioanian Islands, Greece",39.6814573,19.708667,ok
"Paleo Keramidi, Macedonia and Thrace, Katerini, Central Macedonia, Greece",40.8899865,22.7693631,ok
"Doukades, Peloponnese, Western and the Ionian, Municipality of Corfu, Ioanian Islands, Greece",39.6889963,19.7399816,ok
"Vatos, Peloponnese, Western and the Ionian, Municipality of Corfu, Ioanian Islands, Greece",39.6084354,19.7906667,ok
"Loukerata, Lixouri, Peloponnese, Western and the Ionian, Municipality of Kefallinia, Ioanian Islands, Greece",38.2295496,20.4133462,ok
"Koutouloufari, Limenas Chersonisou, Region of Crete, District of Heraklion, Heraklion Regional Unit, Greece",35.3065549,25.3925136,ok
"Korydallos, Attica, Municipality of Korydallos, Regional Unit of Piraeus, Greece",37.9844029,23.6495008,ok
"Svoronos, Macedonia and Thrace, Central Macedonia, Greece",40.2695018,22.4651983,ok
"Pente Vryses, Macedonia and Thrace, Municipality of Thessaloniki, Central Macedonia, Greece",40.8078895,23.1559384,ok
"Kastelani, Peloponnese, Western and the Ionian, Municipality of Corfu, Ioanian Islands, Greece",39.5679449,19.8660542,ok
"Vrachasi, Region of Crete, District of Agios Nikolaos, Lasithi Regional Unit, Greece",35.2730351,25.5641168,ok
"Chora, Aegean, Municipality of Sikinos, South Aegean, Greece",36.6947375,25.1175926,ok
"Geraki, Peloponnese, Western and the Ionian, Municipality of Eurotas, Peloponnese Region, Greece",36.9917715,22.7067122,ok
"Region of Crete, Municipality of Kalamafka, Lasithi Regional Unit, Greece",35.245389,24.7390408,ok
"Vilia, Attica, Municipality of Piraeus, Regional Unit of Piraeus, Greece",38.1679762,23.3371926,ok
"Nea Malgara, Macedonia and Thrace, Municipality of Delta, Central Macedonia, Greece",40.6087041,22.6839026,ok
"Epirus and Western Macedonia, Municipality of Amyntaio, Western Macedonia, Greece",39.9330862,21.1192873,ok
"Elatochori, Macedonia and Thrace, Katerini, Central Macedonia, Greece",40.3198562,22.2647771,ok
"Agii Pantes, Thessaly and Central, Municipality of Delphi, Central, Greece",38.3680386,22.2950239,ok
"Lazochori, Macedonia and Thrace, Veria, Central Macedonia, Greece",40.5647152,22.2071727,ok
"Skala Potamias, Macedonia and Thrace, Kavala Prefecture, Eastern Macedonia and Thrace, Greece",40.707289,24.7608984,ok
"Milina, Thessaly and Central, South Pilio Municipality, Thessaly, Greece",39.1712551,23.220439,ok
"Pemonia, Region of Crete, Chania Regional Unit, Greece",35.390111,24.1339948,ok
"Agios Pandelimonas, Macedonia and Thrace, Municipality of Edessa, Central Macedonia, Greece",40.7267975,21.7458355,ok
"Moschopotamos, Macedonia and Thrace, Veria, Central Macedonia, Greece",40.3264242,22.3090812,ok
"Galani, Aegean, Municipality of Serifos, South Aegean, Greece",37.1914546,24.4940304,ok
"Kato Katakoilos, Aegean, Municipality of Andros, South Aegean, Greece",37.868151,24.813617,ok
"Eleftherochori, Macedonia and Thrace, Municipality of Pella, Central Macedonia, Greece",40.885133,22.3744737,ok
"Giannades, Peloponnese, Western and the Ionian, Municipality of Corfu, Ioanian Islands, Greece",39.6319734,19.7620416,ok
"Agia Sotira, Peloponnese, Western and the Ionian, Municipality of Loutraki and Agioi Theodoroi, Peloponnese Region, Greece",38.0534457,23.0253781,ok
"Kokkini, Peloponnese, Western and the Ionian, Municipality of Corfu, Ioanian Islands, Greece",39.609808,19.8141645,ok
"Elaiochori, Macedonia and Thrace, Kavala Prefecture, Eastern Macedonia and Thrace, Greece",38.0812834,21.569225,ok
"Pyrgi, Attica, Municipality of Athens, Regional Unit of Central Athens, Greece",38.2272136,25.998926,ok
"Tavari, Aegean, Municipality of Western Lesvos, Northern Aegean, Greece",39.1089749,25.9920446,ok
"Petrothalassa Ermionis, Peloponnese, Western and the Ionian, Municipality of Ermionida, Peloponnese Region, Greece",37.3483041,23.2141112,ok
"Kondariotissa, Vrondou, Macedonia and Thrace, Municipality of Diou - Olympus, Central Macedonia, Greece",40.2270251,22.4591376,ok
"Neokesaria, Macedonia and Thrace, Katerini, Central Macedonia, Greece",40.8899865,22.7693631,ok
"Kalochori-Pantichi, Thessaly and Central, Municipality of Chalkide, Central, Greece",38.3892982,23.5931236,ok
"Kolindros, Macedonia and Thrace, Municipality of Pella, Central Macedonia, Greece",40.4793376,22.4830737,ok
"Tsipian, Peloponnese, Western and the Ionian, Municipality of Ancient Olympia, Western, Greece",38.4284438,21.5017879,ok
"""Bomboteika"" Settlement"", Nea Kallikratia, Macedonia and Thrace, Municipality of Thessaloniki, Central Macedonia, Greece",40.8899865,22.7693631,ok
"Iliokomi, Proti, Macedonia and Thrace, Drama Municipality, Eastern Macedonia and Thrace, Greece",40.9729581,24.0405547,ok
"Velina, Peloponnese, Western and the Ionian, Municipality of Sikyona, Peloponnese Region, Greece",37.988186,22.5583014,ok
"Lakka, Peloponnese, Western and the Ionian, Municipality of Corfu, Ioanian Islands, Greece",39.2346208,20.1358097,ok
"Dorkada, Macedonia and Thrace, Municipality of Kilkis, Central Macedonia, Greece",40.9411614,23.0638633,ok
"Kato Chorio, Region of Crete, Municipality of Kato Chorion, Lasithi Regional Unit, Greece",35.0485009,25.7902507,ok
"Vergina, Macedonia and Thrace, Veria, Central Macedonia, Greece",40.4871136,22.3172749,ok
"Monastiraki, Keramoti, Macedonia and Thrace, Kavala Prefecture, Eastern Macedonia and Thrace, Greece",37.9764307,23.7259053,ok
"Vafes, Region of Crete, Chania Regional Unit, Greece",35.3607566,24.1736197,ok
"Kalyvia, Elassona Municipality, Thessaly and Central, Thessaly, Greece",40.0229519,22.2406803,ok
"Andromachi, Macedonia and Thrace, Katerini, Central Macedonia, Greece",40.2721424,22.4809832,ok
"Likotinerea, Georgioupoli, Region of Crete, Chania Regional Unit, Greece",35.3917817,24.2509661,ok
"Petrokefali, Region of Crete, District of Heraklion, Heraklion Regional Unit, Greece",35.0286764,24.8346309,ok
"Agios Mattheos, Peloponnese, Western and the Ionian, Municipality of Corfu, Ioanian Islands, Greece",39.4939685,19.8728635,ok
"Myli, Peloponnese, Western and the Ionian, Municipality of Argos and Mykines, Peloponnese Region, Greece",37.553607,22.7168193,ok
"Nea Mesagkala, Thessaly and Central, Municipality of Larissa, Thessaly, Greece",39.9506617,22.707572,ok
"Kompitsi, Peloponnese, Western and the Ionian, Municipality of Corfu, Ioanian Islands, Greece",39.6019499,19.8668966,ok
"Pithari, Region of Crete, Chania Municipality, Chania Regional Unit, Greece",35.5171216,24.0862836,ok
"Vavdos, Polygyros, Macedonia and Thrace, Central Macedonia, Greece",40.4263422,23.3242292,ok
"Nerotrivia, Thessaly and Central, Municipality of Chalkide, Central, Greece",38.6136014,23.5305726,ok
"Pilalimata, Region of Crete, District of Sitia, Lasithi Regional Unit, Greece",35.0399545,25.9957278,ok
"Litines, Region of Crete, District of Sitia, Lasithi Regional Unit, Greece",35.1241319,25.9060167,ok
"Vryses, Kyparissia, Peloponnese, Western and the Ionian, Municipality of Trifylia, Peloponnese Region, Greece",37.2482025,21.7113096,ok
"Gkizela, Macedonia and Thrace, Xanthi Municipality, Eastern Macedonia and Thrace, Greece",41.0379263,24.8620436,ok
"Filiatra, Peloponnese, Western and the Ionian, Municipality of Trifylia, Peloponnese Region, Greece",37.157175,21.5858521,ok
"Steno, Nea Peramos, Attica, Municipality of Piraeus, Regional Unit of Piraeus, Greece",37.9772753,23.4284851,ok
"Upper Pedina, Epirus and Western Macedonia, Ioannina Municipality, Epirus, Greece",39.5501591,20.7486368,ok
"Nea Anchialos, Thessaly and Central, Volos Municipality, Thessaly, Greece",39.280167,22.8186102,ok
"Perdika, Attica, Municipality of Piraeus, Regional Unit of Piraeus, Greece",39.3691711,20.3033683,ok
"Amygdaleonas, Macedonia and Thrace, Kavala Prefecture, Eastern Macedonia and Thrace, Greece",40.9628834,24.3593442,ok
"Moutsouna, Aegean, Municipality of Naxos and the Lesser Cyclades, South Aegean, Greece",37.0783442,25.5861519,ok
"Nerantza, Velo, Peloponnese, Western and the Ionian, Municipality of Velo and Vocha, Peloponnese Region, Greece",37.9837662,22.7815155,ok
"Larani, Region of Crete, District of Gortys, Heraklion Regional Unit, Greece",35.1057711,25.0658146,ok
"Palio Gerani, Region of Crete, Platanias Municipality, Chania Regional Unit, Greece",35.5094234,23.8738137,ok
"Saint George, Platanos, Region of Crete, Kissamos Municipality, Chania Regional Unit, Greece",40.6038684,22.1948634,ok
"Agios Georgios, Macedonia and Thrace, Veria, Central Macedonia, Greece",40.6038684,22.1948634,ok
"Dounaika, Peloponnese, Western and the Ionian, Municipality of Ilida, Western, Greece",37.7421476,21.3307133,ok
"Epirus and Western Macedonia, Preveza Municipality, Epirus, Greece",38.9579903,20.7548431,ok
"Pterounta, Aegean, Municipality of Western Lesvos, Northern Aegean, Greece",39.2132758,26.0558949,ok
"Kryoneritis, Thessaly and Central, Municipality of Istia-Aidipsos, Central, Greece",38.9296502,23.2835485,ok
"Avgeniki, Region of Crete, District of Heraklion, Heraklion Regional Unit, Greece",35.188805,25.0283207,ok
"Chaidefto, Keramoti, Macedonia and Thrace, Kavala Prefecture, Eastern Macedonia and Thrace, Greece",40.8747443,24.70643,ok
"Sull, Peloponnese, Western and the Ionian, Municipality of Sparta, Peloponnese Region, Greece",37.3522056,22.3300468,ok
"Settlement ""Agioi Anargyroi"", Macedonia and Thrace, Municipality of Thessaloniki, Central Macedonia, Greece",40.8899865,22.7693631,ok
"Pesada, Peloponnese, Western and the Ionian, Municipality of Kefallinia, Ioanian Islands, Greece",38.1135201,20.5790113,ok
"Violi Charaki, Region of Crete, Rethymni Municipality, Rethymno Regional Unit, Greece",35.362293,24.4395433,ok
"Klidi, Macedonia and Thrace, Municipality of Pella, Central Macedonia, Greece",40.5579282,22.6006124,ok
"Fyteia, Macedonia and Thrace, Veria, Central Macedonia, Greece",40.5629639,22.1094385,ok
"Neochori, Epirus and Western Macedonia, Ioannina Municipality, Epirus, Greece",39.7469633,20.7109837,ok
"Zygos, Macedonia and Thrace, Kavala Prefecture, Eastern Macedonia and Thrace, Greece",41.0146003,24.3821571,ok
"Vathy, Thessaly and Central, Municipality of Chalkide, Central, Greece",37.7474564,26.9818179,ok
"Tragana, Peloponnese, Western and the Ionian, Municipality of Trifylia, Peloponnese Region, Greece",37.0070909,21.6678407,ok
"Armenades, Peloponnese, Western and the Ionian, Municipality of Corfu, Ioanian Islands, Greece",39.7445594,19.6900783,ok
"Elaionas, Peloponnese, Western and the Ionian, Municipality of Aigialeia, Western, Greece",38.1988131,22.1698114,ok
"Kiato, Peloponnese, Western and the Ionian, Municipality of Sikyona, Peloponnese Region, Greece",38.00916,22.7507113,ok
"Vrastama, Polygyros, Macedonia and Thrace, Central Macedonia, Greece",40.3714341,23.5353304,ok
"Pentamodi, Region of Crete, District of Heraklion, Heraklion Regional Unit, Greece",35.2476511,25.02645,ok
"Kalafationes, Peloponnese, Western and the Ionian, Municipality of Corfu, Ioanian Islands, Greece",39.5802582,19.8592842,ok
"Armeni, Region of Crete, Chania Regional Unit, Greece",35.428559,24.1588171,ok
"Arachova, Thessaly and Central, Municipality of Distomo-Arachova-Antikyra, Central, Greece",38.4800715,22.5841959,ok
"Aianteio, Attica, Municipality of Piraeus, Regional Unit of Piraeus, Greece",37.9223361,23.4675299,ok
"Thessaly and Central, Volos Municipality, Thessaly, Greece",39.3605843,22.9444921,ok
"Agios Georgios, Epirus and Western Macedonia, Municipality of Kastoria, Western Macedonia, Greece",40.5209966,21.274228,ok
"Metangitsi, Macedonia and Thrace, The Municipality of Sithonia, Central Macedonia, Greece",40.3242638,23.6556284,ok
"Delphi, Thessaly and Central, Municipality of Delphi, Central, Greece",38.4811538,22.5005486,ok
"Lykoporia, Peloponnese, Western and the Ionian, Municipality of Xylokastro and Evrostina, Peloponnese Region, Greece",38.1287385,22.5058156,ok
"Gerakas, Peloponnese, Western and the Ionian, Municipality of Monemvasia, Peloponnese Region, Greece",36.8060662,23.0558508,ok
"Lianokladi, Thessaly and Central, Lamia, Central, Greece",38.8907335,22.3726917,ok
"Agii Douli, Peloponnese, Western and the Ionian, Municipality of Corfu, Ioanian Islands, Greece",39.7476613,19.7566321,ok
"Chrysavgi, Langadas, Macedonia and Thrace, Municipality of Thessaloniki, Central Macedonia, Greece",39.5849709,21.8547862,ok
"Valanio, Peloponnese, Western and the Ionian, Municipality of Corfu, Ioanian Islands, Greece",39.7337876,19.7560168,ok
"Ofrynio Beach, Macedonia and Thrace, Drama Municipality, Eastern Macedonia and Thrace, Greece",40.7651305,23.9000783,ok
"Ghouledhiana, Region of Crete, Rethymni Municipality, Rethymno Regional Unit, Greece",35.2148577,24.5453746,ok
"Mesagros, Attica, Municipality of Piraeus, Regional Unit of Piraeus, Greece",39.037323,26.4453031,ok
"Oropos, Nea Palatia, Thessaly and Central, Municipality of Chalkide, Central, Greece",38.304395,23.7533067,ok
"Neochori, Kamena Vourla, Thessaly and Central, Municipality of Molos - Agios Konstantinos, Central, Greece",38.7728025,22.8364704,ok
"Rhodes, Greece",36.1725297,27.9194016,ok
"Olynthos, Polygyros, Macedonia and Thrace, Central Macedonia, Greece",40.2901949,23.3419596,ok
"Sampas, Region of Crete, District of Heraklion, Heraklion Regional Unit, Greece",35.216019,25.2646572,ok
"Vrachati, Peloponnese, Western and the Ionian, Municipality of Velo and Vocha, Peloponnese Region, Greece",37.954835,22.8036358,ok
"Spilia, Region of Crete, Platanias Municipality, Chania Regional Unit, Greece",35.514634,23.7794962,ok
"Thessaly and Central, Municipality of Kymi - Aliveri, Central, Greece",38.4467332,24.0065836,ok
"Douliana, Region of Crete, Chania Regional Unit, Greece",35.4295583,24.1911029,ok
"Plakias, Region of Crete, Agios Vasileios Municipality, Rethymno Regional Unit, Greece",35.1915354,24.3954504,ok
"Neochori, Epirus and Western Macedonia, Preveza Municipality, Epirus, Greece",38.983927,20.7804592,ok
"Germenata, Peloponnese, Western and the Ionian, Municipality of Kefallinia, Ioanian Islands, Greece",38.4638696,20.5627446,ok
"Fournes, Region of Crete, Platanias Municipality, Chania Regional Unit, Greece",35.4375812,23.9406803,ok
"Milies, Stavros, Macedonia and Thrace, Serres Municipality, Central Macedonia, Greece",39.3283063,23.149564,ok
"Nerokouros, Region of Crete, Chania Municipality, Chania Regional Unit, Greece",35.4992894,24.0306348,ok
"Sklavopoula, Region of Crete, Kantanos - Selinos Municipality, Chania Regional Unit, Greece",37.3235947,26.6040149,ok
"Elea, Region of Crete, District of Heraklion, Heraklion Regional Unit, Greece",35.3041743,25.2321188,ok
"Monolithos, Aegean, Municipality of Thira, South Aegean, Greece",36.410413,25.4811567,ok
"Ellinika, Thessaly and Central, Municipality of Istia-Aidipsos, Central, Greece",38.4802197,21.4153566,ok
"Posidonia, Aegean, Municipality of Syros and Ermoupoli, Syros Regional Unit, Greece",37.3883278,24.8910426,ok
"Vromoneri, Peloponnese, Western and the Ionian, Municipality of Trifylia, Peloponnese Region, Greece",37.0162306,21.6215086,ok
"Makrinitsa, Thessaly and Central, Volos Municipality, Thessaly, Greece",39.4018174,22.9863006,ok
"Tsangarada, Thessaly and Central, Zagora - Mouresi Municipality, Thessaly, Greece",39.4304489,23.1201547,ok
"Macedonia and Thrace, Veria, Central Macedonia, Greece",40.5198205,22.2057483,ok
"Enoria, Kymi, Attica, Municipality of Athens, Regional Unit of Central Athens, Greece",38.6168024,24.1091534,ok
"Dionysiou, Nea Moudania, Macedonia and Thrace, The municipality Nea Propontida, Central Macedonia, Greece",40.2745217,23.2716286,ok
"Epirus and Western Macedonia, Ioannina Municipality, Epirus, Greece",39.6334443,20.8505126,ok
"Manoliopoulo, Region of Crete, Platanias Municipality, Chania Regional Unit, Greece",35.4697328,23.8563063,ok
"Maroneia, Macedonia and Thrace, Komotini Municipality, Eastern Macedonia and Thrace, Greece",40.9071186,25.5191764,ok
"Exochi, Macedonia and Thrace, Xanthi Municipality, Eastern Macedonia and Thrace, Greece",41.0305576,24.8612755,ok
"Moundros, Region of Crete, Rethymni Municipality, Rethymno Regional Unit, Greece",35.2767438,24.3674569,ok
"agios stephanos, Peloponnese, Western and the Ionian, Municipality of North Kynouria, Peloponnese Region, Greece",37.4278584,22.7342474,ok
"Krio Nero, Region of Crete, Chania Municipality, Chania Regional Unit, Greece",35.466832,24.0082279,ok
"Gialtra, Thessaly and Central, Municipality of Istia-Aidipsos, Central, Greece",38.8641519,22.9759472,ok
"Agnitsini, Peloponnese, Western and the Ionian, Municipality of Corfu, Ioanian Islands, Greece",39.7587986,19.9322769,ok
"Peloponnese, Western and the Ionian, Municipality of Ermionida, Peloponnese Region, Greece",37.3777652,23.1610316,ok
"Galatas, Attica, Municipality of Troizinia - Methana, Regional Unit of Islands, Greece",37.4964664,23.448144,ok
"Koroni, Peloponnese, Western and the Ionian, Municipality of Pylos and Nestoras, Peloponnese Region, Greece",36.7964395,21.9559911,ok
"Kyparissia, Peloponnese, Western and the Ionian, Municipality of Trifylia, Peloponnese Region, Greece",37.251085,21.6690119,ok
"Anaxos Skoutarou, Petra, Aegean, Municipality of Mytilene, Northern Aegean, Greece",39.3174785,26.1510597,ok
"Chairethiana, Region of Crete, Kissamos Municipality, Chania Regional Unit, Greece",35.4775005,23.7009826,ok
"Ermioni, Peloponnese, Western and the Ionian, Municipality of Ermionida, Peloponnese Region, Greece",37.3855871,23.2478822,ok
"Skaleta, Region of Crete, Rethymni Municipality, Rethymno Regional Unit, Greece",35.3881769,24.6123582,ok
"Prinos, Region of Crete, Rethymni Municipality, Rethymno Regional Unit, Greece",40.7417067,24.5761335,ok
"Kato Kalesa, Gazi, Region of Crete, District of Heraklion, Heraklion Regional Unit, Greece",35.288005,25.0566241,ok
"Agios Prodromos, Polygyros, Macedonia and Thrace, Central Macedonia, Greece",40.4659399,23.3794557,ok
"Pencil, Petra, Aegean, Municipality of Mytilene, Northern Aegean, Greece",37.9272849,23.7439163,ok
"Roviata, Peloponnese, Western and the Ionian, Municipality of Ilida, Western, Greece",37.8110576,21.3016328,ok
"Ligides, Region of Crete, Chania Municipality, Chania Regional Unit, Greece",35.4845209,23.970016,ok
"Aghia Anna, Naxos, Aegean, Municipality of Naxos and the Lesser Cyclades, South Aegean, Greece",37.067543,25.3561507,ok
"Aroni, Region of Crete, Chania Municipality, Chania Regional Unit, Greece",35.5153151,24.1105481,ok
"Agios Ioannis, Region of Crete, Municipality of Agios Ioannis, Lasithi Regional Unit, Greece",35.0501037,25.8560739,ok
"Perama, Region of Crete, District of Heraklion, Heraklion Regional Unit, Greece",37.9662294,23.5691709,ok
"Zagkliveri, Macedonia and Thrace, Municipality of Thessaloniki, Central Macedonia, Greece",40.571922,23.2887816,ok
"Ano Potamos, Aegean, Municipality of Amorgos, South Aegean, Greece",36.8952709,25.9745023,ok
"Lihada, Thessaly and Central, Municipality of Istia-Aidipsos, Central, Greece",38.8494898,22.8653986,ok
"Kini, Aegean, Municipality of Chios, Northern Aegean, Greece",38.2500908,26.0707929,ok
"Municipality of Kalavryta, Peloponnese, Western and the Ionian, Western, Greece",37.9650709,22.030159,ok
"Ano Kalesa, Gazi, Region of Crete, District of Heraklion, Heraklion Regional Unit, Greece",35.2842437,25.0594059,ok
"Gra Lygia, Region of Crete, Municipality of Ierapetra, Lasithi Regional Unit, Greece",35.0153689,25.6930915,ok
"Vyzitsa, Thessaly and Central, South Pilio Municipality, Thessaly, Greece",39.5060878,22.3191881,ok
"Kalami, Peloponnese, Western and the Ionian, Municipality of Corfu, Ioanian Islands, Greece",39.7439512,19.9332106,ok
"Drosia, Thessaly and Central, Municipality of Chalkide, Central, Greece",38.4817894,23.5392876,ok
"Belokomiti, Thessaly and Central, Municipality of Lake Plastira, Thessaly, Greece",39.256002,21.7335285,ok
"Koufos, Region of Crete, Platanias Municipality, Chania Regional Unit, Greece",35.4661924,23.8992022,ok
"Kastro, Peloponnese, Western and the Ionian, Municipality of Andravida and Kyllini, Western, Greece",37.889883,21.1376689,ok
"Neochorouda, Pentalofos, Macedonia and Thrace, Municipality of Oreokastro, Central Macedonia, Greece",40.7109012,22.8645271,ok
"Keramoutsi, Region of Crete, District of Malevizi, Heraklion Regional Unit, Greece",35.277771,25.0283154,ok
"Plataria, Peloponnese, Western and the Ionian, Municipality of Corfu, Ioanian Islands, Greece",39.4508553,20.277162,ok
"Varipetro, Region of Crete, Chania Municipality, Chania Regional Unit, Greece",35.4654093,23.9625607,ok
"Kato Agios Markos, Peloponnese, Western and the Ionian, Municipality of Corfu, Ioanian Islands, Greece",39.7032826,19.8393241,ok
"Evropouli, Peloponnese, Western and the Ionian, Municipality of Corfu, Ioanian Islands, Greece",39.6245515,19.8669215,ok
"Nimborio, Attica, Municipality of Athens, Regional Unit of Central Athens, Greece",38.1209928,24.2177377,ok
"Agios Kostantinos, Region of Crete, Rethymni Municipality, Rethymno Regional Unit, Greece",35.29737,24.3669028,ok
"Kritika, Aegean, Municipality of Rhodes, South Aegean, Greece",36.434417,28.2032508,ok
"Anilio, Thessaly and Central, Zagora - Mouresi Municipality, Thessaly, Greece",39.4196845,23.1354759,ok
"Pyrgi, Aegean, Municipality of Chios, Northern Aegean, Greece",38.2272136,25.998926,ok
"Knossos, Region of Crete, District of Heraklion, Heraklion Regional Unit, Greece",35.2980573,25.1628132,ok
"Marmara, Aegean, Municipality of Paros, South Aegean, Greece",37.0510753,25.2473313,ok
"Kournas, Region of Crete, Chania Regional Unit, Greece",35.3134518,24.2966073,ok
"Kantia, Peloponnese, Western and the Ionian, Municipality of Nafplio, Peloponnese Region, Greece",37.5287921,22.9614368,ok
"Vainia, Region of Crete, Municipality of Ierapetra, Lasithi Regional Unit, Greece",35.0249358,25.772102,ok
"Autonomous Monastic State of the Holy Mountain, Greece",40.2318464,24.2582359,ok
"Neo Karlovasi, Aegean, Municipality of Western Samos, Northern Aegean, Greece",37.7903395,26.7055031,ok
"Itylo, Areopoli, Peloponnese, Western and the Ionian, Municipality of East Mani, Peloponnese Region, Greece",36.7068671,22.3886638,ok
"Vlacheronitissa, Region of Crete, Platanias Municipality, Chania Regional Unit, Greece",35.5122891,23.8256062,ok
"Pinakates, Thessaly and Central, South Pilio Municipality, Thessaly, Greece",39.3364073,23.1174016,ok
"Maza, Georgioupoli, Region of Crete, Chania Regional Unit, Greece",35.3573454,24.212976,ok
"Vranganiotika, Peloponnese, Western and the Ionian, Municipality of Corfu, Ioanian Islands, Greece",39.4665825,19.9125063,ok
"Mina, Peloponnese, Western and the Ionian, Municipality of East Mani, Peloponnese Region, Greece",36.5458903,22.4162132,ok
"Kontomari, Region of Crete, Platanias Municipality, Chania Regional Unit, Greece",35.507212,23.8562286,ok
"Kymi, Attica, Municipality of Athens, Regional Unit of Central Athens, Greece",38.6348922,24.1027429,ok
"Zakynthos, Peloponnese, Western and the Ionian, Zakynthos Municipality, Ioanian Islands, Greece",37.7828669,20.8962212,ok
"Lasteika, Peloponnese, Western and the Ionian, Municipality of Pyrgos, Western, Greece",37.6948442,21.407773,ok
"Apollonia, Aegean, Municipality of Sifnos, South Aegean, Greece",36.9745125,24.7239111,ok
"Ethia, Region of Crete, District of Heraklion, Heraklion Regional Unit, Greece",34.9885916,25.1936285,ok
"Eratini, Thessaly and Central, Municipality of Dorida, Central, Greece",38.3597968,22.2292598,ok
"Stylida, Thessaly and Central, Municipality of Stylida, Central, Greece",38.9139258,22.6149855,ok
"Gousades, Peloponnese, Western and the Ionian, Municipality of Corfu, Ioanian Islands, Greece",39.7768228,19.7008423,ok
"Sgourokefali, Region of Crete, District of Heraklion, Heraklion Regional Unit, Greece",35.2425882,25.2366615,ok
"Agios, Thessaly and Central, Municipality of Istia-Aidipsos, Central, Greece",38.9044946,23.0605934,ok
"Platanos, Macedonia and Thrace, Municipality of Pella, Central Macedonia, Greece",40.8770075,21.9621699,ok
"Livadochori, Aegean, Lemnos Municipality, Northern Aegean, Greece",39.9093375,25.19914,ok
"Peloponnese, Western and the Ionian, Municipality of Aigialeia, Western, Greece",38.2516233,22.0880716,ok
"Kini, Ano Syros, Aegean, Municipality of Syros and Ermoupoli, Syros Regional Unit, Greece",37.4466303,24.9011205,ok
"Kallithea, Peloponnese, Western and the Ionian, Municipality of Agrinio, Western, Greece",38.7140364,21.6222854,ok
"Agios Nikolaos, Region of Crete, Rethymni Municipality, Rethymno Regional Unit, Greece",35.3658584,24.263889,ok
"Kenourgio, Thessaly and Central, Municipality of Molos - Agios Konstantinos, Central, Greece",38.7929274,22.7249764,ok
"Moires, Region of Crete, District of Heraklion, Heraklion Regional Unit, Greece",35.0502506,24.8703995,ok
"Agiasma, Macedonia and Thrace, Kavala Prefecture, Eastern Macedonia and Thrace, Greece",40.9089634,24.6569845,ok
"Agios Prokopios, Peloponnese, Western and the Ionian, Municipality of Corfu, Ioanian Islands, Greece",39.5708042,19.8745244,ok
"Gardelades, Peloponnese, Western and the Ionian, Municipality of Corfu, Ioanian Islands, Greece",39.6796386,19.744302,ok
"Form, Peloponnese, Western and the Ionian, Municipality of Corinth, Peloponnese Region, Greece",40.270384,22.5082041,ok
"Agia Eleni, Peloponnese, Western and the Ionian, Municipality of Corfu, Ioanian Islands, Greece",39.6088802,19.8864128,ok
"Aghios Prokopios, Naxos, Aegean, Municipality of Naxos and the Lesser Cyclades, South Aegean, Greece",37.0750385,25.3513495,ok
"Nea Tiryntha, Peloponnese, Western and the Ionian, Municipality of Nafplio, Peloponnese Region, Greece",37.6071641,22.8183821,ok
"Eleftheres, Macedonia and Thrace, Kavala Prefecture, Eastern Macedonia and Thrace, Greece",39.5778214,22.3366496,ok
"Peloponnese, Western and the Ionian, Municipality of East Mani, Peloponnese Region, Greece",36.7598393,22.5658515,ok
"Astros Beach, Astros, Peloponnese, Western and the Ionian, Municipality of Argos and Mykines, Peloponnese Region, Greece",37.4163488,22.7644306,ok
"Assiros, Macedonia and Thrace, Municipality of Thessaloniki, Central Macedonia, Greece",40.8781558,23.0606032,ok
"Karyes, Macedonia and Thrace, Central Macedonia, Greece",40.2384891,22.2941708,ok
"Egira, Peloponnese, Western and the Ionian, Municipality of Aigialeia, Western, Greece",38.1452075,22.3547876,ok
"Attica, Municipality of Kifisia, Regional Unit of North Athens, Greece",38.0879923,23.8180723,ok
"Salt, Thessaly and Central, Municipality of Thiva, Central, Greece",36.7156409,25.2930858,ok
"Modi, Thessaly and Central, Municipality of Amfikleia - Elatia, Central, Greece",38.424604,21.0213306,ok
"Valimitika, Peloponnese, Western and the Ionian, Municipality of Aigialeia, Western, Greece",38.2338898,22.1389687,ok
"Naxos, Aegean, Greece",37.0600105,25.4707567,ok
"Staircase, Nafpaktos, Peloponnese, Western and the Ionian, Municipality of Nafpaktia, Western, Greece",35.2929919,25.4930713,ok
"Neokesaria, Epirus and Western Macedonia, Ioannina Municipality, Epirus, Greece",39.5501591,20.7486368,ok
"Kastro, Aegean, Municipality of Sifnos, South Aegean, Greece",36.9745454,24.7451449,ok
"Diomidia, Macedonia and Thrace, Xanthi Municipality, Eastern Macedonia and Thrace, Greece",41.0901715,24.9017284,ok
"Macedonia and Thrace, Municipality of Kilkis, Central Macedonia, Greece",40.9921785,22.8732846,ok
"Gonia, Region of Crete, Rethymni Municipality, Rethymno Regional Unit, Greece",35.3229535,24.4189484,ok
"Nerochori, Region of Crete, Chania Regional Unit, Greece",35.4016605,24.1379833,ok
"Macedonia and Thrace, Municipality of Edessa, Central Macedonia, Greece",40.8003584,22.0496214,ok
"Archanes, Region of Crete, District of Heraklion, Heraklion Regional Unit, Greece",35.2355568,25.1600152,ok
"Kremasti, Aegean, Municipality of Rhodes, South Aegean, Greece",36.411602,28.1206631,ok
"Klimatia, Peloponnese, Western and the Ionian, Municipality of Corfu, Ioanian Islands, Greece",39.7421659,19.7837165,ok
"Neos Zygos, Macedonia and Thrace, Xanthi Municipality, Eastern Macedonia and Thrace, Greece",41.1167449,24.909329,ok
"Region of Crete, Municipality of Pachia Ammos, Lasithi Regional Unit, Greece",35.245389,24.7390408,ok
"Viranepiskopi, Region of Crete, Rethymni Municipality, Rethymno Regional Unit, Greece",35.3700055,24.6161134,ok
"Gaitani, Zakynthos, Peloponnese, Western and the Ionian, Zakynthos Municipality, Ioanian Islands, Greece",37.788739,20.874491,ok
"Meskla, Region of Crete, Platanias Municipality, Chania Regional Unit, Greece",35.4031426,23.9560761,ok
"Lacquer, Attica, Municipality of Saronikos, Regional Unit of East Attica, Greece",37.9715827,23.9767854,ok
"Glyfada, Peloponnese, Western and the Ionian, Municipality of Corfu, Ioanian Islands, Greece",39.5932485,19.8076974,ok
"Varnavas, Attica, Municipality of Athens, Regional Unit of Central Athens, Greece",38.2236445,23.923496,ok
"Kardamyli, Peloponnese, Western and the Ionian, Municipality of West Mani, Peloponnese Region, Greece",36.888381,22.2323753,ok
"Manikia, Thessaly and Central, Municipality of Chalkide, Central, Greece",38.5481179,23.9906406,ok
"Polyneri, Epirus and Western Macedonia, Municipality of Kastoria, Western Macedonia, Greece",39.3493493,22.26523,ok
"Alykanas, Peloponnese, Western and the Ionian, Zakynthos Municipality, Ioanian Islands, Greece",37.8364491,20.7809897,ok
"Magoula, Attica, Municipality of Piraeus, Regional Unit of Piraeus, Greece",38.0791202,23.5217004,ok
"Marathias, Peloponnese, Western and the Ionian, Municipality of Corfu, Ioanian Islands, Greece",39.4271882,19.9954146,ok
"Douroufi, Peloponnese, Western and the Ionian, Municipality of Ermionida, Peloponnese Region, Greece",37.3522056,22.3300468,ok
"Vlichada, Region of Crete, District of Heraklion, Heraklion Regional Unit, Greece",35.03533,26.2165545,ok
"Spartia, Peloponnese, Western and the Ionian, Municipality of Kefallinia, Ioanian Islands, Greece",38.110355,20.5624279,ok
"Aegean, Municipality of Antiparos, South Aegean, Greece",37.0398635,25.0826418,ok
"Charaki, Region of Crete, District of Heraklion, Heraklion Regional Unit, Greece",35.1134359,25.1371668,ok
"Ano Syros, Aegean, Municipality of Syros and Ermoupoli, Syros Regional Unit, Greece",37.4501993,24.9357722,ok
"Curly, Aegean, Municipality of Rhodes, South Aegean, Greece",36.6664741,25.7315159,ok
"Dadia, Macedonia and Thrace, Municipality of Alexandroupolis, Eastern Macedonia and Thrace, Greece",41.1293228,26.2249046,ok
"Livadi, Macedonia and Thrace, Municipality of Thessaloniki, Central Macedonia, Greece",40.5230045,23.2223138,ok
"Avramylia, Macedonia and Thrace, Municipality of Nestos, Eastern Macedonia and Thrace, Greece",41.0567209,24.7127743,ok
"Ryto, Peloponnese, Western and the Ionian, Municipality of Corinth, Peloponnese Region, Greece",37.8190206,22.9921923,ok
"Agios Loukas, Aliveri, Thessaly and Central, Municipality of Chalkide, Central, Greece",40.7204056,22.2952215,ok
"Nei Pori, Platamonas, Macedonia and Thrace, Municipality of Diou - Olympus, Central Macedonia, Greece",39.9774709,22.6498737,ok
"Vrises, Region of Crete, Chania Regional Unit, Greece",35.3767661,24.2014494,ok
"Gouves, Thessaly and Central, Municipality of Istia-Aidipsos, Central, Greece",35.3115579,25.3132827,ok
"Pounta, Aegean, Municipality of Paros, South Aegean, Greece",37.0381396,25.1013183,ok
"Avlona, Thessaly and Central, Municipality of Chalkide, Central, Greece",35.7734176,27.1814307,ok
"Kypseli, Aegina, Attica, Municipality of Aegina, Regional Unit of Islands, Greece",37.7568997,23.4582389,ok
"Stratoniki, Macedonia and Thrace, Municipality of Aristotle, Central Macedonia, Greece",40.5274246,23.762404,ok
"Methoni, Peloponnese, Western and the Ionian, Municipality of Pylos and Nestoras, Peloponnese Region, Greece",36.8226539,21.7071613,ok
"Bank, Peloponnese, Western and the Ionian, Municipality of Aigialeia, Western, Greece",38.2508317,22.0891117,ok
"Agios Dimitrios, Thessaly and Central, Zagora - Mouresi Municipality, Thessaly, Greece",39.4145043,23.149651,ok
"Marathokefala, Region of Crete, Platanias Municipality, Chania Regional Unit, Greece",35.5249933,23.7756967,ok
"Attica, Municipality of Moschato-Tavros, Regional Unit of South Athens, Greece",37.9577514,23.6822743,ok
"Oreokastro, Epirus and Western Macedonia, Ioannina Municipality, Epirus, Greece",39.9872523,20.5525886,ok
"Zygos, Peloponnese, Western and the Ionian, Municipality of Corfu, Ioanian Islands, Greece",39.7262222,19.8039411,ok
"Lecheo, Peloponnese, Western and the Ionian, Municipality of Corinth, Peloponnese Region, Greece",37.9352428,22.8443589,ok
"Xylokera, Peloponnese, Western and the Ionian, Municipality of Pyrgos, Western, Greece",37.7330155,21.3984151,ok
"Central, Budapest, Komarom-Esztergom, Hungary",47.6875963,16.5898189,ok
"Szilvasvarad, Great Plain and North, Belapatfalvai jaras, Heves, Hungary",48.1033386,20.3871297,ok
"Szigliget, Transdanubia, Tapolcai jaras, Veszprém, Hungary",46.8014362,17.4331745,ok
"Vecses, Central, Vecsesi jaras, Pest megye, Hungary",47.4068966,19.2643066,ok
"Nagykata, Central, Nagykatai jaras, Pest megye, Hungary",47.4138187,19.7503736,ok
"Goed, Central, Dunakeszi jaras, Pest megye, Hungary",47.3715943,19.3452624,ok
"Velence, Transdanubia, Gardonyi jaras, Fejér, Hungary",47.2353177,18.6605263,ok
"Bana, Transdanubia, Komaromi jaras, Komárom-Esztergom, Hungary",47.6505062,17.9196468,ok
"Kehidakustany, Transdanubia, Zalaszentgroti jaras, Zala, Hungary",46.8429994,17.0943015,ok
"Transdanubia, Budapest, Komarom-Esztergom, Hungary",46.8798302,17.5361141,ok
"Balatonudvari, Transdanubia, Balatonfueredi jaras, Veszprém, Hungary",46.9054215,17.8048202,ok
"Hajdusamson, Great Plain and North, Debreceni jaras, Hajdú-Bihar, Hungary",47.5989514,21.7537139,ok
"Mogyorod, Central, Gödöllő Regional Unit, Pest megye, Hungary",47.5986636,19.2384215,ok
"Gardony, Transdanubia, Gardonyi jaras, Fejér, Hungary",47.2028062,18.6261978,ok
"Great Plain and North, Miskolci jaras, Borsod-Abaúj-Zemplén, Hungary",48.1282176,20.8005064,ok
"Gyenesdias, Transdanubia, Keszthelyi jaras, Zala, Hungary",46.7725171,17.2860041,ok
"Szentgal, Transdanubia, Veszpremi jaras, Veszprém, Hungary",47.1125816,17.7351064,ok
"Nograd, Great Plain and North, Retsagi jaras, Nógrád, Hungary",47.9094266,19.0478895,ok
"Great Plain and North, Debreceni jaras, Hajdú-Bihar, Hungary",47.4845737,21.6261738,ok
"Dunaharaszti, Central, Szigetszentmiklosi jaras, Pest megye, Hungary",47.3541549,19.0912203,ok
"Nyergesujfalu, Transdanubia, Esztergomi jaras, Komárom-Esztergom, Hungary",47.7607076,18.5543675,ok
"Szentendre, Central, Szentendrei jaras, Pest megye, Hungary",47.6677606,19.0760467,ok
"Veresegyhaz, Central, Gödöllő Regional Unit, Pest megye, Hungary",47.655235,19.2868815,ok
"Pecel, Central, Gödöllő Regional Unit, Pest megye, Hungary",47.4911201,19.3446801,ok
"Bugyi, Central, Dabasi jaras, Pest megye, Hungary",47.2227504,19.1509326,ok
"Dunakeszi, Central, Dunakeszi jaras, Pest megye, Hungary",47.6316697,19.1294055,ok
"Fot, Central, Dunakeszi jaras, Pest megye, Hungary",47.6125871,19.1980105,ok
"Kistarcsa, Central, Gödöllő Regional Unit, Pest megye, Hungary",47.5447322,19.2636378,ok
"Domony, Central, Aszodi jaras, Pest megye, Hungary",47.6535146,19.4384419,ok
"Szigetszentmiklos, Central, Szigetszentmiklosi jaras, Pest megye, Hungary",47.3487056,19.0452409,ok
"Szazhalombatta, Central, Erdi jaras, Pest megye, Hungary",47.3171992,18.9120948,ok
"Erdotarcsa, Great Plain and North, Pasztoi jaras, Nógrád, Hungary",47.7617556,19.5427513,ok
"Albertirsa, Central, Cegledi jaras, Pest megye, Hungary",47.2457295,19.6127835,ok
"Budaoers, Central, Budakeszi jaras, Pest megye, Hungary",47.4475699,18.9849367,ok
"Kerepes, Central, Gödöllő Regional Unit, Pest megye, Hungary",47.5616135,19.2869071,ok
"Vac, Central, Vaci jaras, Pest megye, Hungary",47.7782873,19.1278294,ok
"Transdanubia, Szekesfehervari jaras, Fejér, Hungary",47.2123025,18.4319102,ok
"Toeroekbalint, Central, Erdi jaras, Pest megye, Hungary",47.3715943,19.3452624,ok
"Badacsonytomaj, Transdanubia, Tapolcai jaras, Veszprém, Hungary",46.8057988,17.514693,ok
"Soskut, Central, Erdi jaras, Pest megye, Hungary",47.4047185,18.8305621,ok
"Hosszupalyi, Great Plain and North, Derecskei jaras, Hajdú-Bihar, Hungary",47.39177,21.7335185,ok
"Fertorakos, Transdanubia, Soproni jaras, Győr-Moson-Sopron, Hungary",47.7161504,16.6527782,ok
"Uello, Central, Vecsesi jaras, Pest megye, Hungary",47.3715943,19.3452624,ok
"Transdanubia, Pecsi jaras, Baranya, Hungary",46.0156811,18.2252964,ok
"Tahitotfalu, Central, Szentendrei jaras, Pest megye, Hungary",47.75434,19.0844571,ok
"Pilisborosjeno, Central, Pilisvoeroesvari jaras, Pest megye, Hungary",47.6072769,18.9920278,ok
"Monor, Central, Monori jaras, Pest megye, Hungary",47.3527433,19.4468404,ok
"Heviz, Transdanubia, Keszthelyi jaras, Zala, Hungary",46.7906038,17.1834489,ok
"Dunaujvaros, Transdanubia, Dunaujvarosi jaras, Fejér, Hungary",46.9649048,18.9405047,ok
"Koroeshegy, Transdanubia, Siofoki jaras, Somogy, Hungary",46.439656,17.6212956,ok
"Erd, Central, Erdi jaras, Pest megye, Hungary",47.3772495,18.9213833,ok
"Szabadbattyan, Transdanubia, Szekesfehervari jaras, Fejér, Hungary",47.1177414,18.3677694,ok
"Great Plain and North, Nyiregyhazi jaras, Szabolcs-Szatmár-Bereg, Hungary",47.893411,21.7361465,ok
"Pilismarot, Transdanubia, Esztergomi jaras, Komárom-Esztergom, Hungary",47.7848591,18.8747292,ok
"Vacszentlaszlo, Central, Gödöllő Regional Unit, Pest megye, Hungary",47.5735196,19.5366483,ok
"Isaszeg, Central, Gödöllő Regional Unit, Pest megye, Hungary",47.5303335,19.4017001,ok
"Zamardi, Transdanubia, Siofoki jaras, Somogy, Hungary",46.880099,17.9459459,ok
"Vertesacsa, Transdanubia, Bicskei jaras, Fejér, Hungary",47.3741324,18.5794394,ok
"Pusztavacs, Central, Dabasi jaras, Pest megye, Hungary",47.173855,19.498132,ok
"Leanyfalu, Central, Szentendrei jaras, Pest megye, Hungary",47.718888,19.0888422,ok
"Pomaz, Central, Szentendrei jaras, Pest megye, Hungary",47.6468212,19.0236304,ok
"Babolna, Transdanubia, Komaromi jaras, Komárom-Esztergom, Hungary",47.6422592,17.9786783,ok
"Pilisvoeroesvar, Central, Pilisvoeroesvari jaras, Pest megye, Hungary",47.3715943,19.3452624,ok
"orbottyan, Central, Vaci jaras, Pest megye, Hungary",47.6827581,19.263848,ok
"Sopron, Transdanubia, Soproni jaras, Győr-Moson-Sopron, Hungary",47.6803063,16.5983457,ok
"Maglod, Central, Vecsesi jaras, Pest megye, Hungary",47.4449622,19.3593136,ok
"Toekoel, Central, Szigetszentmiklosi jaras, Pest megye, Hungary",47.3715943,19.3452624,ok
"Taplanszentkereszt, Transdanubia, Szombathelyi jaras, Vas, Hungary",47.198556,16.696725,ok
"Balatonfuzfo, Transdanubia, Balatonalmadi jaras, Veszprém, Hungary",47.0620043,18.0409677,ok
"Nagykanizsa, Transdanubia, Nagykanizsai jaras, Zala, Hungary",46.4548261,16.9923923,ok
"Great Plain and North, Kecskemeti jaras, Bács-Kiskun, Hungary",46.9051404,19.6911544,ok
"Keszthely, Transdanubia, Keszthelyi jaras, Zala, Hungary",46.7675081,17.2462801,ok
"Balatonboglar, Transdanubia, Fonyodi jaras, Somogy, Hungary",46.7785372,17.6553331,ok
"Transdanubia, Szentgotthardi jaras, Vas, Hungary",46.9674161,16.2837811,ok
"Fehervarcsurgo, Transdanubia, Mori jaras, Fejér, Hungary",47.2905701,18.2658414,ok
"Gyoengyoessolymos, Great Plain and North, Gyoengyoesi jaras, Heves, Hungary",47.7884409,20.1714412,ok
"Suelysap, Central, Nagykatai jaras, Pest megye, Hungary",47.3715943,19.3452624,ok
"Dunavarsany, Central, Szigetszentmiklosi jaras, Pest megye, Hungary",47.2789632,19.0661045,ok
"Orgovany, Great Plain and North, Kecskemeti jaras, Bács-Kiskun, Hungary",46.7514033,19.476022,ok
"Abda, Transdanubia, Gyori jaras, Győr-Moson-Sopron, Hungary",47.6976818,17.5409829,ok
"Tenyo, Transdanubia, Gyori jaras, Győr-Moson-Sopron, Hungary",47.5406578,17.6456212,ok
"Siofok, Transdanubia, Siofoki jaras, Somogy, Hungary",46.9071694,18.0541598,ok
"Transdanubia, Szekszardi jaras, Tolna, Hungary",46.348609,18.7237739,ok
"Nagymaros, Central, Szobi jaras, Pest megye, Hungary",47.7891142,18.9587262,ok
"Szigetszentmarton, Central, Rackevei jaras, Pest megye, Hungary",47.2286092,18.9576052,ok
"Transdanubia, Tatabanyai jaras, Komárom-Esztergom, Hungary",47.5879994,18.3563746,ok
"Gyal, Central, Gyali jaras, Pest megye, Hungary",47.3845453,19.2173066,ok
"Babonymegyer, Transdanubia, Tabi jaras, Somogy, Hungary",46.7516739,18.1195573,ok
"Badacsonytoerdemic, Transdanubia, Tapolcai jaras, Veszprém, Hungary",47.0933824,17.9080406,ok
"Harkany, Transdanubia, Siklosi jaras, Baranya, Hungary",45.8477907,18.2359978,ok
"Kozarmisleny, Transdanubia, Pecsi jaras, Baranya, Hungary",46.0478232,18.2857045,ok
"Transdanubia, Gyori jaras, Győr-Moson-Sopron, Hungary",47.7531738,17.5574065,ok
"Balatonalmadi, Transdanubia, Balatonalmadi jaras, Veszprém, Hungary",47.030277,18.0155756,ok
"Kislod, Transdanubia, Ajkai jaras, Veszprém, Hungary",47.1446686,17.6217273,ok
"Orfu, Transdanubia, Pecsi jaras, Baranya, Hungary",46.1380554,18.1551995,ok
"Pocsmegyer, Central, Szentendrei jaras, Pest megye, Hungary",47.7158378,19.0956199,ok
"Bicske, Transdanubia, Bicskei jaras, Fejér, Hungary",47.4907066,18.6358046,ok
"Marcali, Transdanubia, Marcali jaras, Somogy, Hungary",46.5876002,17.4104457,ok
"Cegled, Central, Cegledi jaras, Pest megye, Hungary",47.1716447,19.7977516,ok
"Jaszbereny, Great Plain and North, Jaszberenyi jaras, Jász-Nagykun-Szolnok, Hungary",47.5030505,19.9117887,ok
"Bony, Transdanubia, Gyori jaras, Győr-Moson-Sopron, Hungary",47.6506785,17.8674499,ok
"Csoede, Transdanubia, Zalaegerszegi jaras, Zala, Hungary",46.6713343,16.8894692,ok
"Keszue, Transdanubia, Pecsi jaras, Baranya, Hungary",45.9714436,18.1669246,ok
"Paloznak, Transdanubia, Balatonfueredi jaras, Veszprém, Hungary",46.9833457,17.9408772,ok
"Cserszegtomaj, Transdanubia, Keszthelyi jaras, Zala, Hungary",46.8061946,17.2264662,ok
"Mosonmagyarovar, Transdanubia, Mosonmagyarovari jaras, Győr-Moson-Sopron, Hungary",47.8731793,17.2722342,ok
"Visegrád, Central, Szentendrei jaras, Pest megye, Hungary",47.7845811,18.9703373,ok
"Szokolya, Central, Szobi jaras, Pest megye, Hungary",47.867997,19.0061078,ok
"Rackeve, Central, Rackevei jaras, Pest megye, Hungary",47.1609765,18.9436266,ok
"Paks, Transdanubia, Paksi jaras, Tolna, Hungary",46.6229468,18.8589364,ok
"Great Plain and North, Szegedi jaras, Csongrád-Csanád, Hungary",46.2895362,20.1178975,ok
"Sarvar, Transdanubia, Sarvari jaras, Vas, Hungary",47.2517426,16.9342165,ok
"Fenyeslitke, Great Plain and North, Kisvardai jaras, Szabolcs-Szatmár-Bereg, Hungary",48.2709162,22.0990803,ok
"Dunapataj, Great Plain and North, Kalocsai jaras, Bács-Kiskun, Hungary",46.6442755,18.9990105,ok
"Great Plain and North, Bekescsabai jaras, Békés, Hungary",46.683199,21.0533163,ok
"Tes, Transdanubia, Varpalotai jaras, Veszprém, Hungary",47.257864,18.0304856,ok
"Balatonlelle, Transdanubia, Fonyodi jaras, Somogy, Hungary",46.7867617,17.6965209,ok
"Transdanubia, Veszpremi jaras, Veszprém, Hungary",47.0566738,17.9079972,ok
"Inarcs, Central, Dabasi jaras, Pest megye, Hungary",47.260939,19.3291422,ok
"Csomad, Central, Dunakeszi jaras, Pest megye, Hungary",47.6547632,19.2368611,ok
"Ercsi, Transdanubia, Martonvasari jaras, Fejér, Hungary",47.2519697,18.8983773,ok
"Fonyod, Transdanubia, Fonyodi jaras, Somogy, Hungary",46.7467521,17.54946,ok
"Per, Transdanubia, Gyori jaras, Győr-Moson-Sopron, Hungary",47.6123429,17.7979394,ok
"Tapolca, Transdanubia, Tapolcai jaras, Veszprém, Hungary",46.8820972,17.4389619,ok
"Helvecia, Great Plain and North, Kecskemeti jaras, Bács-Kiskun, Hungary",46.8373932,19.6212831,ok
"Sarszentmihaly, Transdanubia, Szekesfehervari jaras, Fejér, Hungary",47.1543829,18.3263027,ok
"Derecske, Great Plain and North, Derecskei jaras, Hajdú-Bihar, Hungary",47.3539466,21.5709171,ok
"Bikacs, Transdanubia, Paksi jaras, Tolna, Hungary",46.6759851,18.6636898,ok
"Sajovamos, Great Plain and North, Miskolci jaras, Borsod-Abaúj-Zemplén, Hungary",48.1800367,20.8338894,ok
"Tapioszecso, Central, Nagykatai jaras, Pest megye, Hungary",47.4506254,19.6077248,ok
"Nagytarcsa, Central, Gödöllő Regional Unit, Pest megye, Hungary",47.5267788,19.2835163,ok
"Biatorbagy, Central, Budakeszi jaras, Pest megye, Hungary",47.4739442,18.8232855,ok
"Gyoemro, Central, Monori jaras, Pest megye, Hungary",47.3715943,19.3452624,ok
"Goedoello, Central, Gödöllő Regional Unit, Pest megye, Hungary",47.5955902,19.3476521,ok
"Gyomaendrod, Great Plain and North, Gyomaendrodi jaras, Békés, Hungary",46.9358032,20.8260916,ok
"Bag, Central, Aszodi jaras, Pest megye, Hungary",47.6337331,19.4792099,ok
"Csakvar, Transdanubia, Bicskei jaras, Fejér, Hungary",47.3918045,18.464064,ok
"Zsambek, Central, Budakeszi jaras, Pest megye, Hungary",47.5483115,18.7174344,ok
"Zalaszentgrot, Transdanubia, Zalaszentgroti jaras, Zala, Hungary",46.9438023,17.0790205,ok
"Dabas, Central, Dabasi jaras, Pest megye, Hungary",47.1886122,19.3203063,ok
"Kovagooers, Transdanubia, Tapolcai jaras, Veszprém, Hungary",47.0933824,17.9080406,ok
"Pilis, Central, Monori jaras, Pest megye, Hungary",47.2860696,19.5467411,ok
"Csorna, Transdanubia, Csornai jaras, Győr-Moson-Sopron, Hungary",47.6134153,17.2497955,ok
"Balmazujvaros, Great Plain and North, Balmazujvarosi jaras, Hajdú-Bihar, Hungary",47.6116279,21.3437378,ok
"Magyaralmas, Transdanubia, Szekesfehervari jaras, Fejér, Hungary",47.267163,18.331564,ok
"Szolad, Transdanubia, Siofoki jaras, Somogy, Hungary",46.786529,17.8395303,ok
"Halaszi, Transdanubia, Mosonmagyarovari jaras, Győr-Moson-Sopron, Hungary",47.8909561,17.3293251,ok
"Bocskaikert, Great Plain and North, Hajduhadhazi jaras, Hajdú-Bihar, Hungary",47.645522,21.660948,ok
"Tarnok, Central, Erdi jaras, Pest megye, Hungary",47.366862,18.8660065,ok
"Esztergom, Transdanubia, Esztergomi jaras, Komárom-Esztergom, Hungary",47.7856939,18.7403377,ok
"Szada, Central, Gödöllő Regional Unit, Pest megye, Hungary",47.6363332,19.3116981,ok
"Tura, Central, Aszodi jaras, Pest megye, Hungary",47.60935,19.5949442,ok
"Koeszeg, Transdanubia, Koszegi jaras, Vas, Hungary",47.1371935,16.780898,ok
"Pakozd, Transdanubia, Gardonyi jaras, Fejér, Hungary",47.2170707,18.5437107,ok
"Kisber, Transdanubia, Kisberi jaras, Komárom-Esztergom, Hungary",47.4992603,18.0300173,ok
"Diosd, Central, Erdi jaras, Pest megye, Hungary",47.406256,18.9448604,ok
"Kotaj, Great Plain and North, Nyiregyhazi jaras, Szabolcs-Szatmár-Bereg, Hungary",48.0478876,21.709878,ok
"Tapiobicske, Central, Nagykatai jaras, Pest megye, Hungary",47.3622153,19.6867465,ok
"Varvoelgy, Transdanubia, Keszthelyi jaras, Zala, Hungary",46.6713343,16.8894692,ok
"Seregelyes, Transdanubia, Szekesfehervari jaras, Fejér, Hungary",47.111617,18.578555,ok
"Mad, Great Plain and North, Szerencsi jaras, Borsod-Abaúj-Zemplén, Hungary",48.1918518,21.2742214,ok
"Csurgo, Transdanubia, Csurgoi jaras, Somogy, Hungary",46.2642514,17.0950874,ok
"Zalakaros, Transdanubia, Nagykanizsai jaras, Zala, Hungary",46.5607855,17.1221529,ok
"Baja, Great Plain and North, Bajai jaras, Bács-Kiskun, Hungary",46.1785471,18.9517255,ok
"Tata, Transdanubia, Tatai jaras, Komárom-Esztergom, Hungary",47.6516214,18.3282083,ok
"Sajoszentpeter, Great Plain and North, Kazincbarcikai jaras, Borsod-Abaúj-Zemplén, Hungary",48.2183544,20.7087764,ok
"Hajduszoboszlo, Great Plain and North, Hajduszoboszloi jaras, Hajdú-Bihar, Hungary",47.4431291,21.3902995,ok
"Dunaszentmiklos, Transdanubia, Tatai jaras, Komárom-Esztergom, Hungary",47.7043878,18.3812859,ok
"Villany, Transdanubia, Siklosi jaras, Baranya, Hungary",45.8697644,18.4555208,ok
"Transdanubia, Szombathelyi jaras, Vas, Hungary",47.2440211,16.6437857,ok
"Balatongyoeroek, Transdanubia, Keszthelyi jaras, Zala, Hungary",46.6713343,16.8894692,ok
"Ueroem, Central, Pilisvoeroesvari jaras, Pest megye, Hungary",47.3715943,19.3452624,ok
"Bazsi, Transdanubia, Suemegi jaras, Veszprém, Hungary",46.9315485,17.2475113,ok
"Great Plain and North, Egri jaras, Heves, Hungary",47.2449924,20.9410144,ok
"Csongrad, Great Plain and North, Csongradi jaras, Csongrád-Csanád, Hungary",46.7097618,20.1537305,ok
"Balatonszarszo, Transdanubia, Siofoki jaras, Somogy, Hungary",46.8262918,17.8341937,ok
"Besnyo, Transdanubia, Dunaujvarosi jaras, Fejér, Hungary",47.1914649,18.7936451,ok
"Nyirbogdany, Great Plain and North, Kemecsei jaras, Szabolcs-Szatmár-Bereg, Hungary",48.0578767,21.8749001,ok
"Dunabogdany, Central, Szentendrei jaras, Pest megye, Hungary",47.7937922,19.0352037,ok
"Gor, Transdanubia, Sarvari jaras, Vas, Hungary",47.3598534,16.8041843,ok
"Lengyeltoti, Transdanubia, Fonyodi jaras, Somogy, Hungary",46.6671072,17.6411039,ok
"Zirc, Transdanubia, Zirci jaras, Veszprém, Hungary",47.2613795,17.8718188,ok
"Perkata, Transdanubia, Dunaujvarosi jaras, Fejér, Hungary",47.0479725,18.7901236,ok
"Szigetvar, Transdanubia, Szigetvari jaras, Baranya, Hungary",46.0474395,17.7993511,ok
"Siklos, Transdanubia, Siklosi jaras, Baranya, Hungary",45.8521446,18.2983821,ok
"Kisoroszi, Central, Szentendrei jaras, Pest megye, Hungary",47.8077589,19.0071715,ok
"Vamosszabadi, Transdanubia, Gyori jaras, Győr-Moson-Sopron, Hungary",47.7529429,17.6486876,ok
"Balatonszabadi, Transdanubia, Siofoki jaras, Somogy, Hungary",46.8913312,18.133571,ok
"Hajduboeszoermeny, Great Plain and North, Hajduboeszoermenyi jaras, Hajdú-Bihar, Hungary",47.4407848,21.4752281,ok
"Transdanubia, Zalaegerszegi jaras, Zala, Hungary",46.8870634,16.8306466,ok
"Papa, Transdanubia, Papai jaras, Veszprém, Hungary",47.3261087,17.4705293,ok
"Sarbogard, Transdanubia, Sarbogardi jaras, Fejér, Hungary",46.8874371,18.6196247,ok
"Kiskunfelegyhaza, Great Plain and North, Kiskunfelegyhazi jaras, Bács-Kiskun, Hungary",46.7114381,19.8501648,ok
"Gyorujbarat, Transdanubia, Gyori jaras, Győr-Moson-Sopron, Hungary",47.6133844,17.6365733,ok
"Zakanyfalu, Transdanubia, Csurgoi jaras, Somogy, Hungary",46.2756526,16.9477983,ok
"Lovaszpatona, Transdanubia, Papai jaras, Veszprém, Hungary",47.4391575,17.6334802,ok
"Szil, Transdanubia, Csornai jaras, Győr-Moson-Sopron, Hungary",47.5013162,17.2319589,ok
"Budakeszi, Central, Budakeszi jaras, Pest megye, Hungary",47.5099444,18.929382,ok
"Csovar, Central, Vaci jaras, Pest megye, Hungary",47.8137655,19.3238481,ok
"Nagykallo, Great Plain and North, Nagykalloi jaras, Szabolcs-Szatmár-Bereg, Hungary",47.874296,21.8434965,ok
"Galgamacsa, Central, Aszodi jaras, Pest megye, Hungary",47.693753,19.3848053,ok
"Nagykoroes, Central, Nagykoroesi jaras, Pest megye, Hungary",47.3715943,19.3452624,ok
"Mohacs, Transdanubia, Mohacsi jaras, Baranya, Hungary",45.9933836,18.6821079,ok
"Komlo, Transdanubia, Komloi jaras, Baranya, Hungary",46.1911673,18.2613778,ok
"Goenyu, Transdanubia, Gyori jaras, Győr-Moson-Sopron, Hungary",47.6610134,17.3796437,ok
"Gomba, Central, Monori jaras, Pest megye, Hungary",47.3703744,19.5311516,ok
"Vasarosnameny, Great Plain and North, Vasarosnamenyi jaras, Szabolcs-Szatmár-Bereg, Hungary",48.1267635,22.312647,ok
"Gyoengyoes, Great Plain and North, Gyoengyoesi jaras, Heves, Hungary",47.7884409,20.1714412,ok
"Dorog, Transdanubia, Esztergomi jaras, Komárom-Esztergom, Hungary",47.7223782,18.731435,ok
"Etyek, Transdanubia, Bicskei jaras, Fejér, Hungary",47.4448813,18.7504665,ok
"Szentgyoergyvoelgy, Transdanubia, Lenti jaras, Zala, Hungary",46.6713343,16.8894692,ok
"Gyorsag, Transdanubia, Gyori jaras, Győr-Moson-Sopron, Hungary",47.5802453,17.7521523,ok
"Kiskoroes, Great Plain and North, Kiskoroesi jaras, Bács-Kiskun, Hungary",46.5809294,19.5128532,ok
"Hahot, Transdanubia, Nagykanizsai jaras, Zala, Hungary",46.6488833,16.9227991,ok
"Lajosmizse, Great Plain and North, Kecskemeti jaras, Bács-Kiskun, Hungary",47.0264714,19.5582644,ok
"Enying, Transdanubia, Enyingi jaras, Fejér, Hungary",46.9269341,18.2449727,ok
"Harka, Transdanubia, Soproni jaras, Győr-Moson-Sopron, Hungary",47.6342337,16.602306,ok
"Szigethalom, Central, Szigetszentmiklosi jaras, Pest megye, Hungary",47.3245067,19.0001884,ok
"Sukoro, Transdanubia, Gardonyi jaras, Fejér, Hungary",47.2411794,18.601614,ok
"Dunasziget, Transdanubia, Mosonmagyarovari jaras, Győr-Moson-Sopron, Hungary",47.9416346,17.3554366,ok
"Bonyhad, Transdanubia, Bonyhadi jaras, Tolna, Hungary",46.2984212,18.532191,ok
"Ocsa, Central, Gyali jaras, Pest megye, Hungary",47.3011895,19.2313617,ok
"Csopak, Transdanubia, Balatonfueredi jaras, Veszprém, Hungary",46.9796854,17.9231412,ok
"Becsehely, Transdanubia, Letenyei jaras, Zala, Hungary",46.4476173,16.7916533,ok
"Vonyarcvashegy, Transdanubia, Keszthelyi jaras, Zala, Hungary",46.7641925,17.3095703,ok
"Paty, Central, Budakeszi jaras, Pest megye, Hungary",47.5154504,18.8271695,ok
"Varpalota, Transdanubia, Varpalotai jaras, Veszprém, Hungary",47.2006176,18.1399782,ok
"Kisvarda, Great Plain and North, Kisvardai jaras, Szabolcs-Szatmár-Bereg, Hungary",48.2257593,22.0784247,ok
"Nagyhalasz, Great Plain and North, Ibranyi jaras, Szabolcs-Szatmár-Bereg, Hungary",48.1322422,21.7593891,ok
"Somogyvar, Transdanubia, Fonyodi jaras, Somogy, Hungary",46.5812387,17.6509523,ok
"Transdanubia, Tolnai jaras, Tolna, Hungary",46.8798302,17.5361141,ok
"Bakonyszentlaszlo, Transdanubia, Pannonhalmi jaras, Győr-Moson-Sopron, Hungary",47.3907437,17.8043374,ok
"Mateszalka, Great Plain and North, Mateszalkai jaras, Szabolcs-Szatmár-Bereg, Hungary",47.9539113,22.3208477,ok
"Erdokertes, Central, Gödöllő Regional Unit, Pest megye, Hungary",47.6702447,19.308359,ok
"Tuzser, Great Plain and North, Zahonyi jaras, Szabolcs-Szatmár-Bereg, Hungary",48.3434133,22.118663,ok
"Szarvas, Great Plain and North, Szarvasi jaras, Békés, Hungary",46.8621434,20.5521466,ok
"Ajka, Transdanubia, Ajkai jaras, Veszprém, Hungary",47.1056579,17.5587276,ok
"Mikekaracsonyfa, Transdanubia, Lenti jaras, Zala, Hungary",46.6603545,16.6936645,ok
"Great Plain and North, Szolnoki jaras, Jász-Nagykun-Szolnok, Hungary",47.1443369,20.1522096,ok
"Borjad, Transdanubia, Bolyi jaras, Baranya, Hungary",45.9353208,18.4683599,ok
"Mindszentkalla, Transdanubia, Tapolcai jaras, Veszprém, Hungary",46.8741849,17.5529096,ok
"Kisapati, Transdanubia, Tapolcai jaras, Veszprém, Hungary",46.8426169,17.4671857,ok
"Nyirtelek, Great Plain and North, Nyiregyhazi jaras, Szabolcs-Szatmár-Bereg, Hungary",48.0102668,21.6314008,ok
"Polgardi, Transdanubia, Szekesfehervari jaras, Fejér, Hungary",47.0563978,18.3067942,ok
"Buek, Transdanubia, Koszegi jaras, Vas, Hungary",47.3833959,16.753305,ok
"Balatonfenyves, Transdanubia, Fonyodi jaras, Somogy, Hungary",46.7176727,17.4945314,ok
"Dudar, Transdanubia, Zirci jaras, Veszprém, Hungary",47.31058,17.9439276,ok
"Jaszszentlaszlo, Great Plain and North, Kiskunmajsai jaras, Bács-Kiskun, Hungary",46.5679444,19.7603182,ok
"Eloszallas, Transdanubia, Dunaujvarosi jaras, Fejér, Hungary",46.8316103,18.8219252,ok
"Dunafoeldvar, Transdanubia, Paksi jaras, Tolna, Hungary",46.4883447,18.5050005,ok
"Pusztaszentlaszlo, Transdanubia, Zalaegerszegi jaras, Zala, Hungary",46.6368657,16.8419287,ok
"Tapioszele, Central, Nagykatai jaras, Pest megye, Hungary",47.3320634,19.875582,ok
"Ecser, Central, Vecsesi jaras, Pest megye, Hungary",47.4445025,19.3184563,ok
"Balatonfuered, Transdanubia, Balatonfueredi jaras, Veszprém, Hungary",47.0933824,17.9080406,ok
"Toek, Central, Budakeszi jaras, Pest megye, Hungary",47.3715943,19.3452624,ok
"Hosszuheteny, Transdanubia, Pecsi jaras, Baranya, Hungary",46.1613038,18.3527689,ok
"Dozmat, Transdanubia, Szombathelyi jaras, Vas, Hungary",47.2334869,16.5125181,ok
"Gyula, Great Plain and North, Gyulai jaras, Békés, Hungary",46.6438656,21.2747575,ok
"Balatonmariafuerdo, Transdanubia, Marcali jaras, Somogy, Hungary",46.439656,17.6212956,ok
"Murakeresztur, Transdanubia, Nagykanizsai jaras, Zala, Hungary",46.3624983,16.8772183,ok
"Devecser, Transdanubia, Devecseri jaras, Veszprém, Hungary",47.104052,17.4364185,ok
"Csaszar, Transdanubia, Kisberi jaras, Komárom-Esztergom, Hungary",47.5014578,18.1393362,ok
"Komarom, Transdanubia, Komaromi jaras, Komárom-Esztergom, Hungary",47.7417349,18.1218256,ok
"Letenye, Transdanubia, Letenyei jaras, Zala, Hungary",46.433204,16.7230843,ok
"Balatonszepezd, Transdanubia, Balatonfueredi jaras, Veszprém, Hungary",46.8518266,17.6637569,ok
"Abony, Central, Cegledi jaras, Pest megye, Hungary",47.1887402,20.0047823,ok
"Felsovadasz, Great Plain and North, Szikszoi jaras, Borsod-Abaúj-Zemplén, Hungary",48.3711795,20.9158753,ok
"Omassa, Great Plain and North, Miskolci jaras, Borsod-Abaúj-Zemplén, Hungary",48.1099406,20.5327669,ok
"Fueloepjakab, Great Plain and North, Kecskemeti jaras, Bács-Kiskun, Hungary",46.5809294,19.5128532,ok
"Dombovar, Transdanubia, Dombovari jaras, Tolna, Hungary",46.3778989,18.1332865,ok
"Hejoszalonta, Great Plain and North, Tiszaujvarosi jaras, Borsod-Abaúj-Zemplén, Hungary",47.9400081,20.8825105,ok
"Fueloepszallas, Great Plain and North, Kiskoroesi jaras, Bács-Kiskun, Hungary",46.5809294,19.5128532,ok
"Cserkeszolo, Great Plain and North, Kunszentmartoni jaras, Jász-Nagykun-Szolnok, Hungary",46.8675023,20.195096,ok
"Jaszdozsa, Great Plain and North, Jaszapati jaras, Jász-Nagykun-Szolnok, Hungary",47.566305,20.0157116,ok
"Toertel, Central, Cegledi jaras, Pest megye, Hungary",47.3715943,19.3452624,ok
"Budakalasz, Central, Szentendrei jaras, Pest megye, Hungary",47.6192785,19.0468565,ok
"Szederkeny, Transdanubia, Bolyi jaras, Baranya, Hungary",45.9994626,18.4535831,ok
"Koszegdoroszlo, Transdanubia, Koszegi jaras, Vas, Hungary",47.3454165,16.5422607,ok
"Band, Transdanubia, Veszpremi jaras, Veszprém, Hungary",47.1220366,17.7795783,ok
"Alsonemedi, Central, Gyali jaras, Pest megye, Hungary",47.3146713,19.165704,ok
"Kimle, Transdanubia, Mosonmagyarovari jaras, Győr-Moson-Sopron, Hungary",47.8268335,17.3709629,ok
"Sarkeszi, Transdanubia, Szekesfehervari jaras, Fejér, Hungary",47.1582183,18.285881,ok
"Agasegyhaza, Great Plain and North, Kecskemeti jaras, Bács-Kiskun, Hungary",46.840237,19.4468392,ok
"Vertesszolos, Transdanubia, Tatabanyai jaras, Komárom-Esztergom, Hungary",47.6206061,18.3813459,ok
"Pand, Central, Nagykatai jaras, Pest megye, Hungary",47.3507322,19.6327453,ok
"Mikepercs, Great Plain and North, Derecskei jaras, Hajdú-Bihar, Hungary",47.4409524,21.6314977,ok
"Petőhenye, Transdanubia, Zalaegerszegi jaras, Zala, Hungary",46.6713343,16.8894692,ok
"Kamut, Great Plain and North, Bekesi jaras, Békés, Hungary",46.760315,20.9832753,ok
"Nyul, Transdanubia, Gyori jaras, Győr-Moson-Sopron, Hungary",47.5899177,17.6889689,ok
"St. Lawrence, Transdanubia, Szentlorinci jaras, Baranya, Hungary",47.5267721,18.9558554,ok
"Nemesvid, Transdanubia, Marcali jaras, Somogy, Hungary",46.4857207,17.2485326,ok
"Szatymaz, Great Plain and North, Szegedi jaras, Csongrád-Csanád, Hungary",46.3416797,20.0415788,ok
"Oroszlo, Transdanubia, Komloi jaras, Baranya, Hungary",46.221317,18.1214854,ok
"Somloszolos, Transdanubia, Devecseri jaras, Veszprém, Hungary",47.1748363,17.3555881,ok
"Csolnok, Transdanubia, Esztergomi jaras, Komárom-Esztergom, Hungary",47.6946334,18.7175944,ok
"Oroszlany, Transdanubia, Oroszlanyi jaras, Komárom-Esztergom, Hungary",47.487135,18.3152076,ok
"Goercsoeny, Transdanubia, Pecsi jaras, Baranya, Hungary",45.9714436,18.1669246,ok
"Fertoszeplak, Transdanubia, Soproni jaras, Győr-Moson-Sopron, Hungary",47.6169832,16.8342748,ok
"Balatonkenese, Transdanubia, Balatonalmadi jaras, Veszprém, Hungary",47.0355059,18.1087407,ok
"Csobanka, Central, Szentendrei jaras, Pest megye, Hungary",47.6436909,18.9672147,ok
"Tapiogyoergye, Central, Nagykatai jaras, Pest megye, Hungary",47.3715943,19.3452624,ok
"Tokodaltaro, Transdanubia, Esztergomi jaras, Komárom-Esztergom, Hungary",47.7321967,18.6926702,ok
"Sagvar, Transdanubia, Siofoki jaras, Somogy, Hungary",46.8373455,18.1020278,ok
"Pilisszanto, Central, Pilisvoeroesvari jaras, Pest megye, Hungary",47.6692875,18.886298,ok
"Mako, Great Plain and North, Makoi jaras, Csongrád-Csanád, Hungary",46.2150438,20.4751022,ok
"Vereb, Transdanubia, Gardonyi jaras, Fejér, Hungary",47.3199528,18.6176784,ok
"Szentmartonkata, Central, Nagykatai jaras, Pest megye, Hungary",47.4440884,19.6916458,ok
"Val, Transdanubia, Martonvasari jaras, Fejér, Hungary",47.3665339,18.677646,ok
"Balatonakarattya, Transdanubia, Balatonalmadi jaras, Veszprém, Hungary",47.0239663,18.1439403,ok
"Tiszakecske, Great Plain and North, Tiszakecskei jaras, Bács-Kiskun, Hungary",46.9315289,20.1045358,ok
"Hodmezovasarhely, Great Plain and North, Hodmezovasarhelyi jaras, Csongrád-Csanád, Hungary",46.4171344,20.3196068,ok
"Szigetujfalu, Central, Rackevei jaras, Pest megye, Hungary",47.2332083,18.9235417,ok
"Doemsoed, Central, Rackevei jaras, Pest megye, Hungary",47.3715943,19.3452624,ok
"Poroszlo, Great Plain and North, Fuezesabonyi jaras, Heves, Hungary",47.6435536,20.6560717,ok
"Rezi, Transdanubia, Keszthelyi jaras, Zala, Hungary",46.8417988,17.2195985,ok
"Tiszababolna, Great Plain and North, Mezokoevesdi jaras, Borsod-Abaúj-Zemplén, Hungary",47.6867736,20.8117738,ok
"Apostag, Great Plain and North, Kunszentmiklosi jaras, Bács-Kiskun, Hungary",46.8832449,18.9673417,ok
"Central, Nagykatai jaras, Pest megye, Hungary",47.3970837,19.730866,ok
"Fadd, Transdanubia, Tolnai jaras, Tolna, Hungary",46.4663938,18.8252567,ok
"Nyiradony, Great Plain and North, Nyiradonyi jaras, Hajdú-Bihar, Hungary",47.6913589,21.9053502,ok
"Telki, Central, Budakeszi jaras, Pest megye, Hungary",47.551193,18.8206574,ok
"Bar, Transdanubia, Mohacsi jaras, Baranya, Hungary",46.051814,18.7172495,ok
"Zsambok, Central, Gödöllő Regional Unit, Pest megye, Hungary",47.5431221,19.6066136,ok
"Jaszapati, Great Plain and North, Jaszapati jaras, Jász-Nagykun-Szolnok, Hungary",47.5137235,20.1404245,ok
"Pazmand, Transdanubia, Gardonyi jaras, Fejér, Hungary",47.2836305,18.6566197,ok
"Koermend, Transdanubia, Koermendi jaras, Vas, Hungary",47.1371935,16.780898,ok
"Jaszarokszallas, Great Plain and North, Jaszberenyi jaras, Jász-Nagykun-Szolnok, Hungary",47.6445417,19.9786517,ok
"Berettyoujfalu, Great Plain and North, Berettyoujfalui jaras, Hajdú-Bihar, Hungary",47.2247273,21.5355206,ok
"Toeroekszentmiklos, Great Plain and North, Toeroekszentmiklosi jaras, Jász-Nagykun-Szolnok, Hungary",47.2971598,20.453178,ok
"Nyirabrany, Great Plain and North, Nyiradonyi jaras, Hajdú-Bihar, Hungary",47.5494817,22.0207822,ok
"Somogyszentpal, Transdanubia, Marcali jaras, Somogy, Hungary",46.6416151,17.4739383,ok
"Delegyhaza, Central, Szigetszentmiklosi jaras, Pest megye, Hungary",47.247818,19.066912,ok
"Kulcs, Transdanubia, Dunaujvarosi jaras, Fejér, Hungary",47.0529379,18.9163165,ok
"Szuha, Great Plain and North, Batonyterenyei jaras, Nógrád, Hungary",47.9781794,19.9176663,ok
"Szulok, Barcs, Transdanubia, Barcsi jaras, Somogy, Hungary",46.0505352,17.5507953,ok
"Nyarsapat, Central, Nagykoroesi jaras, Pest megye, Hungary",47.1011746,19.801682,ok
"Monostorapati, Transdanubia, Tapolcai jaras, Veszprém, Hungary",46.922362,17.550868,ok
"Dedestapolcsany, Great Plain and North, Kazincbarcikai jaras, Borsod-Abaúj-Zemplén, Hungary",48.1807927,20.484227,ok
"Gyoengyoesoroszi, Great Plain and North, Gyoengyoesi jaras, Heves, Hungary",47.7884409,20.1714412,ok
"Goganfa, Transdanubia, Suemegi jaras, Veszprém, Hungary",47.021478,17.1863844,ok
"Koernye, Transdanubia, Tatabanyai jaras, Komárom-Esztergom, Hungary",47.6511599,18.2551911,ok
"Jakabszallas, Great Plain and North, Kecskemeti jaras, Bács-Kiskun, Hungary",46.7614921,19.6007791,ok
"Barcs, Transdanubia, Barcsi jaras, Somogy, Hungary",45.9605126,17.4634121,ok
"Oervenyes, Transdanubia, Balatonfueredi jaras, Veszprém, Hungary",47.0933824,17.9080406,ok
"Csabrendek, Transdanubia, Suemegi jaras, Veszprém, Hungary",47.0131804,17.2895632,ok
"Tiszafuered, Great Plain and North, Tiszafueredi jaras, Jász-Nagykun-Szolnok, Hungary",47.2971598,20.453178,ok
"Somogysamson, Transdanubia, Marcali jaras, Somogy, Hungary",46.5874314,17.299011,ok
"Hortobagy, Great Plain and North, Balmazujvarosi jaras, Hajdú-Bihar, Hungary",47.5826139,21.1525371,ok
"Nagykovacsi, Central, Budakeszi jaras, Pest megye, Hungary",47.5762363,18.882064,ok
"Letavertes, Great Plain and North, Derecskei jaras, Hajdú-Bihar, Hungary",47.3853112,21.8764089,ok
"Becsvoelgye, Transdanubia, Zalaegerszegi jaras, Zala, Hungary",46.6713343,16.8894692,ok
"Acsteszer, Transdanubia, Kisberi jaras, Komárom-Esztergom, Hungary",47.4060144,18.0056878,ok
"Jak, Transdanubia, Szombathelyi jaras, Vas, Hungary",47.141049,16.5807225,ok
"Biharkeresztes, Great Plain and North, Berettyoujfalui jaras, Hajdú-Bihar, Hungary",47.1249388,21.717944,ok
"Lenti, Transdanubia, Lenti jaras, Zala, Hungary",46.6240149,16.5425891,ok
"Balatonkeresztur, Transdanubia, Marcali jaras, Somogy, Hungary",46.6976597,17.3703877,ok
"Nagyvenyim, Transdanubia, Dunaujvarosi jaras, Fejér, Hungary",46.9561887,18.8592732,ok
"Verseg, Central, Aszodi jaras, Pest megye, Hungary",47.722441,19.5487063,ok
"Toalmas, Central, Nagykatai jaras, Pest megye, Hungary",47.5095624,19.6637179,ok
"Batonyterenye, Great Plain and North, Batonyterenyei jaras, Nógrád, Hungary",47.9955532,19.8272105,ok
"Somogyzsitfa, Transdanubia, Marcali jaras, Somogy, Hungary",46.5530506,17.2974276,ok
"Iklodboerdoce, Transdanubia, Lenti jaras, Zala, Hungary",46.6713343,16.8894692,ok
"Egyek, Great Plain and North, Balmazujvarosi jaras, Hajdú-Bihar, Hungary",47.6314647,20.8881462,ok
"Dunaszekcso, Transdanubia, Mohacsi jaras, Baranya, Hungary",46.0849215,18.7597386,ok
"Lajoskomarom, Transdanubia, Enyingi jaras, Fejér, Hungary",46.8417783,18.337205,ok
"Veszpremgalsa, Transdanubia, Suemegi jaras, Veszprém, Hungary",47.0928796,17.2668978,ok
"Vasvar, Transdanubia, Vasvari jaras, Vas, Hungary",47.0490649,16.7998821,ok
"Janoshalma, Great Plain and North, Janoshalmai jaras, Bács-Kiskun, Hungary",46.2972264,19.3235909,ok
"Tengelic, Transdanubia, Paksi jaras, Tolna, Hungary",46.5319473,18.7108467,ok
"Zalahashagy, Transdanubia, Zalaegerszegi jaras, Zala, Hungary",46.8917801,16.62606,ok
"Taksony, Central, Szigetszentmiklosi jaras, Pest megye, Hungary",47.3299781,19.0623899,ok
"Veroce, Central, Szobi jaras, Pest megye, Hungary",47.8230548,19.0339651,ok
"Decs, Transdanubia, Szekszardi jaras, Tolna, Hungary",46.2843291,18.7600689,ok
"Tofej, Transdanubia, Zalaegerszegi jaras, Zala, Hungary",46.6694763,16.7986483,ok
"Pap, Great Plain and North, Kisvardai jaras, Szabolcs-Szatmár-Bereg, Hungary",48.2155317,22.1425028,ok
"Kazincbarcika, Great Plain and North, Kazincbarcikai jaras, Borsod-Abaúj-Zemplén, Hungary",48.2544414,20.6223251,ok
"Ozd, Great Plain and North, Ozdi jaras, Borsod-Abaúj-Zemplén, Hungary",48.2191757,20.2810727,ok
"Nagysap, Transdanubia, Esztergomi jaras, Komárom-Esztergom, Hungary",47.6837389,18.6036697,ok
"Matraderecske, Great Plain and North, Petervasarai jaras, Heves, Hungary",47.94966,20.0827995,ok
"Jaszkarajeno, Central, Cegledi jaras, Pest megye, Hungary",47.0537807,20.0683316,ok
"Edeleny, Great Plain and North, Edelenyi jaras, Borsod-Abaúj-Zemplén, Hungary",48.2936623,20.7334367,ok
"Csesztreg, Transdanubia, Lenti jaras, Zala, Hungary",46.7184024,16.5164682,ok
"Keszeg, Great Plain and North, Retsagi jaras, Nógrád, Hungary",47.8364445,19.237812,ok
"Batyk, Transdanubia, Zalaszentgroti jaras, Zala, Hungary",46.9898926,17.035743,ok
"Nyirtura, Great Plain and North, Nyiregyhazi jaras, Szabolcs-Szatmár-Bereg, Hungary",48.014414,21.8333843,ok
"Tardos, Transdanubia, Tatai jaras, Komárom-Esztergom, Hungary",47.6633891,18.4449341,ok
"Egerbakta, Great Plain and North, Egri jaras, Heves, Hungary",47.9355323,20.2905231,ok
"Nagyoroszi, Great Plain and North, Retsagi jaras, Nógrád, Hungary",48.0038821,19.0913026,ok
"Sarospatak, Great Plain and North, Sarospataki jaras, Borsod-Abaúj-Zemplén, Hungary",48.3216823,21.5655524,ok
"Magyarcsanad, Great Plain and North, Makoi jaras, Csongrád-Csanád, Hungary",46.169666,20.6099339,ok
"Hernad, Central, Dabasi jaras, Pest megye, Hungary",47.1650755,19.4070801,ok
"Lonya, Great Plain and North, Vasarosnamenyi jaras, Szabolcs-Szatmár-Bereg, Hungary",48.3181875,22.2704253,ok
"Borsfa, Transdanubia, Letenyei jaras, Zala, Hungary",46.5013238,16.7841867,ok
"Zalabaksa, Transdanubia, Lenti jaras, Zala, Hungary",46.7066562,16.5538729,ok
"Deg, Transdanubia, Enyingi jaras, Fejér, Hungary",46.8727995,18.4477565,ok
"Nagyhegyes, Great Plain and North, Hajduszoboszloi jaras, Hajdú-Bihar, Hungary",47.5385142,21.3465888,ok
"Ibrany, Great Plain and North, Ibranyi jaras, Szabolcs-Szatmár-Bereg, Hungary",48.122594,21.7102156,ok
"Kunpeszer, Great Plain and North, Kunszentmiklosi jaras, Bács-Kiskun, Hungary",47.0630741,19.2809969,ok
"Baracs, Transdanubia, Dunaujvarosi jaras, Fejér, Hungary",46.913304,18.8657761,ok
"Csatar, Transdanubia, Zalaegerszegi jaras, Zala, Hungary",46.7779861,16.8677985,ok
"Lesencetomaj, Transdanubia, Tapolcai jaras, Veszprém, Hungary",46.8565807,17.3611554,ok
"Madocsa, Transdanubia, Paksi jaras, Tolna, Hungary",46.6880707,18.9566974,ok
"Bakonycsernye, Transdanubia, Mori jaras, Fejér, Hungary",47.3194796,18.085004,ok
"Kerekegyhaza, Great Plain and North, Kecskemeti jaras, Bács-Kiskun, Hungary",46.9358768,19.4825067,ok
"Sarud, Great Plain and North, Fuezesabonyi jaras, Heves, Hungary",47.5884589,20.5967429,ok
"Mor, Transdanubia, Mori jaras, Fejér, Hungary",47.3720267,18.2090388,ok
"Bata, Transdanubia, Szekszardi jaras, Tolna, Hungary",46.1286819,18.7749192,ok
"Nagykozar, Transdanubia, Pecsi jaras, Baranya, Hungary",46.0655832,18.3197191,ok
"Rakamaz, Great Plain and North, Nyiregyhazi jaras, Szabolcs-Szatmár-Bereg, Hungary",48.12218,21.4775144,ok
"Zalaloevo, Transdanubia, Zalaegerszegi jaras, Zala, Hungary",46.6713343,16.8894692,ok
"Olasz, Transdanubia, Bolyi jaras, Baranya, Hungary",46.0151645,18.411796,ok
"Hotto, Transdanubia, Zalaegerszegi jaras, Zala, Hungary",46.8467834,16.7535323,ok
"Salomvar, Transdanubia, Zalaegerszegi jaras, Zala, Hungary",46.850435,16.6601672,ok
"Belezna, Transdanubia, Nagykanizsai jaras, Zala, Hungary",46.3284551,16.9411312,ok
"Geresdlak, Transdanubia, Pecsvaradi jaras, Baranya, Hungary",46.1083102,18.527004,ok
"Zalavar, Transdanubia, Keszthelyi jaras, Zala, Hungary",46.6699863,17.1565488,ok
"Kincsesbanya, Transdanubia, Mori jaras, Fejér, Hungary",47.2644597,18.2739108,ok
"Alsoszentivan, Transdanubia, Sarbogardi jaras, Fejér, Hungary",46.7957787,18.7321463,ok
"Moragy, Transdanubia, Bonyhadi jaras, Tolna, Hungary",46.2158276,18.6429525,ok
"Tanakajd, Transdanubia, Szombathelyi jaras, Vas, Hungary",47.1889449,16.7344505,ok
"Zalamerenye, Transdanubia, Nagykanizsai jaras, Zala, Hungary",46.5746371,17.0961394,ok
"Hidas, Transdanubia, Pecsvaradi jaras, Baranya, Hungary",46.2595334,18.4977476,ok
"Berekboeszoermeny, Great Plain and North, Berettyoujfalui jaras, Hajdú-Bihar, Hungary",47.4407848,21.4752281,ok
"Szajol, Great Plain and North, Szolnoki jaras, Jász-Nagykun-Szolnok, Hungary",47.1757484,20.3006435,ok
"Battonya, Great Plain and North, Mezokovacshazai jaras, Békés, Hungary",46.2858683,21.0218929,ok
"Doebroente, Transdanubia, Papai jaras, Veszprém, Hungary",47.0933824,17.9080406,ok
"Bacsbokod, Great Plain and North, Bacsalmasi jaras, Bács-Kiskun, Hungary",46.1240247,19.1558176,ok
"Transdanubia, Kaposvari jaras, Somogy, Hungary",46.364167,17.84735,ok
"Nadudvar, Great Plain and North, Hajduszoboszloi jaras, Hajdú-Bihar, Hungary",47.4285575,21.1593087,ok
"Borsodnadasd, Great Plain and North, Ozdi jaras, Borsod-Abaúj-Zemplén, Hungary",48.1230335,20.246177,ok
"Tiszaloek, Great Plain and North, Tiszavasvari jaras, Szabolcs-Szatmár-Bereg, Hungary",48.0297821,22.0040108,ok
"Somogytur, Transdanubia, Fonyodi jaras, Somogy, Hungary",46.7071627,17.7654246,ok
"Veszto, Great Plain and North, Szeghalmi jaras, Békés, Hungary",46.9241978,21.2598799,ok
"Onga, Great Plain and North, Miskolci jaras, Borsod-Abaúj-Zemplén, Hungary",48.1207157,20.9129384,ok
"Sarpentele, Transdanubia, Szekesfehervari jaras, Fejér, Hungary",47.1636662,18.3611937,ok
"Kiskunlachaza, Central, Rackevei jaras, Pest megye, Hungary",47.1903391,19.00569,ok
"Balvanyos, Transdanubia, Siofoki jaras, Somogy, Hungary",46.7816621,17.9520691,ok
"Mezoszilas, Transdanubia, Sarbogardi jaras, Fejér, Hungary",46.8158361,18.4749938,ok
"Szalanta, Transdanubia, Pecsi jaras, Baranya, Hungary",45.9473169,18.2373967,ok
"Ofeherto, Great Plain and North, Baktaloranthazai jaras, Szabolcs-Szatmár-Bereg, Hungary",47.9355537,22.0342724,ok
"Fegyvernek, Great Plain and North, Toeroekszentmiklosi jaras, Jász-Nagykun-Szolnok, Hungary",47.2526516,20.5259428,ok
"Tiszaalpar, Great Plain and North, Tiszakecskei jaras, Bács-Kiskun, Hungary",46.8219617,19.9893055,ok
"Goeboelyjaras, Central, Nagykatai jaras, Pest megye, Hungary",47.3715943,19.3452624,ok
"Hosszupereszteg, Transdanubia, Sarvari jaras, Vas, Hungary",47.0955027,17.0231836,ok
"Esztergalyhorvati, Transdanubia, Keszthelyi jaras, Zala, Hungary",46.7005839,17.1083989,ok
"Tiszasziget, Great Plain and North, Szegedi jaras, Csongrád-Csanád, Hungary",46.1749221,20.1622722,ok
"Balatonszentgyoergy, Transdanubia, Marcali jaras, Somogy, Hungary",46.439656,17.6212956,ok
"Gesztered, Great Plain and North, Nagykalloi jaras, Szabolcs-Szatmár-Bereg, Hungary",47.7645074,21.7782735,ok
"Bodonhely, Transdanubia, Csornai jaras, Győr-Moson-Sopron, Hungary",47.5649133,17.4073298,ok
"Apc, Great Plain and North, Hatvani jaras, Heves, Hungary",47.7963496,19.6916338,ok
"Jaszjakohalma, Great Plain and North, Jaszberenyi jaras, Jász-Nagykun-Szolnok, Hungary",47.5219388,19.9891136,ok
"Vamosmikola, Central, Szobi jaras, Pest megye, Hungary",47.9774677,18.7841116,ok
"Pecsvarad, Transdanubia, Pecsvaradi jaras, Baranya, Hungary",46.1608411,18.4206938,ok
"Vigantpetend, Transdanubia, Tapolcai jaras, Veszprém, Hungary",46.9644535,17.6269085,ok
"Het, Great Plain and North, Putnoki jaras, Borsod-Abaúj-Zemplén, Hungary",48.2825966,20.3871749,ok
"Zok, Transdanubia, Szentlorinci jaras, Baranya, Hungary",46.0118334,18.0982581,ok
"Nyaregyhaza, Central, Monori jaras, Pest megye, Hungary",47.2627494,19.5026386,ok
"Kony, Transdanubia, Csornai jaras, Győr-Moson-Sopron, Hungary",47.6316029,17.3601631,ok
"Poeloeskefo, Transdanubia, Nagykanizsai jaras, Zala, Hungary",46.6713343,16.8894692,ok
"Hegymeg, Great Plain and North, Edelenyi jaras, Borsod-Abaúj-Zemplén, Hungary",48.3310074,20.8614114,ok
"Marcalto, Transdanubia, Papai jaras, Veszprém, Hungary",47.4346329,17.3664994,ok
"Hatvan, Great Plain and North, Hatvani jaras, Heves, Hungary",47.6683971,19.6743874,ok
"Lakitelek, Great Plain and North, Tiszakecskei jaras, Bács-Kiskun, Hungary",46.8736335,20.0003712,ok
"Kalazno, Transdanubia, Tamasi jaras, Tolna, Hungary",46.5015402,18.4745194,ok
"Csemo, Central, Cegledi jaras, Pest megye, Hungary",47.1183779,19.697672,ok
"Egyhazaskeszo, Transdanubia, Papai jaras, Veszprém, Hungary",47.416714,17.3291795,ok
"Ujszilvas, Central, Cegledi jaras, Pest megye, Hungary",47.2697146,19.9142046,ok
"Oroshaza, Great Plain and North, Oroshazi jaras, Békés, Hungary",46.5582801,20.6720146,ok
"Nagyigmand, Transdanubia, Komaromi jaras, Komárom-Esztergom, Hungary",47.6350173,18.076194,ok
"Pusztaberki, Great Plain and North, Retsagi jaras, Nógrád, Hungary",47.9766238,19.1636444,ok
"Adasztevel, Transdanubia, Papai jaras, Veszprém, Hungary",47.3041008,17.5400709,ok
"Nagylok, Transdanubia, Sarbogardi jaras, Fejér, Hungary",46.975953,18.6422324,ok
"Karcag, Great Plain and North, Karcagi jaras, Jász-Nagykun-Szolnok, Hungary",47.314646,20.9240941,ok
"Aranyosapati, Great Plain and North, Vasarosnamenyi jaras, Szabolcs-Szatmár-Bereg, Hungary",48.2122856,22.2567426,ok
"Mogyorosbanya, Transdanubia, Esztergomi jaras, Komárom-Esztergom, Hungary",47.727491,18.6024067,ok
"Csosz, Transdanubia, Szekesfehervari jaras, Fejér, Hungary",47.0361512,18.4179018,ok
"Monoszlo, Transdanubia, Balatonfueredi jaras, Veszprém, Hungary",46.9029861,17.6407419,ok
"Ujszasz, Great Plain and North, Szolnoki jaras, Jász-Nagykun-Szolnok, Hungary",47.2844426,20.0702678,ok
"Koelesd, Transdanubia, Szekszardi jaras, Tolna, Hungary",46.4883447,18.5050005,ok
"Pusztaszabolcs, Transdanubia, Dunaujvarosi jaras, Fejér, Hungary",47.1385777,18.7576092,ok
"Acs, Transdanubia, Komaromi jaras, Komárom-Esztergom, Hungary",47.7104229,18.0156133,ok
"Papateszer, Transdanubia, Papai jaras, Veszprém, Hungary",47.3819327,17.6994996,ok
"Doergicse, Transdanubia, Balatonfueredi jaras, Veszprém, Hungary",47.0933824,17.9080406,ok
"Dioskal, Transdanubia, Keszthelyi jaras, Zala, Hungary",46.6747504,17.0554974,ok
"Magyarszek, Transdanubia, Komloi jaras, Baranya, Hungary",46.1956595,18.19639,ok
"Sarmellek, Transdanubia, Keszthelyi jaras, Zala, Hungary",46.7080843,17.1682755,ok
"Nyirtet, Great Plain and North, Kemecsei jaras, Szabolcs-Szatmár-Bereg, Hungary",48.0091749,21.9200893,ok
"Kup, Transdanubia, Papai jaras, Veszprém, Hungary",47.2483716,17.4645595,ok
"Tiszacsege, Great Plain and North, Balmazujvarosi jaras, Hajdú-Bihar, Hungary",47.6975481,20.9935969,ok
"Pacsa, Transdanubia, Zalaegerszegi jaras, Zala, Hungary",46.72254,17.0097774,ok
"Lakhegy, Transdanubia, Zalaegerszegi jaras, Zala, Hungary",46.952183,16.8322618,ok
"Bazakerettye, Transdanubia, Letenyei jaras, Zala, Hungary",46.5242749,16.7285316,ok
"Bogacs, Great Plain and North, Mezokoevesdi jaras, Borsod-Abaúj-Zemplén, Hungary",47.9041176,20.5314509,ok
"Doeboerhegy, Transdanubia, Koermendi jaras, Vas, Hungary",47.1371935,16.780898,ok
"Bataszek, Transdanubia, Szekszardi jaras, Tolna, Hungary",46.1932111,18.7231457,ok
"Kakucs, Central, Dabasi jaras, Pest megye, Hungary",47.2416179,19.3667431,ok
"Tarpa, Great Plain and North, Vasarosnamenyi jaras, Szabolcs-Szatmár-Bereg, Hungary",48.1031244,22.5290514,ok
"Boly, Transdanubia, Bolyi jaras, Baranya, Hungary",45.9692795,18.5161494,ok
"Erdotelek, Great Plain and North, Hevesi jaras, Heves, Hungary",47.6871416,20.3124173,ok
"Felsorajk, Transdanubia, Nagykanizsai jaras, Zala, Hungary",46.6809597,16.9863145,ok
"Aporka, Central, Rackevei jaras, Pest megye, Hungary",47.232627,19.0120921,ok
"Nagyharsany, Transdanubia, Siklosi jaras, Baranya, Hungary",45.847418,18.3998265,ok
"Mezokoevesd, Great Plain and North, Mezokoevesdi jaras, Borsod-Abaúj-Zemplén, Hungary",48.2397936,21.1353474,ok
"Mohora, Great Plain and North, Balassagyarmati jaras, Nógrád, Hungary",47.9935415,19.3381818,ok
"Acsa, Central, Vaci jaras, Pest megye, Hungary",47.7925337,19.386298,ok
"Almasfuezito, Transdanubia, Komaromi jaras, Komárom-Esztergom, Hungary",47.6511599,18.2551911,ok
"Szendro, Great Plain and North, Edelenyi jaras, Borsod-Abaúj-Zemplén, Hungary",48.4030034,20.7324798,ok
"Zalaapati, Transdanubia, Keszthelyi jaras, Zala, Hungary",46.7391546,17.1057152,ok
"Tiszatelek, Great Plain and North, Ibranyi jaras, Szabolcs-Szatmár-Bereg, Hungary",48.1921362,21.7951313,ok
"Tiszaszentimre, Great Plain and North, Tiszafueredi jaras, Jász-Nagykun-Szolnok, Hungary",47.4913975,20.7233655,ok
"Vaszar, Transdanubia, Papai jaras, Veszprém, Hungary",47.4024091,17.5160785,ok
"Berbaltavar, Transdanubia, Vasvari jaras, Vas, Hungary",47.0081131,16.9665042,ok
"Szepetnek, Transdanubia, Nagykanizsai jaras, Zala, Hungary",46.4335412,16.8994777,ok
"Gyorszemere, Transdanubia, Teti jaras, Győr-Moson-Sopron, Hungary",47.5528273,17.562254,ok
"Gelenes, Great Plain and North, Vasarosnamenyi jaras, Szabolcs-Szatmár-Bereg, Hungary",48.1990058,22.4474238,ok
"Kamond, Transdanubia, Devecseri jaras, Veszprém, Hungary",47.1483242,17.203441,ok
"Ete, Transdanubia, Kisberi jaras, Komárom-Esztergom, Hungary",47.5322292,18.0724847,ok
"Magyarhertelend, Transdanubia, Komloi jaras, Baranya, Hungary",46.1892361,18.1515426,ok
"Tilaj, Transdanubia, Zalaegerszegi jaras, Zala, Hungary",46.8054735,17.0474907,ok
"Oereglak, Transdanubia, Fonyodi jaras, Somogy, Hungary",46.439656,17.6212956,ok
"Baracska, Transdanubia, Martonvasari jaras, Fejér, Hungary",47.2857906,18.7575803,ok
"Isztimer, Transdanubia, Mori jaras, Fejér, Hungary",47.2783843,18.1960482,ok
"Murony, Great Plain and North, Bekesi jaras, Békés, Hungary",46.7618154,21.038963,ok
"Zalakomar, Transdanubia, Nagykanizsai jaras, Zala, Hungary",46.5463542,17.1756684,ok
"Hajdubagos, Great Plain and North, Derecskei jaras, Hajdú-Bihar, Hungary",47.3897647,21.6659245,ok
"Sarkad, Great Plain and North, Sarkadi jaras, Békés, Hungary",46.7422871,21.3836478,ok
"Nyirad, Transdanubia, Ajkai jaras, Veszprém, Hungary",47.0056272,17.4545943,ok
"Galgaheviz, Central, Aszodi jaras, Pest megye, Hungary",47.6222577,19.5558378,ok
"Bogyiszlo, Transdanubia, Tolnai jaras, Tolna, Hungary",46.3832444,18.8166969,ok
"Mindszentgodisa, Transdanubia, Hegyhati jaras, Baranya, Hungary",46.2294986,18.0730903,ok
"Iregszemcse, Transdanubia, Tamasi jaras, Tolna, Hungary",46.6930094,18.183599,ok
"Redics, Transdanubia, Lenti jaras, Zala, Hungary",46.6149423,16.4846742,ok
"Uny, Transdanubia, Esztergomi jaras, Komárom-Esztergom, Hungary",47.6430359,18.7389954,ok
"Alattyan, Great Plain and North, Jaszapati jaras, Jász-Nagykun-Szolnok, Hungary",47.4256813,20.0475867,ok
"Garabonc, Transdanubia, Nagykanizsai jaras, Zala, Hungary",46.5862361,17.119683,ok
"Petrikeresztur, Transdanubia, Zalaegerszegi jaras, Zala, Hungary",46.7361462,16.7243071,ok
"Geberjen, Great Plain and North, Mateszalkai jaras, Szabolcs-Szatmár-Bereg, Hungary",47.9319991,22.4560105,ok
"Szabadszallas, Great Plain and North, Kunszentmiklosi jaras, Bács-Kiskun, Hungary",46.8752316,19.2225016,ok
"Koeroesladany, Great Plain and North, Szeghalmi jaras, Békés, Hungary",46.7862993,20.9820736,ok
"Tarkany, Transdanubia, Kisberi jaras, Komárom-Esztergom, Hungary",47.5900913,18.0017805,ok
"Kovagoszolos, Transdanubia, Pecsi jaras, Baranya, Hungary",46.082967,18.1250669,ok
"Zalatarnok, Transdanubia, Zalaegerszegi jaras, Zala, Hungary",46.7010734,16.75854,ok
"Nyirtass, Great Plain and North, Kisvardai jaras, Szabolcs-Szatmár-Bereg, Hungary",48.1157169,22.0230588,ok
"Tiszasuely, Great Plain and North, Szolnoki jaras, Jász-Nagykun-Szolnok, Hungary",47.2971598,20.453178,ok
"Vinar, Transdanubia, Papai jaras, Veszprém, Hungary",47.3108519,17.2822998,ok
"Zalagyoemoero, Transdanubia, Suemegi jaras, Veszprém, Hungary",47.0933824,17.9080406,ok
"Vese, Transdanubia, Marcali jaras, Somogy, Hungary",46.4118616,17.2911965,ok
"Tornyospalca, Great Plain and North, Kisvardai jaras, Szabolcs-Szatmár-Bereg, Hungary",48.2670948,22.1789783,ok
"Oecsoed, Great Plain and North, Kunszentmartoni jaras, Jász-Nagykun-Szolnok, Hungary",47.2971598,20.453178,ok
"Sarkeresztur, Transdanubia, Sarbogardi jaras, Fejér, Hungary",47.0061553,18.5481491,ok
"Lovaszi, Transdanubia, Lenti jaras, Zala, Hungary",46.5555129,16.556419,ok
"Hont, Great Plain and North, Balassagyarmati jaras, Nógrád, Hungary",48.0500784,18.9912734,ok
"Kengyel, Great Plain and North, Toeroekszentmiklosi jaras, Jász-Nagykun-Szolnok, Hungary",47.0946274,20.3423729,ok
"Koeroestarcsa, Great Plain and North, Bekesi jaras, Békés, Hungary",46.7862993,20.9820736,ok
"Kald, Transdanubia, Sarvari jaras, Vas, Hungary",47.1640622,17.0448816,ok
"Kunmadaras, Great Plain and North, Karcagi jaras, Jász-Nagykun-Szolnok, Hungary",47.4284725,20.7952971,ok
"Mezosas, Great Plain and North, Berettyoujfalui jaras, Hajdú-Bihar, Hungary",47.1108028,21.5692439,ok
"Nadasd, Transdanubia, Koermendi jaras, Vas, Hungary",46.2244052,18.4645171,ok
"Tokod, Transdanubia, Esztergomi jaras, Komárom-Esztergom, Hungary",47.722785,18.6592985,ok
"Gyorzamoly, Transdanubia, Gyori jaras, Győr-Moson-Sopron, Hungary",47.7404316,17.5788417,ok
"Patka, Transdanubia, Szekesfehervari jaras, Fejér, Hungary",47.2770976,18.4870991,ok
"Szatmarcseke, Great Plain and North, Fehergyarmati jaras, Szabolcs-Szatmár-Bereg, Hungary",48.0851966,22.6297402,ok
"Somlovasarhely, Transdanubia, Devecseri jaras, Veszprém, Hungary",47.1209505,17.3762386,ok
"Kerkaszentkiraly, Transdanubia, Letenyei jaras, Zala, Hungary",46.5006811,16.5794937,ok
"Hangacs, Great Plain and North, Edelenyi jaras, Borsod-Abaúj-Zemplén, Hungary",48.2931172,20.8314771,ok
"Szalapa, Transdanubia, Zalaszentgroti jaras, Zala, Hungary",46.9915358,17.1456846,ok
"Csor, Transdanubia, Szekesfehervari jaras, Fejér, Hungary",47.204993,18.2569467,ok
"Davod, Great Plain and North, Bajai jaras, Bács-Kiskun, Hungary",45.9971295,18.920524,ok
"Koemlo, Great Plain and North, Hevesi jaras, Heves, Hungary",47.7884409,20.1714412,ok
"Eszteregnye, Transdanubia, Nagykanizsai jaras, Zala, Hungary",46.4701761,16.884254,ok
"Tiszaroff, Great Plain and North, Kunhegyesi jaras, Jász-Nagykun-Szolnok, Hungary",47.3979955,20.438295,ok
"Totkomlos, Great Plain and North, Oroshazi jaras, Békés, Hungary",46.4115096,20.7366044,ok
"Szebeny, Transdanubia, Mohacsi jaras, Baranya, Hungary",46.1310592,18.5869673,ok
"Orbanyosfa, Transdanubia, Zalaegerszegi jaras, Zala, Hungary",46.8498542,16.9836203,ok
"Ber, Great Plain and North, Pasztoi jaras, Nógrád, Hungary",47.8652887,19.5018583,ok
"Tiszadada, Great Plain and North, Tiszavasvari jaras, Szabolcs-Szatmár-Bereg, Hungary",48.030817,21.2366013,ok
"Fuele, Transdanubia, Szekesfehervari jaras, Fejér, Hungary",47.0939434,18.6088562,ok
"Negyes, Great Plain and North, Mezokoevesdi jaras, Borsod-Abaúj-Zemplén, Hungary",47.6986444,20.7000993,ok
"Sarszentagota, Transdanubia, Sarbogardi jaras, Fejér, Hungary",46.9705991,18.5665592,ok
"Soponya, Transdanubia, Szekesfehervari jaras, Fejér, Hungary",47.0111124,18.4558342,ok
"Tokorcs, Transdanubia, Celldoemoelki jaras, Vas, Hungary",47.2697913,17.0997957,ok
"Fueloep, Great Plain and North, Nyiradonyi jaras, Hajdú-Bihar, Hungary",47.6944403,18.4403293,ok
"Ohid, Transdanubia, Zalaszentgroti jaras, Zala, Hungary",46.9610291,17.1675337,ok
"Tiszafoeldvar, Great Plain and North, Kunszentmartoni jaras, Jász-Nagykun-Szolnok, Hungary",47.2971598,20.453178,ok
"Doboz, Great Plain and North, Bekescsabai jaras, Békés, Hungary",46.7344029,21.2413729,ok
"Kuelsosard, Transdanubia, Lenti jaras, Zala, Hungary",46.6713343,16.8894692,ok
"Borsodbota, Great Plain and North, Ozdi jaras, Borsod-Abaúj-Zemplén, Hungary",48.2118128,20.3963817,ok
"Csokonyavisonta, Transdanubia, Barcsi jaras, Somogy, Hungary",46.0817403,17.4444757,ok
"Nagyivan, Great Plain and North, Tiszafueredi jaras, Jász-Nagykun-Szolnok, Hungary",47.4848432,20.9271417,ok
"Bekes, Great Plain and North, Bekesi jaras, Békés, Hungary",46.7717431,21.1325877,ok
"Csokvaomany, Great Plain and North, Ozdi jaras, Borsod-Abaúj-Zemplén, Hungary",48.1657718,20.3738354,ok
"Hetefejercse, Great Plain and North, Vasarosnamenyi jaras, Szabolcs-Szatmár-Bereg, Hungary",48.1279333,22.4684005,ok
"Vemend, Transdanubia, Mohacsi jaras, Baranya, Hungary",46.1569155,18.6172563,ok
"Koeroesszakal, Great Plain and North, Berettyoujfalui jaras, Hajdú-Bihar, Hungary",47.4407848,21.4752281,ok
"Tomor, Great Plain and North, Edelenyi jaras, Borsod-Abaúj-Zemplén, Hungary",48.3273563,20.8827263,ok
"Adorjanhaza, Transdanubia, Devecseri jaras, Veszprém, Hungary",47.2431039,17.239537,ok
"Zalasarszeg, Transdanubia, Nagykanizsai jaras, Zala, Hungary",46.492698,17.0794308,ok
"Acsad, Transdanubia, Szombathelyi jaras, Vas, Hungary",47.3258861,16.7341113,ok
"Putnok, Great Plain and North, Putnoki jaras, Borsod-Abaúj-Zemplén, Hungary",48.2942607,20.4342869,ok
"Egercsehi, Great Plain and North, Egri jaras, Heves, Hungary",48.0542913,20.256917,ok
"Komlosd, Transdanubia, Barcsi jaras, Somogy, Hungary",46.0172375,17.386257,ok
"Cserdi, Transdanubia, Szentlorinci jaras, Baranya, Hungary",46.0812218,17.9906814,ok
"Mezokovacshaza, Great Plain and North, Mezokovacshazai jaras, Békés, Hungary",46.4073383,20.9236006,ok
"Kunszentmarton, Great Plain and North, Kunszentmartoni jaras, Jász-Nagykun-Szolnok, Hungary",46.8399054,20.2908813,ok
"Konyar, Great Plain and North, Derecskei jaras, Hajdú-Bihar, Hungary",47.3209702,21.6738284,ok
"Domahaza, Great Plain and North, Ozdi jaras, Borsod-Abaúj-Zemplén, Hungary",48.1823202,20.1034271,ok
"Gegeny, Great Plain and North, Kemecsei jaras, Szabolcs-Szatmár-Bereg, Hungary",48.1445497,21.9489647,ok
"Berzence, Transdanubia, Csurgoi jaras, Somogy, Hungary",46.2059813,17.148481,ok
"Ambrozfalva, Great Plain and North, Makoi jaras, Csongrád-Csanád, Hungary",46.3495419,20.7300915,ok
"Kerkateskand, Transdanubia, Lenti jaras, Zala, Hungary",46.5738264,16.5709632,ok
"Lispeszentadorjan, Transdanubia, Letenyei jaras, Zala, Hungary",46.5420763,16.695676,ok
"Loevopetri, Great Plain and North, Kisvardai jaras, Szabolcs-Szatmár-Bereg, Hungary",48.0297821,22.0040108,ok
"Borgata, Transdanubia, Celldoemoelki jaras, Vas, Hungary",47.1618331,17.0798627,ok
"Pokaszepetk, Transdanubia, Zalaegerszegi jaras, Zala, Hungary",46.9260948,16.9661627,ok
"Mike, Transdanubia, Kaposvari jaras, Somogy, Hungary",46.2425273,17.5295309,ok
"Kemendollar, Transdanubia, Zalaegerszegi jaras, Zala, Hungary",46.9029914,16.9494183,ok
"Tatarszentgyoergy, Central, Dabasi jaras, Pest megye, Hungary",47.3715943,19.3452624,ok
"Ujkigyos, Great Plain and North, Bekescsabai jaras, Békés, Hungary",46.5952164,21.0249183,ok
"Nyomar, Great Plain and North, Edelenyi jaras, Borsod-Abaúj-Zemplén, Hungary",48.275992,20.819591,ok
"Vaja, Great Plain and North, Mateszalkai jaras, Szabolcs-Szatmár-Bereg, Hungary",47.9990668,22.1715133,ok
"Koeroesujfalu, Great Plain and North, Szeghalmi jaras, Békés, Hungary",46.7862993,20.9820736,ok
"Egervar, Transdanubia, Zalaegerszegi jaras, Zala, Hungary",46.9336026,16.8521806,ok
"Visonta, Great Plain and North, Gyoengyoesi jaras, Heves, Hungary",47.779705,20.0269417,ok
"Pakod, Transdanubia, Zalaszentgroti jaras, Zala, Hungary",46.9569741,16.9941457,ok
"Tiszaoers, Great Plain and North, Tiszafueredi jaras, Jász-Nagykun-Szolnok, Hungary",47.2971598,20.453178,ok
"Kisujszallas, Great Plain and North, Karcagi jaras, Jász-Nagykun-Szolnok, Hungary",47.2162053,20.7546669,ok
"Muraratka, Transdanubia, Letenyei jaras, Zala, Hungary",46.4569875,16.6745343,ok
"Dabrony, Transdanubia, Devecseri jaras, Veszprém, Hungary",47.242302,17.3280425,ok
"Csanadpalota, Great Plain and North, Makoi jaras, Csongrád-Csanád, Hungary",46.2440484,20.723398,ok
"Nagyvarsany, Great Plain and North, Vasarosnamenyi jaras, Szabolcs-Szatmár-Bereg, Hungary",48.1602115,22.278372,ok
"Vertesboglar, Transdanubia, Bicskei jaras, Fejér, Hungary",47.4289479,18.5247841,ok
"Tiszanana, Great Plain and North, Hevesi jaras, Heves, Hungary",47.5564803,20.5292959,ok
"Vancsod, Great Plain and North, Berettyoujfalui jaras, Hajdú-Bihar, Hungary",47.1953833,21.6393609,ok
"Orosztony, Transdanubia, Nagykanizsai jaras, Zala, Hungary",46.6269989,17.0618029,ok
"Nagybakonak, Transdanubia, Nagykanizsai jaras, Zala, Hungary",46.5516271,17.0444927,ok
"Medgyesegyhaza, Great Plain and North, Mezokovacshazai jaras, Békés, Hungary",46.4981379,21.0280887,ok
"Udvari, Transdanubia, Tamasi jaras, Tolna, Hungary",46.5945292,18.51083,ok
"Jaszladany, Great Plain and North, Jaszapati jaras, Jász-Nagykun-Szolnok, Hungary",47.3649496,20.1653647,ok
"Eperjeske, Great Plain and North, Zahonyi jaras, Szabolcs-Szatmár-Bereg, Hungary",48.3452238,22.2120073,ok
"Sarkadkeresztur, Great Plain and North, Sarkadi jaras, Békés, Hungary",46.8086115,21.3812418,ok
"Beremend, Transdanubia, Siklosi jaras, Baranya, Hungary",45.7847076,18.4345572,ok
"Elek, Great Plain and North, Gyulai jaras, Békés, Hungary",46.5294265,21.2526107,ok
"Cibakhaza, Great Plain and North, Kunszentmartoni jaras, Jász-Nagykun-Szolnok, Hungary",46.9590236,20.2062362,ok
"Monostorpalyi, Great Plain and North, Derecskei jaras, Hajdú-Bihar, Hungary",47.3974068,21.7734281,ok
"Palkonya, Transdanubia, Siklosi jaras, Baranya, Hungary",45.8953345,18.3907786,ok
"Paka, Transdanubia, Lenti jaras, Zala, Hungary",46.5933335,16.6494169,ok
"Bekessamson, Great Plain and North, Oroshazi jaras, Békés, Hungary",46.4159576,20.622012,ok
"Medina, Transdanubia, Szekszardi jaras, Tolna, Hungary",46.4738585,18.6433566,ok
"Kunhegyes, Great Plain and North, Kunhegyesi jaras, Jász-Nagykun-Szolnok, Hungary",47.3699089,20.6318292,ok
"Goedre, Transdanubia, Hegyhati jaras, Baranya, Hungary",45.9714436,18.1669246,ok
"Csorvas, Great Plain and North, Bekescsabai jaras, Békés, Hungary",46.6304122,20.8336244,ok
"Szenyer, Transdanubia, Marcali jaras, Somogy, Hungary",46.4626204,17.3701773,ok
"Mezopeterd, Great Plain and North, Berettyoujfalui jaras, Hajdú-Bihar, Hungary",47.1670753,21.6166459,ok
"Vokany, Transdanubia, Siklosi jaras, Baranya, Hungary",45.9114812,18.3362045,ok
"Janoshida, Great Plain and North, Jaszapati jaras, Jász-Nagykun-Szolnok, Hungary",47.3839188,20.0565734,ok
"Buzsak, Transdanubia, Fonyodi jaras, Somogy, Hungary",46.6487053,17.5774653,ok
"Mezoladany, Great Plain and North, Kisvardai jaras, Szabolcs-Szatmár-Bereg, Hungary",48.274162,22.2228824,ok
"Kocs, Transdanubia, Tatai jaras, Komárom-Esztergom, Hungary",47.6054999,18.2132002,ok
"Liptod, Transdanubia, Bolyi jaras, Baranya, Hungary",46.0461895,18.5156614,ok
"Kokut, Transdanubia, Kaposvari jaras, Somogy, Hungary",46.19288,17.5745571,ok
"Pahi, Great Plain and North, Kiskoroesi jaras, Bács-Kiskun, Hungary",46.7131018,19.386505,ok
"Demecser, Great Plain and North, Kemecsei jaras, Szabolcs-Szatmár-Bereg, Hungary",48.1136996,21.9252073,ok
"Sitke, Transdanubia, Sarvari jaras, Vas, Hungary",47.242815,17.0242831,ok
"Aranyosgadany, Transdanubia, Pecsi jaras, Baranya, Hungary",46.0079124,18.1191619,ok
"Kekcse, Great Plain and North, Kisvardai jaras, Szabolcs-Szatmár-Bereg, Hungary",48.251734,22.009493,ok
"Halasztelek, Central, Szigetszentmiklosi jaras, Pest megye, Hungary",47.363105,18.9811444,ok
"Hajmasker, Transdanubia, Veszpremi jaras, Veszprém, Hungary",47.1444695,18.0142678,ok
"Paradsasvar, Great Plain and North, Petervasarai jaras, Heves, Hungary",47.9121032,19.9780675,ok
"Felsocsatar, Transdanubia, Szombathelyi jaras, Vas, Hungary",47.2138553,16.4446605,ok
"Ladanybene, Great Plain and North, Kecskemeti jaras, Bács-Kiskun, Hungary",47.0350187,19.4557131,ok
"Nagyvazsony, Transdanubia, Veszpremi jaras, Veszprém, Hungary",46.9835252,17.6984864,ok
"Oerkeny, Central, Dabasi jaras, Pest megye, Hungary",47.3715943,19.3452624,ok
"Berhida, Transdanubia, Varpalotai jaras, Veszprém, Hungary",47.1109931,18.1339369,ok
"Alcsutdoboz, Transdanubia, Bicskei jaras, Fejér, Hungary",47.4254396,18.603219,ok
"Ebes, Great Plain and North, Hajduszoboszloi jaras, Hajdú-Bihar, Hungary",47.4712353,21.4914725,ok
"Felsoszentivan, Great Plain and North, Bajai jaras, Bács-Kiskun, Hungary",46.1947597,19.1881586,ok
"Nyirpazony, Great Plain and North, Nyiregyhazi jaras, Szabolcs-Szatmár-Bereg, Hungary",47.9808396,21.7990918,ok
"Nagyrev, Great Plain and North, Kunszentmartoni jaras, Jász-Nagykun-Szolnok, Hungary",46.9450727,20.1440061,ok
"Solymar, Central, Pilisvoeroesvari jaras, Pest megye, Hungary",47.5913333,18.9284943,ok
"Jaszkiser, Great Plain and North, Jaszapati jaras, Jász-Nagykun-Szolnok, Hungary",47.4594357,20.2157783,ok
"Pusztavam, Transdanubia, Mori jaras, Fejér, Hungary",47.4293464,18.227975,ok
"Szentpeterfa, Transdanubia, Szombathelyi jaras, Vas, Hungary",47.0944355,16.4788754,ok
"Teglas, Great Plain and North, Hajduhadhazi jaras, Hajdú-Bihar, Hungary",47.7156887,21.6746328,ok
"Enese, Transdanubia, Gyori jaras, Győr-Moson-Sopron, Hungary",47.643899,17.4218856,ok
"Soepte, Transdanubia, Szombathelyi jaras, Vas, Hungary",47.1371935,16.780898,ok
"Agfalva, Transdanubia, Soproni jaras, Győr-Moson-Sopron, Hungary",47.6905324,16.5137872,ok
"Pogany, Transdanubia, Pecsi jaras, Baranya, Hungary",45.9841107,18.2604675,ok
"Hantos, Transdanubia, Sarbogardi jaras, Fejér, Hungary",46.9948664,18.6991205,ok
"Karad, Transdanubia, Fonyodi jaras, Somogy, Hungary",46.6934534,17.8385506,ok
"oriszentpeter, Transdanubia, Koermendi jaras, Vas, Hungary",46.8415658,16.4182244,ok
"Aszod, Central, Aszodi jaras, Pest megye, Hungary",47.6532732,19.4747432,ok
"Puespoekladany, Great Plain and North, Puespoekladanyi jaras, Hajdú-Bihar, Hungary",47.4407848,21.4752281,ok
"Pazmandfalu, Transdanubia, Pannonhalmi jaras, Győr-Moson-Sopron, Hungary",47.5696422,17.7839964,ok
"Sur, Transdanubia, Kisberi jaras, Komárom-Esztergom, Hungary",47.3724321,18.0297393,ok
"Szodliget, Central, Vaci jaras, Pest megye, Hungary",47.7299732,19.1473194,ok
"Alsopahok, Transdanubia, Keszthelyi jaras, Zala, Hungary",46.7613162,17.1738982,ok
"Pereszteg, Transdanubia, Soproni jaras, Győr-Moson-Sopron, Hungary",47.5932129,16.7351629,ok
"Retsag, Great Plain and North, Retsagi jaras, Nógrád, Hungary",47.9303241,19.1375901,ok
"Hegyko, Transdanubia, Soproni jaras, Győr-Moson-Sopron, Hungary",47.6216968,16.7940665,ok
"Radockoelked, Transdanubia, Koermendi jaras, Vas, Hungary",47.1371935,16.780898,ok
"Bekesszentandras, Great Plain and North, Szarvasi jaras, Békés, Hungary",46.8717052,20.4851283,ok
"Oetteveny, Transdanubia, Gyori jaras, Győr-Moson-Sopron, Hungary",47.6610134,17.3796437,ok
"Sarand, Great Plain and North, Derecskei jaras, Hajdú-Bihar, Hungary",47.4124718,21.6248243,ok
"Mosonszentmiklos, Transdanubia, Gyori jaras, Győr-Moson-Sopron, Hungary",47.7286866,17.4271186,ok
"Mende, Central, Nagykatai jaras, Pest megye, Hungary",47.4288652,19.4515363,ok
"Sonkad, Great Plain and North, Fehergyarmati jaras, Szabolcs-Szatmár-Bereg, Hungary",48.05401,22.7467534,ok
"Mihalyfa, Transdanubia, Zalaszentgroti jaras, Zala, Hungary",46.9789747,17.1895548,ok
"Szantod, Transdanubia, Siofoki jaras, Somogy, Hungary",46.8693827,17.9045327,ok
"Ruzsa, Great Plain and North, Morahalmi jaras, Csongrád-Csanád, Hungary",46.287866,19.746398,ok
"Csoemoer, Central, Gödöllő Regional Unit, Pest megye, Hungary",47.3715943,19.3452624,ok
"Nyirbator, Great Plain and North, Nyirbatori jaras, Szabolcs-Szatmár-Bereg, Hungary",47.839511,22.1322309,ok
"Gyorujfalu, Transdanubia, Gyori jaras, Győr-Moson-Sopron, Hungary",47.7211947,17.6081756,ok
"Bodajk, Transdanubia, Mori jaras, Fejér, Hungary",47.3227042,18.233096,ok
"Ordacsehi, Transdanubia, Fonyodi jaras, Somogy, Hungary",46.7432686,17.6241198,ok
"Kesztoelc, Transdanubia, Esztergomi jaras, Komárom-Esztergom, Hungary",47.6511599,18.2551911,ok
"Dany, Central, Gödöllő Regional Unit, Pest megye, Hungary",47.5222089,19.5508325,ok
"Bekoelce, Great Plain and North, Belapatfalvai jaras, Heves, Hungary",47.7884409,20.1714412,ok
"Tiszavasvari, Great Plain and North, Tiszavasvari jaras, Szabolcs-Szatmár-Bereg, Hungary",47.956619,21.3680532,ok
"Se, Transdanubia, Szombathelyi jaras, Vas, Hungary",47.243937,16.5542516,ok
"Olaszfa, Transdanubia, Vasvari jaras, Vas, Hungary",47.0135482,16.884111,ok
"Bakonynana, Transdanubia, Zirci jaras, Veszprém, Hungary",47.2819705,17.9692327,ok
"Bucsu, Transdanubia, Szombathelyi jaras, Vas, Hungary",47.26397,16.4938207,ok
"Great Plain and North, Salgotarjani jaras, Nógrád, Hungary",48.0802813,19.7914429,ok
"Many, Transdanubia, Bicskei jaras, Fejér, Hungary",47.529936,18.6563538,ok
"Halimba, Transdanubia, Ajkai jaras, Veszprém, Hungary",47.0332649,17.5356155,ok
"Gant, Transdanubia, Szekesfehervari jaras, Fejér, Hungary",47.3647409,18.3896706,ok
"Felsonyek, Transdanubia, Tamasi jaras, Tolna, Hungary",46.7892418,18.2914759,ok
"Emod, Great Plain and North, Miskolci jaras, Borsod-Abaúj-Zemplén, Hungary",47.9339466,20.8165452,ok
"Fueloephaza, Great Plain and North, Kecskemeti jaras, Bács-Kiskun, Hungary",46.5809294,19.5128532,ok
"Csevharaszt, Central, Monori jaras, Pest megye, Hungary",47.2973253,19.429192,ok
"Hegyeshalom, Transdanubia, Mosonmagyarovari jaras, Győr-Moson-Sopron, Hungary",47.9144882,17.1558011,ok
"Fony, Great Plain and North, Goenci jaras, Borsod-Abaúj-Zemplén, Hungary",48.3910404,21.2841684,ok
"Tabajd, Transdanubia, Bicskei jaras, Fejér, Hungary",47.4064587,18.6264073,ok
"Remeteszolos, Central, Budakeszi jaras, Pest megye, Hungary",47.5598939,18.921676,ok
"Herceghalom, Central, Budakeszi jaras, Pest megye, Hungary",47.496236,18.7448861,ok
"Csep, Transdanubia, Kisberi jaras, Komárom-Esztergom, Hungary",47.577881,18.0629998,ok
"Bekas, Transdanubia, Papai jaras, Veszprém, Hungary",47.3317525,17.350161,ok
"Piliscsaba, Central, Pilisvoeroesvari jaras, Pest megye, Hungary",47.6329416,18.8261229,ok
"Tihany, Transdanubia, Balatonfueredi jaras, Veszprém, Hungary",46.9132712,17.8882318,ok
"Bakonya, Transdanubia, Pecsi jaras, Baranya, Hungary",46.0852894,18.0804728,ok
"Gellenhaza, Transdanubia, Zalaegerszegi jaras, Zala, Hungary",46.7601687,16.7836819,ok
"Pecsely, Transdanubia, Balatonfueredi jaras, Veszprém, Hungary",46.9551435,17.7864493,ok
"Janossomorja, Transdanubia, Mosonmagyarovari jaras, Győr-Moson-Sopron, Hungary",47.7859228,17.1364228,ok
"Valko, Central, Gödöllő Regional Unit, Pest megye, Hungary",47.5641727,19.5100231,ok
"Zanka, Transdanubia, Balatonfueredi jaras, Veszprém, Hungary",46.8729306,17.6833856,ok
"Tamasi, Transdanubia, Tamasi jaras, Tolna, Hungary",46.6293978,18.2850331,ok
"Fejér, Transdanubia, Hungary",47.0939434,18.6088562,ok
"Tokaj, Great Plain and North, Tokaji jaras, Borsod-Abaúj-Zemplén, Hungary",48.1235534,21.4113895,ok
"Patvarc, Great Plain and North, Balassagyarmati jaras, Nógrád, Hungary",48.0654361,19.3483753,ok
"Felsopahok, Transdanubia, Keszthelyi jaras, Zala, Hungary",46.7844916,17.1559057,ok
"Budapest, Central, Hungary",47.4978789,19.0402383,ok
"Kapolnasnyek, Transdanubia, Gardonyi jaras, Fejér, Hungary",47.237503,18.6722759,ok
"Kisgoerbo, Transdanubia, Zalaszentgroti jaras, Zala, Hungary",46.6713343,16.8894692,ok
"Suetto, Transdanubia, Esztergomi jaras, Komárom-Esztergom, Hungary",47.6913444,18.5113536,ok
"Horvatzsidany, Transdanubia, Koszegi jaras, Vas, Hungary",47.4108761,16.6251867,ok
"Gavavencsello, Great Plain and North, Ibranyi jaras, Szabolcs-Szatmár-Bereg, Hungary",48.161011,21.5934119,ok
"Pilisszentkereszt, Central, Szentendrei jaras, Pest megye, Hungary",47.6931455,18.9024298,ok
"Koronco, Transdanubia, Gyori jaras, Győr-Moson-Sopron, Hungary",47.5973773,17.5298156,ok
"Gyekenyes, Transdanubia, Csurgoi jaras, Somogy, Hungary",46.2334928,17.0103728,ok
"Nagyatad, Transdanubia, Nagyatadi jaras, Somogy, Hungary",46.229143,17.3570964,ok
"Alsooers, Transdanubia, Balatonfueredi jaras, Veszprém, Hungary",47.0933824,17.9080406,ok
"Balloszoeg, Great Plain and North, Kecskemeti jaras, Bács-Kiskun, Hungary",46.5809294,19.5128532,ok
"Zala, Transdanubia, Tabi jaras, Somogy, Hungary",46.7392974,18.0014999,ok
"Tet, Transdanubia, Teti jaras, Győr-Moson-Sopron, Hungary",47.5159522,17.5166682,ok
"Zalaszentlaszlo, Transdanubia, Zalaszentgroti jaras, Zala, Hungary",46.8757689,17.1121849,ok
"Szigetcsep, Central, Rackevei jaras, Pest megye, Hungary",47.2671482,18.9672674,ok
"Dunaszeg, Transdanubia, Gyori jaras, Győr-Moson-Sopron, Hungary",47.7696461,17.5400735,ok
"Nagybajcs, Transdanubia, Gyori jaras, Győr-Moson-Sopron, Hungary",47.7644567,17.6868931,ok
"Aszofo, Transdanubia, Balatonfueredi jaras, Veszprém, Hungary",46.9288872,17.8333945,ok
"Nagycserkesz, Great Plain and North, Nyiregyhazi jaras, Szabolcs-Szatmár-Bereg, Hungary",47.9641355,21.5534409,ok
"Alsopeteny, Great Plain and North, Retsagi jaras, Nógrád, Hungary",47.874758,19.2448933,ok
"Repcelak, Transdanubia, Sarvari jaras, Vas, Hungary",47.4195089,17.0154287,ok
"Ecsed, Great Plain and North, Hatvani jaras, Heves, Hungary",47.7323069,19.7728816,ok
"Tac, Transdanubia, Szekesfehervari jaras, Fejér, Hungary",47.0829509,18.4058071,ok
"Almaskeresztur, Transdanubia, Szigetvari jaras, Baranya, Hungary",46.11961,17.8945326,ok
"Lepseny, Transdanubia, Enyingi jaras, Fejér, Hungary",46.9946682,18.2443639,ok
"Toeltestava, Transdanubia, Gyori jaras, Győr-Moson-Sopron, Hungary",47.6610134,17.3796437,ok
"Csakbereny, Transdanubia, Mori jaras, Fejér, Hungary",47.3488619,18.3285962,ok
"Monorierdo, Central, Monori jaras, Pest megye, Hungary",47.3102611,19.5026261,ok
"Bardudvarnok, Transdanubia, Kaposvari jaras, Somogy, Hungary",46.3268032,17.6850898,ok
"Szakony, Transdanubia, Soproni jaras, Győr-Moson-Sopron, Hungary",47.4271214,16.7166154,ok
"Mezofalva, Transdanubia, Dunaujvarosi jaras, Fejér, Hungary",46.9324818,18.7790405,ok
"Bo, Transdanubia, Sarvari jaras, Vas, Hungary",47.3691232,16.8154521,ok
"Ujhartyan, Central, Dabasi jaras, Pest megye, Hungary",47.2200186,19.3841049,ok
"Szendehely, Great Plain and North, Retsagi jaras, Nógrád, Hungary",47.8553893,19.1049747,ok
"Kemence, Central, Szobi jaras, Pest megye, Hungary",48.0171336,18.891553,ok
"Celldoemoelk, Transdanubia, Celldoemoelki jaras, Vas, Hungary",47.1371935,16.780898,ok
"Tordas, Transdanubia, Martonvasari jaras, Fejér, Hungary",47.344615,18.7527252,ok
"Gemzse, Great Plain and North, Vasarosnamenyi jaras, Szabolcs-Szatmár-Bereg, Hungary",48.139532,22.1942568,ok
"Lanycsok, Transdanubia, Mohacsi jaras, Baranya, Hungary",46.0048239,18.6236136,ok
"Balatonfoeldvar, Transdanubia, Siofoki jaras, Somogy, Hungary",46.439656,17.6212956,ok
"Szigetmonostor, Central, Szentendrei jaras, Pest megye, Hungary",47.6896702,19.1009549,ok
"Baksa, Transdanubia, Sellyei jaras, Baranya, Hungary",45.9595045,18.0950419,ok
"Labatlan, Transdanubia, Esztergomi jaras, Komárom-Esztergom, Hungary",47.7450853,18.5015732,ok
"Nyalka, Transdanubia, Pannonhalmi jaras, Győr-Moson-Sopron, Hungary",47.5438069,17.8081139,ok
"Bakonybel, Transdanubia, Zirci jaras, Veszprém, Hungary",47.2551092,17.7280196,ok
"Ketegyhaza, Great Plain and North, Gyulai jaras, Békés, Hungary",46.5455442,21.1856277,ok
"Kismaros, Central, Szobi jaras, Pest megye, Hungary",47.8266438,19.0129068,ok
"Kunszentmiklos, Great Plain and North, Kunszentmiklosi jaras, Bács-Kiskun, Hungary",47.0257098,19.1234855,ok
"Budajeno, Central, Budakeszi jaras, Pest megye, Hungary",47.5554742,18.803881,ok
"Milejszeg, Transdanubia, Zalaegerszegi jaras, Zala, Hungary",46.788773,16.7419837,ok
"Zakanyszek, Great Plain and North, Morahalmi jaras, Csongrád-Csanád, Hungary",46.274063,19.8885058,ok
"Cegledbercel, Central, Cegledi jaras, Pest megye, Hungary",47.2150336,19.678569,ok
"Belvardgyula, Transdanubia, Bolyi jaras, Baranya, Hungary",45.9729466,18.4327446,ok
"Vachartyan, Central, Vaci jaras, Pest megye, Hungary",47.7270056,19.2537343,ok
"Parad, Great Plain and North, Petervasarai jaras, Heves, Hungary",47.9234507,20.0304804,ok
"Kunadacs, Great Plain and North, Kunszentmiklosi jaras, Bács-Kiskun, Hungary",46.9561969,19.2945534,ok
"Tinnye, Central, Pilisvoeroesvari jaras, Pest megye, Hungary",47.6208911,18.7778879,ok
"Nagycsepely, Transdanubia, Siofoki jaras, Somogy, Hungary",46.74979,17.834596,ok
"Csokako, Transdanubia, Mori jaras, Fejér, Hungary",47.3563896,18.2757791,ok
"Kartal, Central, Aszodi jaras, Pest megye, Hungary",47.66792,19.5311002,ok
"Zala, Transdanubia, Hungary",46.6713343,16.8894692,ok
"Balatonvilagos, Transdanubia, Siofoki jaras, Somogy, Hungary",46.9641731,18.159314,ok
"Petofiszallas, Great Plain and North, Kiskunfelegyhazi jaras, Bács-Kiskun, Hungary",46.6204574,19.8614568,ok
"Saska, Transdanubia, Tapolcai jaras, Veszprém, Hungary",46.9359716,17.4786972,ok
"Piricse, Great Plain and North, Nyirbatori jaras, Szabolcs-Szatmár-Bereg, Hungary",47.7717104,22.1518337,ok
"Iszkaszentgyoergy, Transdanubia, Szekesfehervari jaras, Fejér, Hungary",47.0939434,18.6088562,ok
"Zakany, Transdanubia, Csurgoi jaras, Somogy, Hungary",46.2513562,16.9523287,ok
"Central, Szentendrei jaras, Pest megye, Hungary",47.6960419,19.0343659,ok
"Mocseny, Transdanubia, Bonyhadi jaras, Tolna, Hungary",46.2592031,18.590206,ok
"Recsk, Great Plain and North, Petervasarai jaras, Heves, Hungary",47.9356893,20.1103528,ok
"Szoce, Transdanubia, Koermendi jaras, Vas, Hungary",46.8878603,16.5698297,ok
"Piliscsev, Transdanubia, Esztergomi jaras, Komárom-Esztergom, Hungary",47.673439,18.8184572,ok
"Selymes, Soltvadkert, Great Plain and North, Kiskoroesi jaras, Bács-Kiskun, Hungary",46.5439072,19.4161784,ok
"Alsonemesapati, Transdanubia, Zalaegerszegi jaras, Zala, Hungary",46.8533865,16.9304904,ok
"Harsany, Great Plain and North, Miskolci jaras, Borsod-Abaúj-Zemplén, Hungary",47.9684365,20.7404871,ok
"Gyoengyoeshalasz, Great Plain and North, Gyoengyoesi jaras, Heves, Hungary",47.7884409,20.1714412,ok
"Diosviszlo, Transdanubia, Siklosi jaras, Baranya, Hungary",45.876377,18.1641287,ok
"Zalacsany, Transdanubia, Keszthelyi jaras, Zala, Hungary",46.8065059,17.097903,ok
"Vanyarc, Great Plain and North, Pasztoi jaras, Nógrád, Hungary",47.8246582,19.4513886,ok
"Totvazsony, Transdanubia, Veszpremi jaras, Veszprém, Hungary",47.0083012,17.7874287,ok
"Vasad, Central, Monori jaras, Pest megye, Hungary",47.3239639,19.4026487,ok
"Noszvaj, Great Plain and North, Egri jaras, Heves, Hungary",47.9369531,20.4753593,ok
"Nadap, Transdanubia, Gardonyi jaras, Fejér, Hungary",47.2579935,18.6174895,ok
"Szabadegyhaza, Transdanubia, Gardonyi jaras, Fejér, Hungary",47.0767634,18.6924831,ok
"Paszto, Great Plain and North, Pasztoi jaras, Nógrád, Hungary",47.9210634,19.6997727,ok
"Gyoengyoesfalu, Transdanubia, Koszegi jaras, Vas, Hungary",47.1371935,16.780898,ok
"Pellerd, Transdanubia, Pecsi jaras, Baranya, Hungary",46.0348577,18.153296,ok
"Szigetbecse, Central, Rackevei jaras, Pest megye, Hungary",47.1305562,18.9491726,ok
"Sopronhorpacs, Transdanubia, Soproni jaras, Győr-Moson-Sopron, Hungary",47.4838028,16.7387483,ok
"Csatka, Transdanubia, Kisberi jaras, Komárom-Esztergom, Hungary",47.37926,17.9772827,ok
"Szirmabesenyo, Great Plain and North, Miskolci jaras, Borsod-Abaúj-Zemplén, Hungary",48.1540642,20.7959687,ok
"Palosvoeroesmart, Great Plain and North, Gyoengyoesi jaras, Heves, Hungary",47.7884409,20.1714412,ok
"Simasag, Transdanubia, Sarvari jaras, Vas, Hungary",47.4234802,16.8432678,ok
"Bagod, Transdanubia, Zalaegerszegi jaras, Zala, Hungary",46.8768639,16.7437582,ok
"Csepa, Great Plain and North, Kunszentmartoni jaras, Jász-Nagykun-Szolnok, Hungary",46.8062494,20.1304652,ok
"Hereg, Transdanubia, Tatabanyai jaras, Komárom-Esztergom, Hungary",47.6464326,18.5116592,ok
"Racalmas, Transdanubia, Dunaujvarosi jaras, Fejér, Hungary",47.0259018,18.9393279,ok
"Szalafo, Transdanubia, Koermendi jaras, Vas, Hungary",46.865519,16.3635907,ok
"Balassagyarmat, Great Plain and North, Balassagyarmati jaras, Nógrád, Hungary",48.0768832,19.2926037,ok
"Varbalog, Transdanubia, Mosonmagyarovari jaras, Győr-Moson-Sopron, Hungary",47.8339827,17.0705589,ok
"Rede, Transdanubia, Kisberi jaras, Komárom-Esztergom, Hungary",47.4312328,17.9165125,ok
"Kerekharaszt, Great Plain and North, Hatvani jaras, Heves, Hungary",47.6628648,19.6256594,ok
"Bank, Great Plain and North, Retsagi jaras, Nógrád, Hungary",47.9258885,19.1735916,ok
"Szar, Transdanubia, Bicskei jaras, Fejér, Hungary",47.4787964,18.5185002,ok
"Pannonhalma, Transdanubia, Pannonhalmi jaras, Győr-Moson-Sopron, Hungary",47.5502015,17.7541679,ok
"Vassurany, Transdanubia, Szombathelyi jaras, Vas, Hungary",47.2863994,16.7055444,ok
"Kislang, Transdanubia, Enyingi jaras, Fejér, Hungary",46.9602484,18.3851659,ok
"Kisbajcs, Transdanubia, Gyori jaras, Győr-Moson-Sopron, Hungary",47.7452989,17.6812283,ok
"Asvanyraro, Transdanubia, Mosonmagyarovari jaras, Győr-Moson-Sopron, Hungary",47.8299324,17.4996843,ok
"Obarok, Transdanubia, Bicskei jaras, Fejér, Hungary",47.5201465,18.5392903,ok
"Balatonszemes, Transdanubia, Siofoki jaras, Somogy, Hungary",46.806042,17.7789908,ok
"Izsak, Great Plain and North, Kiskoroesi jaras, Bács-Kiskun, Hungary",46.800917,19.3595369,ok
"Fertod, Transdanubia, Soproni jaras, Győr-Moson-Sopron, Hungary",47.6216348,16.8645834,ok
"Hajdunanas, Great Plain and North, Hajdunanasi jaras, Hajdú-Bihar, Hungary",47.8452241,21.4279002,ok
"Legend, Great Plain and North, Retsagi jaras, Nógrád, Hungary",47.8779897,19.3110409,ok
"Kiskunhalas, Great Plain and North, Kiskunhalasi jaras, Bács-Kiskun, Hungary",46.4304454,19.4812571,ok
"Komadi, Great Plain and North, Berettyoujfalui jaras, Hajdú-Bihar, Hungary",47.0015182,21.4882954,ok
"Varosfoeld, Great Plain and North, Kecskemeti jaras, Bács-Kiskun, Hungary",46.5809294,19.5128532,ok
"Vindornyafok, Transdanubia, Keszthelyi jaras, Zala, Hungary",46.8559398,17.1732047,ok
"Ujlengyel, Central, Dabasi jaras, Pest megye, Hungary",47.2322939,19.444332,ok
"Sarkeresztes, Transdanubia, Szekesfehervari jaras, Fejér, Hungary",47.2525814,18.3525837,ok
"Kacsota, Transdanubia, Szentlorinci jaras, Baranya, Hungary",46.0376714,17.9570625,ok
"Kapuvar, Transdanubia, Kapuvari jaras, Győr-Moson-Sopron, Hungary",47.5936871,17.0274744,ok
"Tornyiszentmiklos, Transdanubia, Lenti jaras, Zala, Hungary",46.5160282,16.5572885,ok
"Zagyvaszanto, Great Plain and North, Hatvani jaras, Heves, Hungary",47.7755885,19.6705195,ok
"Nagylengyel, Transdanubia, Zalaegerszegi jaras, Zala, Hungary",46.778581,16.7633768,ok
"Hevizgyoerk, Central, Aszodi jaras, Pest megye, Hungary",47.3715943,19.3452624,ok
"Balatonbereny, Transdanubia, Marcali jaras, Somogy, Hungary",46.710836,17.3193203,ok
"Torony, Transdanubia, Szombathelyi jaras, Vas, Hungary",47.2398927,16.5297139,ok
"Szente, Great Plain and North, Retsagi jaras, Nógrád, Hungary",47.9678151,19.2865515,ok
"Harta, Great Plain and North, Kalocsai jaras, Bács-Kiskun, Hungary",46.6947199,19.0277119,ok
"Szarliget, Transdanubia, Tatabanyai jaras, Komárom-Esztergom, Hungary",47.5184474,18.4935586,ok
"Vacratot, Central, Vaci jaras, Pest megye, Hungary",47.7094372,19.2363045,ok
"Goercsoenydoboka, Transdanubia, Mohacsi jaras, Baranya, Hungary",45.9714436,18.1669246,ok
"Vezseny, Great Plain and North, Szolnoki jaras, Jász-Nagykun-Szolnok, Hungary",47.0336491,20.2199129,ok
"Apagy, Great Plain and North, Nyiregyhazi jaras, Szabolcs-Szatmár-Bereg, Hungary",47.9593892,21.9348469,ok
"Ecs, Transdanubia, Pannonhalmi jaras, Győr-Moson-Sopron, Hungary",47.5611951,17.7153122,ok
"Dad, Transdanubia, Oroszlanyi jaras, Komárom-Esztergom, Hungary",47.5182282,18.2254274,ok
"Hered, Great Plain and North, Hatvani jaras, Heves, Hungary",47.7044017,19.6335945,ok
"Farmos, Central, Nagykatai jaras, Pest megye, Hungary",47.3616376,19.8489595,ok
"Beb, Transdanubia, Papai jaras, Veszprém, Hungary",47.3440341,17.6006698,ok
"Fertohomok, Transdanubia, Soproni jaras, Győr-Moson-Sopron, Hungary",47.6197601,16.7671432,ok
"Apatistvanfalva, Transdanubia, Szentgotthardi jaras, Vas, Hungary",46.8961208,16.2533376,ok
"Diosjeno, Great Plain and North, Retsagi jaras, Nógrád, Hungary",47.9395202,19.0437008,ok
"Babarc, Transdanubia, Bolyi jaras, Baranya, Hungary",46.003813,18.5547242,ok
"Pusztazamor, Central, Erdi jaras, Pest megye, Hungary",47.4024957,18.7855309,ok
"Sarosd, Transdanubia, Szekesfehervari jaras, Fejér, Hungary",47.0416106,18.6498216,ok
"Lorinci, Great Plain and North, Hatvani jaras, Heves, Hungary",47.7400504,19.6773099,ok
"Egerszalok, Great Plain and North, Egri jaras, Heves, Hungary",47.8702335,20.3238326,ok
"Rabaszentmihaly, Transdanubia, Teti jaras, Győr-Moson-Sopron, Hungary",47.5787949,17.4332382,ok
"Varoslod, Transdanubia, Ajkai jaras, Veszprém, Hungary",47.1460699,17.6540976,ok
"Borsodivanka, Great Plain and North, Mezokoevesdi jaras, Borsod-Abaúj-Zemplén, Hungary",47.6983143,20.6554966,ok
"Mocsa, Transdanubia, Komaromi jaras, Komárom-Esztergom, Hungary",47.6692513,18.181483,ok
"Roeszke, Great Plain and North, Szegedi jaras, Csongrád-Csanád, Hungary",46.4515164,20.2277606,ok
"Jaszalsoszentgyoergy, Great Plain and North, Jaszapati jaras, Jász-Nagykun-Szolnok, Hungary",47.2971598,20.453178,ok
"Voers, Transdanubia, Marcali jaras, Somogy, Hungary",46.439656,17.6212956,ok
"Petrivente, Transdanubia, Letenyei jaras, Zala, Hungary",46.4402323,16.8402915,ok
"Almosd, Great Plain and North, Nyiradonyi jaras, Hajdú-Bihar, Hungary",47.4154029,21.9838127,ok
"Kemenesszentpeter, Transdanubia, Papai jaras, Veszprém, Hungary",47.4272734,17.2293189,ok
"Manfa, Transdanubia, Komloi jaras, Baranya, Hungary",46.161445,18.2409479,ok
"Ostoros, Great Plain and North, Egri jaras, Heves, Hungary",47.8669963,20.4288434,ok
"Alap, Transdanubia, Sarbogardi jaras, Fejér, Hungary",46.8044751,18.6854298,ok
"Sarazsadany, Great Plain and North, Sarospataki jaras, Borsod-Abaúj-Zemplén, Hungary",48.2633679,21.4941532,ok
"Ujfeherto, Great Plain and North, Nyiregyhazi jaras, Szabolcs-Szatmár-Bereg, Hungary",47.8008977,21.6829931,ok
"Retalap, Transdanubia, Gyori jaras, Győr-Moson-Sopron, Hungary",47.6061069,17.9101614,ok
"Szamosker, Great Plain and North, Mateszalkai jaras, Szabolcs-Szatmár-Bereg, Hungary",48.0175843,22.4167568,ok
"Buj, Great Plain and North, Ibranyi jaras, Szabolcs-Szatmár-Bereg, Hungary",48.0990777,21.646486,ok
"Erzsebet, Transdanubia, Pecsvaradi jaras, Baranya, Hungary",46.1006605,18.4586279,ok
"Barsonyos, Transdanubia, Kisberi jaras, Komárom-Esztergom, Hungary",47.5089888,17.9214816,ok
"Mezokeresztes, Great Plain and North, Mezokoevesdi jaras, Borsod-Abaúj-Zemplén, Hungary",47.829883,20.6922479,ok
"Doba, Transdanubia, Devecseri jaras, Veszprém, Hungary",47.1659729,17.3798491,ok
"Jaszszentandras, Great Plain and North, Jaszapati jaras, Jász-Nagykun-Szolnok, Hungary",47.5839914,20.1735159,ok
"Ersekvadkert, Great Plain and North, Balassagyarmati jaras, Nógrád, Hungary",47.9960713,19.1989343,ok
"Kosd, Central, Vaci jaras, Pest megye, Hungary",47.8068226,19.1758423,ok
"Level, Transdanubia, Mosonmagyarovari jaras, Győr-Moson-Sopron, Hungary",47.8930868,17.1999042,ok
"Balogunyom, Transdanubia, Szombathelyi jaras, Vas, Hungary",47.1557335,16.6518727,ok
"Zalaszentmihaly, Transdanubia, Zalaegerszegi jaras, Zala, Hungary",46.7296101,16.949373,ok
"Ujudvar, Transdanubia, Nagykanizsai jaras, Zala, Hungary",46.5363905,16.985031,ok
"Kokad, Great Plain and North, Derecskei jaras, Hajdú-Bihar, Hungary",47.4072862,21.9324711,ok
"Gige, Transdanubia, Kaposvari jaras, Somogy, Hungary",46.3007246,17.6085523,ok
"Felsoszentmarton, Transdanubia, Sellyei jaras, Baranya, Hungary",45.8522747,17.705455,ok
"Szentpeterur, Transdanubia, Zalaegerszegi jaras, Zala, Hungary",46.7583841,17.0383964,ok
"Nagygoerbo, Transdanubia, Zalaszentgroti jaras, Zala, Hungary",46.6713343,16.8894692,ok
"Nagybaracska, Great Plain and North, Bajai jaras, Bács-Kiskun, Hungary",46.0429521,18.9054826,ok
"Kava, Central, Monori jaras, Pest megye, Hungary",47.3556823,19.5879305,ok
"Boncodfoelde, Transdanubia, Zalaegerszegi jaras, Zala, Hungary",46.6713343,16.8894692,ok
"Oszko, Transdanubia, Vasvari jaras, Vas, Hungary",47.0464985,16.8745229,ok
"Szenta, Transdanubia, Csurgoi jaras, Somogy, Hungary",46.251405,17.1749628,ok
"Csitar, Great Plain and North, Balassagyarmati jaras, Nógrád, Hungary",48.0543368,19.4292544,ok
"Bakonysarkany, Transdanubia, Kisberi jaras, Komárom-Esztergom, Hungary",47.4479595,18.1014985,ok
"Nagocs, Transdanubia, Tabi jaras, Somogy, Hungary",46.6645895,17.9539656,ok
"Lacacseke, Great Plain and North, Cigandi jaras, Borsod-Abaúj-Zemplén, Hungary",48.3685456,21.9931652,ok
"Maza, Transdanubia, Komloi jaras, Baranya, Hungary",46.2730422,18.3981379,ok
"Szentdenes, Transdanubia, Szentlorinci jaras, Baranya, Hungary",46.0074851,17.9283102,ok
"Nagykaracsony, Transdanubia, Dunaujvarosi jaras, Fejér, Hungary",46.8666921,18.7749966,ok
"Kallosemjen, Great Plain and North, Nagykalloi jaras, Szabolcs-Szatmár-Bereg, Hungary",47.8603398,21.9248578,ok
"Berekfuerdo, Great Plain and North, Karcagi jaras, Jász-Nagykun-Szolnok, Hungary",47.2971598,20.453178,ok
"Ajak, Great Plain and North, Kisvardai jaras, Szabolcs-Szatmár-Bereg, Hungary",48.1778501,22.0522301,ok
"Taliandoeroegd, Transdanubia, Tapolcai jaras, Veszprém, Hungary",47.0933824,17.9080406,ok
"Kotelek, Great Plain and North, Szolnoki jaras, Jász-Nagykun-Szolnok, Hungary",47.3320779,20.4429892,ok
"Kallo, Great Plain and North, Pasztoi jaras, Nógrád, Hungary",47.7489664,19.4919898,ok
"Osztopan, Transdanubia, Kaposvari jaras, Somogy, Hungary",46.5184141,17.6689016,ok
"Cserhatsurany, Great Plain and North, Balassagyarmati jaras, Nógrád, Hungary",47.9775035,19.4264404,ok
"Kaba, Great Plain and North, Puespoekladanyi jaras, Hajdú-Bihar, Hungary",47.3576246,21.2742641,ok
"Gutorfoelde, Transdanubia, Zalaegerszegi jaras, Zala, Hungary",46.6713343,16.8894692,ok
"Erdobenye, Great Plain and North, Tokaji jaras, Borsod-Abaúj-Zemplén, Hungary",48.2662624,21.3560139,ok
"Boehoenye, Transdanubia, Marcali jaras, Somogy, Hungary",46.439656,17.6212956,ok
"Szod, Central, Vaci jaras, Pest megye, Hungary",47.7191669,19.1819507,ok
"Versend, Transdanubia, Bolyi jaras, Baranya, Hungary",45.9945321,18.5135547,ok
"Gyoenk, Transdanubia, Tamasi jaras, Tolna, Hungary",46.4883447,18.5050005,ok
"Foeldes, Great Plain and North, Puespoekladanyi jaras, Hajdú-Bihar, Hungary",47.4407848,21.4752281,ok
"Kistelek, Great Plain and North, Kisteleki jaras, Csongrád-Csanád, Hungary",46.4704606,19.9812009,ok
"Apatfalva, Great Plain and North, Makoi jaras, Csongrád-Csanád, Hungary",46.1768429,20.5746455,ok
"Nagydorog, Transdanubia, Paksi jaras, Tolna, Hungary",46.6230617,18.6578841,ok
"Oermenyes, Great Plain and North, Toeroekszentmiklosi jaras, Jász-Nagykun-Szolnok, Hungary",47.2971598,20.453178,ok
"Morichida, Transdanubia, Teti jaras, Győr-Moson-Sopron, Hungary",47.5150931,17.4203324,ok
"Csoeroeg, Central, Vaci jaras, Pest megye, Hungary",47.3715943,19.3452624,ok
"Adand, Transdanubia, Siofoki jaras, Somogy, Hungary",46.8570109,18.1541377,ok
"Adony, Transdanubia, Dunaujvarosi jaras, Fejér, Hungary",47.1208993,18.8631074,ok
"Doemoes, Transdanubia, Esztergomi jaras, Komárom-Esztergom, Hungary",47.6511599,18.2551911,ok
"Nemeskeresztur, Transdanubia, Celldoemoelki jaras, Vas, Hungary",47.0936033,17.1934153,ok
"Kakasd, Transdanubia, Bonyhadi jaras, Tolna, Hungary",46.3462709,18.5927004,ok
"Koebleny, Transdanubia, Komloi jaras, Baranya, Hungary",45.9714436,18.1669246,ok
"Balsa, Great Plain and North, Ibranyi jaras, Szabolcs-Szatmár-Bereg, Hungary",48.171937,21.5357112,ok
"Kal, Great Plain and North, Fuezesabonyi jaras, Heves, Hungary",47.7338768,20.2592411,ok
"Saly, Great Plain and North, Mezokoevesdi jaras, Borsod-Abaúj-Zemplén, Hungary",47.9492788,20.6630021,ok
"Csakanydoroszlo, Transdanubia, Koermendi jaras, Vas, Hungary",46.9752457,16.5046293,ok
"Abadszalok, Great Plain and North, Kunhegyesi jaras, Jász-Nagykun-Szolnok, Hungary",47.4760139,20.5997748,ok
"Mernye, Transdanubia, Kaposvari jaras, Somogy, Hungary",46.5087018,17.8199639,ok
"Ricse, Great Plain and North, Cigandi jaras, Borsod-Abaúj-Zemplén, Hungary",48.3251744,21.9693324,ok
"Aba, Transdanubia, Szekesfehervari jaras, Fejér, Hungary",47.0292178,18.5216608,ok
"Hort, Great Plain and North, Hatvani jaras, Heves, Hungary",47.689575,19.7826055,ok
"Csurgonagymarton, Transdanubia, Csurgoi jaras, Somogy, Hungary",46.2942905,17.0830691,ok
"Rum, Transdanubia, Szombathelyi jaras, Vas, Hungary",47.1301862,16.8444792,ok
"Dombrad, Great Plain and North, Kisvardai jaras, Szabolcs-Szatmár-Bereg, Hungary",48.2256872,21.9244483,ok
"Egyhazaskozar, Transdanubia, Komloi jaras, Baranya, Hungary",46.3298413,18.3207789,ok
"Nikla, Transdanubia, Marcali jaras, Somogy, Hungary",46.5783111,17.5172735,ok
"Szucs, Great Plain and North, Egri jaras, Heves, Hungary",48.0478451,20.2494915,ok
"Nyiracsad, Great Plain and North, Nyiradonyi jaras, Hajdú-Bihar, Hungary",47.6021228,21.9722891,ok
"Lakocsa, Transdanubia, Barcsi jaras, Somogy, Hungary",45.8964055,17.6929361,ok
"Szentlorinckata, Central, Nagykatai jaras, Pest megye, Hungary",47.5220313,19.7558396,ok
"Magocs, Transdanubia, Hegyhati jaras, Baranya, Hungary",46.349833,18.2285903,ok
"Haromfa, Transdanubia, Nagyatadi jaras, Somogy, Hungary",46.1046252,17.3295434,ok
"Vindornyalak, Transdanubia, Keszthelyi jaras, Zala, Hungary",46.8861291,17.1940729,ok
"Porva, Transdanubia, Zirci jaras, Veszprém, Hungary",47.3069096,17.8126094,ok
"Koeroesszegapati, Great Plain and North, Berettyoujfalui jaras, Hajdú-Bihar, Hungary",47.4407848,21.4752281,ok
"Nagykoeru, Great Plain and North, Szolnoki jaras, Jász-Nagykun-Szolnok, Hungary",47.2971598,20.453178,ok
"Fehergyarmat, Great Plain and North, Fehergyarmati jaras, Szabolcs-Szatmár-Bereg, Hungary",47.9850963,22.5167524,ok
"Vizvar, Transdanubia, Barcsi jaras, Somogy, Hungary",46.0907256,17.2317143,ok
"Belavar, Transdanubia, Barcsi jaras, Somogy, Hungary",46.1216915,17.2149293,ok
"Bak, Transdanubia, Zalaegerszegi jaras, Zala, Hungary",46.7306266,16.8455824,ok
"Bagamer, Great Plain and North, Nyiradonyi jaras, Hajdú-Bihar, Hungary",47.4454935,21.9919136,ok
"Pusztakovacsi, Transdanubia, Marcali jaras, Somogy, Hungary",46.5303827,17.5739763,ok
"Kiralyegyhaza, Transdanubia, Szentlorinci jaras, Baranya, Hungary",45.9968786,17.9686491,ok
"Mehkerek, Great Plain and North, Sarkadi jaras, Békés, Hungary",46.7748493,21.4491781,ok
"Gyoengyoespata, Great Plain and North, Gyoengyoesi jaras, Heves, Hungary",47.7884409,20.1714412,ok
"Great Plain and North, Hevesi jaras, Heves, Hungary",47.2449924,20.9410144,ok
"Kety, Transdanubia, Bonyhadi jaras, Tolna, Hungary",46.4403964,18.5177398,ok
"Molnaszecsod, Transdanubia, Koermendi jaras, Vas, Hungary",47.0457997,16.6765889,ok
"Kemeneshogyesz, Transdanubia, Papai jaras, Veszprém, Hungary",47.3549629,17.298177,ok
"Tiszaeszlar, Great Plain and North, Tiszavasvari jaras, Szabolcs-Szatmár-Bereg, Hungary",48.0355119,21.4577541,ok
"Palotas, Great Plain and North, Pasztoi jaras, Nógrád, Hungary",47.7954248,19.5955271,ok
"Jaszfenyszaru, Great Plain and North, Jaszberenyi jaras, Jász-Nagykun-Szolnok, Hungary",47.5692314,19.7168149,ok
"Gyorasszonyfa, Transdanubia, Pannonhalmi jaras, Győr-Moson-Sopron, Hungary",47.4969133,17.8058287,ok
"Mezobereny, Great Plain and North, Bekesi jaras, Békés, Hungary",46.8240312,21.0290937,ok
"Helesfa, Transdanubia, Szentlorinci jaras, Baranya, Hungary",46.0883058,17.9772084,ok
"Vasegerszeg, Transdanubia, Sarvari jaras, Vas, Hungary",47.3729793,16.9207793,ok
"Izsofalva, Great Plain and North, Kazincbarcikai jaras, Borsod-Abaúj-Zemplén, Hungary",48.3094526,20.6572611,ok
"Igal, Transdanubia, Kaposvari jaras, Somogy, Hungary",46.5345467,17.9386708,ok
"Balinka, Transdanubia, Mori jaras, Fejér, Hungary",47.3126973,18.1889439,ok
"Homokboedoege, Transdanubia, Papai jaras, Veszprém, Hungary",47.0933824,17.9080406,ok
"Zomba, Transdanubia, Bonyhadi jaras, Tolna, Hungary",46.4108094,18.5659247,ok
"Beregsurany, Great Plain and North, Vasarosnamenyi jaras, Szabolcs-Szatmár-Bereg, Hungary",48.1615571,22.5480971,ok
"Tarjan, Transdanubia, Tatabanyai jaras, Komárom-Esztergom, Hungary",47.6088065,18.5063222,ok
"Poeloeske, Transdanubia, Zalaegerszegi jaras, Zala, Hungary",46.6713343,16.8894692,ok
"Hajduszovat, Great Plain and North, Hajduszoboszloi jaras, Hajdú-Bihar, Hungary",47.3904072,21.4750896,ok
"Rabapaty, Transdanubia, Sarvari jaras, Vas, Hungary",47.3028024,16.9278787,ok
"Aparhant, Transdanubia, Bonyhadi jaras, Tolna, Hungary",46.3295939,18.4486863,ok
"Karacsond, Great Plain and North, Gyoengyoesi jaras, Heves, Hungary",47.7280872,20.0273463,ok
"Zsombo, Great Plain and North, Morahalmi jaras, Csongrád-Csanád, Hungary",46.328061,19.9725672,ok
"Nagyloc, Great Plain and North, Szecsenyi jaras, Nógrád, Hungary",48.0354309,19.5726013,ok
"Olaszfalu, Transdanubia, Zirci jaras, Veszprém, Hungary",47.2436541,17.9078919,ok
"Galgaguta, Great Plain and North, Balassagyarmati jaras, Nógrád, Hungary",47.8459936,19.3891248,ok
"Rackeresztur, Transdanubia, Martonvasari jaras, Fejér, Hungary",47.2739444,18.8340424,ok
"Kercaszomor, Transdanubia, Koermendi jaras, Vas, Hungary",46.7889534,16.3508763,ok
"Nyirloevo, Great Plain and North, Kisvardai jaras, Szabolcs-Szatmár-Bereg, Hungary",48.0297821,22.0040108,ok
"Iharosbereny, Transdanubia, Csurgoi jaras, Somogy, Hungary",46.3635026,17.1114138,ok
"Koroestetetlen, Central, Cegledi jaras, Pest megye, Hungary",47.3715943,19.3452624,ok
"Ujlorincfalva, Great Plain and North, Fuezesabonyi jaras, Heves, Hungary",47.6260626,20.5985459,ok
"Hogyesz, Transdanubia, Tamasi jaras, Tolna, Hungary",46.4957481,18.4187415,ok
"Tunyogmatolcs, Great Plain and North, Fehergyarmati jaras, Szabolcs-Szatmár-Bereg, Hungary",47.9706517,22.4582423,ok
"Batmonostor, Great Plain and North, Bajai jaras, Bács-Kiskun, Hungary",46.1047946,18.9279168,ok
"Nagydobsza, Transdanubia, Szigetvari jaras, Baranya, Hungary",46.0339849,17.6655249,ok
"Taktaharkany, Great Plain and North, Szerencsi jaras, Borsod-Abaúj-Zemplén, Hungary",48.088049,21.1324053,ok
"Meggyeskovacsi, Transdanubia, Sarvari jaras, Vas, Hungary",47.1627184,16.8684435,ok
"Bogad, Transdanubia, Pecsi jaras, Baranya, Hungary",46.0839252,18.32219,ok
"Felsolajos, Great Plain and North, Kecskemeti jaras, Bács-Kiskun, Hungary",47.0660508,19.4959069,ok
"Kisigmand, Transdanubia, Komaromi jaras, Komárom-Esztergom, Hungary",47.6536546,18.0997521,ok
"Barabas, Great Plain and North, Vasarosnamenyi jaras, Szabolcs-Szatmár-Bereg, Hungary",48.2303469,22.4307276,ok
"Lippo, Transdanubia, Mohacsi jaras, Baranya, Hungary",45.864582,18.570911,ok
"Illocska, Transdanubia, Siklosi jaras, Baranya, Hungary",45.800773,18.5222663,ok
"Koekeny, Transdanubia, Pecsi jaras, Baranya, Hungary",45.9714436,18.1669246,ok
"Tiszaadony, Great Plain and North, Vasarosnamenyi jaras, Szabolcs-Szatmár-Bereg, Hungary",48.2234511,22.2889312,ok
"Matranovak, Great Plain and North, Batonyterenyei jaras, Nógrád, Hungary",48.0387858,19.9814173,ok
"Jasztelek, Great Plain and North, Jaszberenyi jaras, Jász-Nagykun-Szolnok, Hungary",47.481372,20.0023081,ok
"Bercel, Great Plain and North, Balassagyarmati jaras, Nógrád, Hungary",47.8698475,19.4035193,ok
"Kisrakos, Transdanubia, Koermendi jaras, Vas, Hungary",46.8576511,16.5011229,ok
"Napkor, Great Plain and North, Nyiregyhazi jaras, Szabolcs-Szatmár-Bereg, Hungary",47.9422745,21.8684282,ok
"Kustanszeg, Transdanubia, Zalaegerszegi jaras, Zala, Hungary",46.785332,16.6798925,ok
"Kacs, Great Plain and North, Mezokoevesdi jaras, Borsod-Abaúj-Zemplén, Hungary",47.9586131,20.6085762,ok
"Tereny, Great Plain and North, Balassagyarmati jaras, Nógrád, Hungary",47.9455052,19.4414941,ok
"Cece, Transdanubia, Sarbogardi jaras, Fejér, Hungary",46.77047,18.6291111,ok
"Bosarkany, Transdanubia, Csornai jaras, Győr-Moson-Sopron, Hungary",47.6904548,17.2493747,ok
"Velemer, Transdanubia, Koermendi jaras, Vas, Hungary",46.7389014,16.3632535,ok
"ortilos, Transdanubia, Csurgoi jaras, Somogy, Hungary",46.2812853,16.9260287,ok
"Sirok, Great Plain and North, Petervasarai jaras, Heves, Hungary",47.9308649,20.1957821,ok
"Tiszaigar, Great Plain and North, Tiszafueredi jaras, Jász-Nagykun-Szolnok, Hungary",47.5353221,20.80037,ok
"Kerta, Transdanubia, Devecseri jaras, Veszprém, Hungary",47.1622477,17.2744856,ok
"Csanyoszro, Transdanubia, Sellyei jaras, Baranya, Hungary",45.8812165,17.9074456,ok
"Danszentmiklos, Central, Cegledi jaras, Pest megye, Hungary",47.2077306,19.5561129,ok
"Takacsi, Transdanubia, Papai jaras, Veszprém, Hungary",47.4004007,17.4698442,ok
"Aldebro, Great Plain and North, Fuezesabonyi jaras, Heves, Hungary",47.7891553,20.2283743,ok
"Egyhazashollos, Transdanubia, Koermendi jaras, Vas, Hungary",47.0570351,16.6919224,ok
"Vardomb, Transdanubia, Szekszardi jaras, Tolna, Hungary",46.2485727,18.6848572,ok
"Kiliman, Transdanubia, Nagykanizsai jaras, Zala, Hungary",46.6377465,16.9949519,ok
"Buekkoesd, Transdanubia, Szentlorinci jaras, Baranya, Hungary",45.9714436,18.1669246,ok
"Tiszabura, Great Plain and North, Kunhegyesi jaras, Jász-Nagykun-Szolnok, Hungary",47.4466393,20.4577789,ok
"Nagyboerzsoeny, Central, Szobi jaras, Pest megye, Hungary",47.3715943,19.3452624,ok
"Somogyudvarhely, Transdanubia, Csurgoi jaras, Somogy, Hungary",46.1773427,17.1909701,ok
"Nemetker, Transdanubia, Paksi jaras, Tolna, Hungary",46.7174731,18.764396,ok
"Kaposkeresztur, Transdanubia, Kaposvari jaras, Somogy, Hungary",46.3320582,17.965207,ok
"Bicserd, Transdanubia, Szentlorinci jaras, Baranya, Hungary",46.0225603,18.0815466,ok
"Peteri, Central, Monori jaras, Pest megye, Hungary",47.3880659,19.4107817,ok
"Gamas, Transdanubia, Fonyodi jaras, Somogy, Hungary",46.6202379,17.7625713,ok
"Dunavecse, Great Plain and North, Kunszentmiklosi jaras, Bács-Kiskun, Hungary",46.9163658,18.9716536,ok
"Magyarmecske, Transdanubia, Sellyei jaras, Baranya, Hungary",45.9448963,17.9642178,ok
"Bakonyszombathely, Transdanubia, Kisberi jaras, Komárom-Esztergom, Hungary",47.4703383,17.9624907,ok
"Gecse, Transdanubia, Papai jaras, Veszprém, Hungary",47.4439691,17.5257212,ok
"Great Plain and North, Nógrád, Hungary",48.0802813,19.7914429,ok
"Satoraljaujhely, Great Plain and North, Satoraljaujhelyi jaras, Borsod-Abaúj-Zemplén, Hungary",48.3960978,21.6561497,ok
"Nagyszenas, Great Plain and North, Oroshazi jaras, Békés, Hungary",46.6715027,20.6727493,ok
"Koka, Central, Nagykatai jaras, Pest megye, Hungary",47.4891593,19.5806089,ok
"Heresznye, Transdanubia, Barcsi jaras, Somogy, Hungary",46.0555387,17.2760401,ok
"Somogyvamos, Transdanubia, Fonyodi jaras, Somogy, Hungary",46.5718507,17.6805103,ok
"Szentliszlo, Transdanubia, Letenyei jaras, Zala, Hungary",46.5796727,16.8226614,ok
"Szaporca, Transdanubia, Siklosi jaras, Baranya, Hungary",45.8136605,18.1070163,ok
"Fuezesabony, Great Plain and North, Fuezesabonyi jaras, Heves, Hungary",47.7884409,20.1714412,ok
"Inke, Transdanubia, Csurgoi jaras, Somogy, Hungary",46.3947291,17.1994768,ok
"Tat, Transdanubia, Esztergomi jaras, Komárom-Esztergom, Hungary",47.7398038,18.6543708,ok
"Kunszallas, Great Plain and North, Kecskemeti jaras, Bács-Kiskun, Hungary",46.7605889,19.7524013,ok
"Uraiujfalu, Transdanubia, Sarvari jaras, Vas, Hungary",47.371219,16.9839631,ok
"Alibanfa, Transdanubia, Zalaegerszegi jaras, Zala, Hungary",46.8846461,16.9209856,ok
"Kondorfa, Transdanubia, Szentgotthardi jaras, Vas, Hungary",46.8966494,16.3929341,ok
"Erdokuert, Great Plain and North, Pasztoi jaras, Nógrád, Hungary",47.9873616,19.5472495,ok
"Zalaszentjakab, Transdanubia, Nagykanizsai jaras, Zala, Hungary",46.4875667,17.1297151,ok
"Edde, Transdanubia, Kaposvari jaras, Somogy, Hungary",46.5248859,17.7160089,ok
"Szabolcsbaka, Great Plain and North, Kisvardai jaras, Szabolcs-Szatmár-Bereg, Hungary",48.1572226,22.1395857,ok
"Nogradkoevesd, Great Plain and North, Balassagyarmati jaras, Nógrád, Hungary",47.9873616,19.5472495,ok
"Pankasz, Transdanubia, Koermendi jaras, Vas, Hungary",46.8381922,16.4996403,ok
"Pusztadobos, Great Plain and North, Vasarosnamenyi jaras, Szabolcs-Szatmár-Bereg, Hungary",48.0570124,22.2295764,ok
"Szentes, Great Plain and North, Szentesi jaras, Csongrád-Csanád, Hungary",46.6524049,20.2566408,ok
"Pilisjaszfalu, Central, Pilisvoeroesvari jaras, Pest megye, Hungary",47.655045,18.7941319,ok
"Pusztaszemes, Transdanubia, Siofoki jaras, Somogy, Hungary",46.7659969,17.9255497,ok
"Magyarszerdahely, Transdanubia, Nagykanizsai jaras, Zala, Hungary",46.5549262,16.9358229,ok
"Csabdi, Transdanubia, Bicskei jaras, Fejér, Hungary",47.5188429,18.6127023,ok
"Andornaktalya, Great Plain and North, Egri jaras, Heves, Hungary",47.8436439,20.4125987,ok
"Markaz, Great Plain and North, Gyoengyoesi jaras, Heves, Hungary",47.8266709,20.0547595,ok
"Galambok, Transdanubia, Nagykanizsai jaras, Zala, Hungary",46.5222609,17.1257806,ok
"Bezedek, Transdanubia, Mohacsi jaras, Baranya, Hungary",45.866881,18.5871557,ok
"Bajansenye, Transdanubia, Koermendi jaras, Vas, Hungary",46.8016087,16.3840838,ok
"Malyi, Great Plain and North, Miskolci jaras, Borsod-Abaúj-Zemplén, Hungary",48.01451,20.8276126,ok
"Kunsziget, Transdanubia, Gyori jaras, Győr-Moson-Sopron, Hungary",47.7393981,17.5152083,ok
"Nagyesztergar, Transdanubia, Zirci jaras, Veszprém, Hungary",47.276735,17.9050628,ok
"Szentgotthard, Transdanubia, Szentgotthardi jaras, Vas, Hungary",46.9528507,16.2748541,ok
"Porrogszentpal, Transdanubia, Csurgoi jaras, Somogy, Hungary",46.2874405,17.0152291,ok
"Rabatamasi, Transdanubia, Csornai jaras, Győr-Moson-Sopron, Hungary",47.5885576,17.1696987,ok
"Papkeszi, Transdanubia, Balatonalmadi jaras, Veszprém, Hungary",47.0820574,18.0814079,ok
"Balatonoszoed, Transdanubia, Siofoki jaras, Somogy, Hungary",46.439656,17.6212956,ok
"Magyarnandor, Great Plain and North, Balassagyarmati jaras, Nógrád, Hungary",47.9675683,19.3487659,ok
"Transdanubia, Martonvasari jaras, Fejér, Hungary",47.2385304,18.8917276,ok
"Aszar, Transdanubia, Kisberi jaras, Komárom-Esztergom, Hungary",47.509266,18.0045383,ok
"Pecsudvard, Transdanubia, Pecsi jaras, Baranya, Hungary",46.0139386,18.2739519,ok
"Zahony, Great Plain and North, Zahonyi jaras, Szabolcs-Szatmár-Bereg, Hungary",48.4029055,22.1787677,ok
"Letkes, Central, Szobi jaras, Pest megye, Hungary",47.8853112,18.776906,ok
"Nagysimonyi, Transdanubia, Celldoemoelki jaras, Vas, Hungary",47.2631656,17.065648,ok
"Koemlod, Transdanubia, Oroszlanyi jaras, Komárom-Esztergom, Hungary",47.6511599,18.2551911,ok
"Sioagard, Transdanubia, Szekszardi jaras, Tolna, Hungary",46.3907879,18.6535953,ok
"Babosdoebrete, Transdanubia, Zalaegerszegi jaras, Zala, Hungary",46.6713343,16.8894692,ok
"Toszeg, Great Plain and North, Szolnoki jaras, Jász-Nagykun-Szolnok, Hungary",47.1005785,20.1474605,ok
"Mezoszentgyoergy, Transdanubia, Enyingi jaras, Fejér, Hungary",47.0939434,18.6088562,ok
"Tass, Great Plain and North, Kunszentmiklosi jaras, Bács-Kiskun, Hungary",47.0200511,19.0321758,ok
"Magyaratad, Transdanubia, Kaposvari jaras, Somogy, Hungary",46.4673715,17.9005757,ok
"Csoeroetnek, Transdanubia, Szentgotthardi jaras, Vas, Hungary",47.1371935,16.780898,ok
"Vekeny, Transdanubia, Komloi jaras, Baranya, Hungary",46.2696292,18.3419913,ok
"Szomod, Transdanubia, Tatai jaras, Komárom-Esztergom, Hungary",47.6824922,18.3423516,ok
"Repceszentgyoergy, Transdanubia, Sarvari jaras, Vas, Hungary",47.1371935,16.780898,ok
"Som, Transdanubia, Siofoki jaras, Somogy, Hungary",46.8067676,18.1413711,ok
"Hegyfalu, Transdanubia, Sarvari jaras, Vas, Hungary",47.3540143,16.8823363,ok
"Nadasdladany, Transdanubia, Szekesfehervari jaras, Fejér, Hungary",47.137771,18.2398735,ok
"Muraszemenye, Transdanubia, Letenyei jaras, Zala, Hungary",46.4762416,16.624633,ok
"Marko, Transdanubia, Veszpremi jaras, Veszprém, Hungary",47.1211315,17.8144133,ok
"Nyirmada, Great Plain and North, Vasarosnamenyi jaras, Szabolcs-Szatmár-Bereg, Hungary",48.067926,22.1877049,ok
"Kajaszo, Transdanubia, Martonvasari jaras, Fejér, Hungary",47.3264844,18.7217551,ok
"Szomor, Transdanubia, Tatabanyai jaras, Komárom-Esztergom, Hungary",47.5919199,18.6641826,ok
"Kalocsa, Great Plain and North, Kalocsai jaras, Bács-Kiskun, Hungary",46.5230265,18.9825043,ok
"Kutaso, Great Plain and North, Pasztoi jaras, Nógrád, Hungary",47.947624,19.5414388,ok
"Szob, Central, Szobi jaras, Pest megye, Hungary",47.8182921,18.8711331,ok
"Ofalu, Transdanubia, Pecsvaradi jaras, Baranya, Hungary",46.220819,18.5301832,ok
"Vaskut, Great Plain and North, Bajai jaras, Bács-Kiskun, Hungary",46.111566,18.9854333,ok
"Leanyvar, Transdanubia, Esztergomi jaras, Komárom-Esztergom, Hungary",47.6816948,18.7710262,ok
"Anarcs, Great Plain and North, Kisvardai jaras, Szabolcs-Szatmár-Bereg, Hungary",48.1782578,22.1032718,ok
"Hacs, Transdanubia, Fonyodi jaras, Somogy, Hungary",46.645979,17.6874328,ok
"Vacduka, Central, Vaci jaras, Pest megye, Hungary",47.7445953,19.2145913,ok
"Petfuerdo, Transdanubia, Varpalotai jaras, Veszprém, Hungary",47.0933824,17.9080406,ok
"Patroha, Great Plain and North, Kisvardai jaras, Szabolcs-Szatmár-Bereg, Hungary",48.1722466,21.9899321,ok
"Szecseny, Great Plain and North, Szecsenyi jaras, Nógrád, Hungary",48.0802507,19.5206814,ok
"Kemenesmagasi, Transdanubia, Celldoemoelki jaras, Vas, Hungary",47.3317908,17.2111415,ok
"Felcsut, Transdanubia, Bicskei jaras, Fejér, Hungary",47.4545349,18.5862386,ok
"Goerbehaza, Great Plain and North, Hajdunanasi jaras, Hajdú-Bihar, Hungary",47.4407848,21.4752281,ok
"Jarmi, Great Plain and North, Mateszalkai jaras, Szabolcs-Szatmár-Bereg, Hungary",47.9713788,22.2519405,ok
"Bajna, Transdanubia, Esztergomi jaras, Komárom-Esztergom, Hungary",47.6553343,18.5986208,ok
"Liter, Transdanubia, Balatonalmadi jaras, Veszprém, Hungary",47.099915,18.0076,ok
"Perbal, Central, Budakeszi jaras, Pest megye, Hungary",47.5912451,18.759802,ok
"Csesznek, Transdanubia, Zirci jaras, Veszprém, Hungary",47.3543147,17.8827939,ok
"Szihalom, Great Plain and North, Fuezesabonyi jaras, Heves, Hungary",47.7748385,20.4815867,ok
"Kiskunmajsa, Great Plain and North, Kiskunmajsai jaras, Bács-Kiskun, Hungary",46.4906228,19.7393121,ok
"Zsira, Transdanubia, Soproni jaras, Győr-Moson-Sopron, Hungary",47.4560444,16.6807707,ok
"Romand, Transdanubia, Pannonhalmi jaras, Győr-Moson-Sopron, Hungary",47.4472601,17.7918464,ok
"Tab, Transdanubia, Tabi jaras, Somogy, Hungary",46.7351014,18.0375186,ok
"Sopronkoevesd, Transdanubia, Soproni jaras, Győr-Moson-Sopron, Hungary",47.6610134,17.3796437,ok
"Nyugotszenterzsebet, Transdanubia, Szigetvari jaras, Baranya, Hungary",46.076124,17.9109362,ok
"Nagykereki, Great Plain and North, Berettyoujfalui jaras, Hajdú-Bihar, Hungary",47.1886494,21.7879759,ok
"Kiszsidany, Transdanubia, Koszegi jaras, Vas, Hungary",47.4110791,16.6388556,ok
"Boda, Transdanubia, Szentlorinci jaras, Baranya, Hungary",46.0808583,18.0478346,ok
"Nemesvamos, Transdanubia, Veszpremi jaras, Veszprém, Hungary",47.0548638,17.8718258,ok
"Galgagyoerk, Central, Vaci jaras, Pest megye, Hungary",47.3715943,19.3452624,ok
"Jaszfelsoszentgyoergy, Great Plain and North, Jaszberenyi jaras, Jász-Nagykun-Szolnok, Hungary",47.2971598,20.453178,ok
"Buekkszek, Great Plain and North, Petervasarai jaras, Heves, Hungary",47.7884409,20.1714412,ok
"Tiszaug, Great Plain and North, Tiszakecskei jaras, Bács-Kiskun, Hungary",46.8516867,20.0579352,ok
"Sokoropatka, Transdanubia, Gyori jaras, Győr-Moson-Sopron, Hungary",47.484475,17.7006111,ok
"Lovasbereny, Transdanubia, Szekesfehervari jaras, Fejér, Hungary",47.3099528,18.5526726,ok
"Csengersima, Great Plain and North, Csengeri jaras, Szabolcs-Szatmár-Bereg, Hungary",47.8660813,22.7303134,ok
"Magyarszombatfa, Transdanubia, Koermendi jaras, Vas, Hungary",46.7609486,16.3403609,ok
"Bakonybank, Transdanubia, Kisberi jaras, Komárom-Esztergom, Hungary",47.4681471,17.9033918,ok
"Cseteny, Transdanubia, Zirci jaras, Veszprém, Hungary",47.3171578,17.9962766,ok
"Gerjen, Transdanubia, Paksi jaras, Tolna, Hungary",46.493611,18.9032424,ok
"Sellye, Transdanubia, Sellyei jaras, Baranya, Hungary",45.8735444,17.8514053,ok
"Matraverebely, Great Plain and North, Batonyterenyei jaras, Nógrád, Hungary",47.9730296,19.778055,ok
"Domaszek, Great Plain and North, Szegedi jaras, Csongrád-Csanád, Hungary",46.2451425,20.0034538,ok
"Kecsked, Transdanubia, Oroszlanyi jaras, Komárom-Esztergom, Hungary",47.5240181,18.3076032,ok
"Tabdi, Great Plain and North, Kiskoroesi jaras, Bács-Kiskun, Hungary",46.6846564,19.3077169,ok
"Tardona, Great Plain and North, Kazincbarcikai jaras, Borsod-Abaúj-Zemplén, Hungary",48.1699279,20.5298327,ok
"Barnag, Transdanubia, Veszpremi jaras, Veszprém, Hungary",46.9796133,17.7471209,ok
"Tarnokreti, Transdanubia, Csornai jaras, Győr-Moson-Sopron, Hungary",47.7217755,17.3073304,ok
"Uri, Central, Nagykatai jaras, Pest megye, Hungary",47.415309,19.5244931,ok
"Koetcse, Transdanubia, Siofoki jaras, Somogy, Hungary",46.439656,17.6212956,ok
"Kisszekeres, Great Plain and North, Fehergyarmati jaras, Szabolcs-Szatmár-Bereg, Hungary",47.9734369,22.6366244,ok
"Almamellek, Transdanubia, Szigetvari jaras, Baranya, Hungary",46.1575387,17.8741358,ok
"Szamosangyalos, Great Plain and North, Csengeri jaras, Szabolcs-Szatmár-Bereg, Hungary",47.8717785,22.6523341,ok
"Nagylozs, Transdanubia, Soproni jaras, Győr-Moson-Sopron, Hungary",47.5669714,16.7703934,ok
"Veszpremvarsany, Transdanubia, Pannonhalmi jaras, Győr-Moson-Sopron, Hungary",47.4273146,17.8294955,ok
"Nagycenk, Transdanubia, Soproni jaras, Győr-Moson-Sopron, Hungary",47.6034133,16.6977433,ok
"Felsooers, Transdanubia, Balatonalmadi jaras, Veszprém, Hungary",47.0933824,17.9080406,ok
"Szeleste, Transdanubia, Sarvari jaras, Vas, Hungary",47.3129566,16.8311576,ok
"Levelek, Great Plain and North, Baktaloranthazai jaras, Szabolcs-Szatmár-Bereg, Hungary",47.9654436,21.9868073,ok
"Revfueloep, Transdanubia, Tapolcai jaras, Veszprém, Hungary",47.0933824,17.9080406,ok
"Turistvandi, Great Plain and North, Fehergyarmati jaras, Szabolcs-Szatmár-Bereg, Hungary",48.0513705,22.6458245,ok
"Apaj, Central, Rackevei jaras, Pest megye, Hungary",47.1139942,19.0882667,ok
"Sarok, Transdanubia, Mohacsi jaras, Baranya, Hungary",45.8412548,18.6126762,ok
"Abrahamhegy, Transdanubia, Tapolcai jaras, Veszprém, Hungary",46.8147826,17.5714996,ok
"Zalaszentbalazs, Transdanubia, Nagykanizsai jaras, Zala, Hungary",46.5883047,16.9195288,ok
"Monosbel, Great Plain and North, Belapatfalvai jaras, Heves, Hungary",48.0377177,20.3363779,ok
"Balatoncsicso, Transdanubia, Balatonfueredi jaras, Veszprém, Hungary",46.9266024,17.6688942,ok
"Gyermely, Transdanubia, Tatabanyai jaras, Komárom-Esztergom, Hungary",47.5910684,18.6439003,ok
"Kaptalantoti, Transdanubia, Tapolcai jaras, Veszprém, Hungary",46.8498084,17.5136508,ok
"Tueskevar, Transdanubia, Devecseri jaras, Veszprém, Hungary",47.0933824,17.9080406,ok
"Kerecseny, Transdanubia, Nagykanizsai jaras, Zala, Hungary",46.6254231,17.0454058,ok
"Zebegeny, Central, Szobi jaras, Pest megye, Hungary",47.8000375,18.9101541,ok
"Kereki, Transdanubia, Siofoki jaras, Somogy, Hungary",46.7959566,17.9118845,ok
"Pilisszentlelek, Transdanubia, Esztergomi jaras, Komárom-Esztergom, Hungary",47.7297374,18.8422617,ok
"Polany, Transdanubia, Kaposvari jaras, Somogy, Hungary",46.5583215,17.7727257,ok
"Egerag, Transdanubia, Pecsi jaras, Baranya, Hungary",45.981479,18.3048844,ok
"Magyarpolany, Transdanubia, Ajkai jaras, Veszprém, Hungary",47.1685304,17.5501382,ok
"Szegvar, Great Plain and North, Szentesi jaras, Csongrád-Csanád, Hungary",46.5851274,20.221903,ok
"Felpec, Transdanubia, Teti jaras, Győr-Moson-Sopron, Hungary",47.523086,17.5985879,ok
"Gyorladamer, Transdanubia, Gyori jaras, Győr-Moson-Sopron, Hungary",47.7535231,17.5634287,ok
"Egyhazashetye, Transdanubia, Celldoemoelki jaras, Vas, Hungary",47.1695366,17.1197109,ok
"Szentbekkalla, Transdanubia, Tapolcai jaras, Veszprém, Hungary",46.8864519,17.5645791,ok
"Biharnagybajom, Great Plain and North, Puespoekladanyi jaras, Hajdú-Bihar, Hungary",47.2123973,21.2285194,ok
"Mezohegyes, Great Plain and North, Mezokovacshazai jaras, Békés, Hungary",46.3139611,20.8194076,ok
"Bacsalmas, Great Plain and North, Bacsalmasi jaras, Bács-Kiskun, Hungary",46.1274127,19.3319128,ok
"Transdanubia, Baranya, Hungary",46.0156811,18.2252964,ok
"Herend, Transdanubia, Veszpremi jaras, Veszprém, Hungary",47.1328461,17.7523356,ok
"Mihald, Transdanubia, Nagykanizsai jaras, Zala, Hungary",46.4489148,17.1270994,ok
"Moha, Transdanubia, Szekesfehervari jaras, Fejér, Hungary",47.2430218,18.333815,ok
"Foeldeak, Great Plain and North, Makoi jaras, Csongrád-Csanád, Hungary",46.4515164,20.2277606,ok
"Martfu, Great Plain and North, Szolnoki jaras, Jász-Nagykun-Szolnok, Hungary",47.0186153,20.2813933,ok
"Kiskorpad, Transdanubia, Kaposvari jaras, Somogy, Hungary",46.364027,17.6106437,ok
"Pest megye, Central, Hungary",47.3715943,19.3452624,ok
"Baranyahidveg, Transdanubia, Sellyei jaras, Baranya, Hungary",45.8461771,18.0238015,ok
"Teseny, Transdanubia, Sellyei jaras, Baranya, Hungary",45.949149,18.0489783,ok
"Fertoszentmiklos, Transdanubia, Soproni jaras, Győr-Moson-Sopron, Hungary",47.5890357,16.8771779,ok
"Kano, Great Plain and North, Putnoki jaras, Borsod-Abaúj-Zemplén, Hungary",48.4260696,20.5958566,ok
"Kissomlyo, Transdanubia, Celldoemoelki jaras, Vas, Hungary",47.1440505,17.102509,ok
"Tibubeneng, West Nusa Tenggara, Kec Ampenan, Indonesia",-8.6471734,115.1507676,ok
"Canggu, West Nusa Tenggara, Kec Ampenan, Indonesia",-8.6399025,115.1436048,ok
"West Nusa Tenggara, Mataram, Kec Selaparang, Indonesia",-8.5838994,116.11733,ok
"Bali, Indonesia",-8.2271303,115.1919203,ok
"Sanur, Denpasar, Indonesia",-8.6946473,115.2605838,ok
"Nusa Dua, Benoa, Kuta Selatan, Indonesia",-8.7877875,115.2294256,ok
"Kerobokan Klod, Kerobokan, Seminyak, Kuta, Indonesia",-8.6798884,115.1533528,ok
"Wana Giri, West Nusa Tenggara, Kec Ampenan, Indonesia",-8.7870075,115.1615799,ok
"Legian, Kedonganan, Kuta, Indonesia",-8.7040531,115.1737586,ok
"Denpasar, Indonesia",-8.6653349,115.2176191,ok
"East Kalimantan, Indonesia",0.7884397,116.2419977,ok
"Bali, Ubud, Indonesia",-8.5119399,115.2378113,ok
"Jimbaran, Kuta Selatan, Indonesia",-8.789683,115.1624963,ok
"Ungasan, Kuta Selatan, Indonesia",-8.8271087,115.1570907,ok
"Balangan, Jimbaran, Kuta Selatan, Indonesia",-8.8155829,115.1543965,ok
"Pecatu, Kuta Selatan, Indonesia",-8.8208398,115.1136217,ok
"Gunungsari, West Nusa Tenggara, Kec Ampenan, Indonesia",-8.2576437,114.9973018,ok
"Jelantik, West Nusa Tenggara, Kec Ampenan, Indonesia",-8.6703092,116.2210334,ok
"Bagno di Romagna, Emilia-Romagna, Italy",43.8352272,11.9595985,ok
"Bertinoro, Emilia-Romagna, Unione di Comuni della Romagna Forlivese, Italy",44.148665,12.134235,ok
"Menaggio, Lombardy, Italy",46.0197842,9.2389513,ok
"Lombardy, Italy",45.5703694,9.7732524,ok
"Corciago, Piemont, Novara, Italy",45.7994125,8.5184753,ok
"Piemont, Verbania, Verbano-Cusio-Ossola, Italy",45.9233942,8.5528187,ok
"Crabonaxa Villasimius, Sardinia, Sud Sardegna, Italy",39.14314,9.520854,ok
"Liguria, Imperia, Italy",43.8423115,7.6972146,ok
"Giulianova, Abruzzo, Teramo, Italy",42.7535708,13.9667861,ok
"Cavernago, Lombardy, Italy",45.6220144,9.7571616,ok
"Trentino-Alto Adige/Südtirol, Ueberetsch-Unterland - Oltradige-Bassa Atesina, South Tyrol, Italy",46.4205633,11.334136,ok
"Dizzasco, Lombardy, Italy",45.9429562,9.1001756,ok
"Camporosso, Liguria, Imperia, Italy",43.8151011,7.6284178,ok
"Cento, Emilia-Romagna, Unione Alto Ferrarese, Ferrara, Italy",44.7274395,11.2903029,ok
"Stazzona, Lombardy, Italy",46.1488822,9.2631573,ok
"Esenta, Lombardy, Italy",45.4163933,10.480549,ok
"Diano Castello, Liguria, Imperia, Italy",43.9262126,8.0562787,ok
"Baveno, Piemont, Verbano-Cusio-Ossola, Italy",45.9089158,8.5050171,ok
"Peschiera del Garda, Veneto, Verona, Italy",45.4391576,10.6803955,ok
"Sanremo, Liguria, Imperia, Italy",43.8362985,7.7772658,ok
"Stresa, Piemont, Verbano-Cusio-Ossola, Italy",45.8837277,8.5390268,ok
"Umbria, Terni, Italy",42.4031242,12.567432,ok
"Sicily, Catania, Italy",37.3809888,15.0847562,ok
"Desenzano del Garda, Lombardy, Italy",45.4694851,10.5389467,ok
"San Martino di Lupari, Veneto, Italy",45.6449043,11.8659893,ok
"Chieuti, Apulia, Foggia, Italy",41.844637,15.165937,ok
"Lesa, Piemont, Novara, Italy",45.829644,8.5648573,ok
"Puegnago del Garda, Lombardy, Italy",45.5684628,10.5110817,ok
"Lonato del Garda, Lombardy, Italy",45.443959,10.4804104,ok
"Zambrone, Calabria, Vibo Valentia, Italy",38.6991424,15.9900684,ok
"VV, Vibo Valentia, Italy",38.6763238,15.8967689,ok
"Marsala, Sicily, Trapani, Italy",37.7979221,12.4342091,ok
"Bordighera, Liguria, Imperia, Italy",43.7939893,7.6731108,ok
"Oliveto, Liguria, Imperia, Italy",43.9050271,8.0384544,ok
"Lombardy, San Siro, Italy",45.4657304,9.1508317,ok
"Belgirate, Piemont, Verbano-Cusio-Ossola, Italy",45.838874,8.571427,ok
"Arona, Piemont, Novara, Italy",45.7598366,8.5604081,ok
"Civezza, Liguria, Imperia, Italy",43.8798564,7.9513674,ok
"Domaso, Lombardy, Italy",46.1509896,9.3281424,ok
"Ventimiglia, Liguria, Imperia, Italy",43.826485,7.5495174,ok
"Pineto, Abruzzo, Teramo, Italy",42.6077714,14.0671028,ok
"Castelnuovo del Garda, Veneto, Verona, Italy",45.4397416,10.7615812,ok
"Massino Visconti, Piemont, Novara, Italy",45.824206,8.5409419,ok
"Reggio Calabria, Rosarno, Italy",38.1035389,15.6397556,ok
"Carpugnino, Piemont, Verbano-Cusio-Ossola, Italy",45.8597505,8.534285,ok
"Martinsicuro, Abruzzo, Teramo, Italy",42.8851442,13.9155354,ok
"Costermano sul Garda, Veneto, Verona, Italy",45.5896042,10.7364845,ok
"Ronchiano, Lombardy, Comunita Montana Valli del Verbano, Varese, Italy",45.953407,8.6755896,ok
"Cervo, Liguria, Imperia, Italy",43.9319923,8.118942,ok
"Gignese, Piemont, Verbano-Cusio-Ossola, Italy",45.860769,8.5096707,ok
Italy,42.6384261,12.674297,ok
"VV, Pizzo, Italy",38.6266556,16.0986935,ok
"Nardo, Apulia, Lecce, Italy",40.1762608,18.0306371,ok
"Broglie, Peschiera del Garda, Veneto, Verona, Italy",45.4275981,10.6617954,ok
"Nobiallo, Lombardy, Italy",46.0330773,9.2361486,ok
"Loreto Aprutino, Abruzzo, Pescara, Italy",42.434634,13.9832322,ok
"Casciano, Tuscany, Siena, Italy",43.1610294,11.3251354,ok
"Itri, Lazio, Latina, Italy",41.2910946,13.5304238,ok
"Colonnella, Abruzzo, Teramo, Italy",42.8626392,13.8744078,ok
"Cunettone, Salo, Lombardy, Comunita Montana Parco Alto Garda bresciano, Italy",45.5871817,10.5177471,ok
"Montano Lucino, Lombardy, Italy",45.7903314,9.0275206,ok
"Pianura Vomano, Abruzzo, Teramo, Italy",42.6311902,13.9091617,ok
"Renazzo, Cento, Emilia-Romagna, Unione Alto Ferrarese, Ferrara, Italy",44.765135,11.2903422,ok
"Tuscany, Arezzo, Italy",43.5248239,11.9066895,ok
"Anzio, Lazio, Roma Capitale, Italy",41.4471008,12.6285618,ok
"San Felice del Benaco, Lombardy, Italy",45.5895461,10.5517327,ok
"Tremezzo, Lombardy, Tremezzina, Italy",45.983484,9.218538,ok
"Vicopisano, Tuscany, Pisa, Italy",43.6998317,10.5846946,ok
"Sardinia, Cagliari, Italy",39.4912915,9.2453673,ok
"Alessandria della Rocca, Sicily, Agrigento, Italy",37.5700419,13.4546092,ok
"Ospedaletti, Liguria, Imperia, Italy",43.8120153,7.7097998,ok
"Manerba del Garda, Lombardy, Italy",45.549434,10.5512888,ok
"Nettuno, Lazio, Roma Capitale, Italy",41.4575382,12.661425,ok
"Lazio, Rome, Roma Capitale, Italy",41.7536374,12.2857399,ok
"Cianciana, Sicily, Agrigento, Italy",37.5196965,13.43408,ok
"Moniga del Garda, Lombardy, Italy",45.528523,10.5375734,ok
"Iseo, Lombardy, Comunita montana del Sebino bresciano, Italy",45.6598202,10.048788,ok
"Silvi, Abruzzo, Teramo, Italy",42.5527448,14.1173634,ok
"Lombardy, Como, Italy",45.7720148,8.9898678,ok
"Sicily, Ragusa, Italy",36.8738812,14.7636534,ok
"Mosciano Sant Angelo, Abruzzo, Teramo, Italy",42.7493491,13.8880309,ok
"San Benedetto del Tronto, Marche, Ascoli Piceno, Italy",42.9525328,13.8807144,ok
"Trentino-Alto Adige/Südtirol, Comun General de Fascia, Provincia di Trento, Italy",46.4773534,11.7688019,ok
"Castiglione d Orcia, Tuscany, Unione dei Comuni Amiata Val d Orcia, Siena, Italy",43.0071166,11.6155411,ok
"Golasecca, Lombardy, Varese, Italy",45.6968994,8.6556495,ok
"Tuscany, Metropolitan City of Florence, Italy",43.4586541,11.1389204,ok
"Mezzegra, Lombardy, Tremezzina, Italy",45.9824822,9.2039657,ok
"Abruzzo, Pescara, Italy",42.4637806,14.2111977,ok
"Croce, Lombardy, Italy",46.0188472,9.2245966,ok
"Premosello-Chiovenda, Piemont, Verbano-Cusio-Ossola, Italy",46.0039555,8.3275904,ok
"La Trinitai e Vignola Trinita d Agultu e Vignola, Sardinia, Sassari, Italy",40.983769,8.915616,ok
"Terracina, Lazio, Latina, Italy",41.2871196,13.2492009,ok
"Montopoli di Sabina, Lazio, Rieti, Italy",42.245927,12.692077,ok
"San Bartolomeo al Mare, Liguria, Imperia, Italy",43.922924,8.101152,ok
"Bezzecca, Trentino-Alto Adige/Südtirol, Comunita Alto Garda e Ledro, Provincia di Trento, Italy",45.8969363,10.7177233,ok
"Tuscany, Livorno, Italy",42.9390195,10.5448606,ok
"Santa Maria del Piano, Marche, Italy",43.4025597,13.0065653,ok
"Porto Cervo, Arzachena, Sardinia, Sassari, Italy",41.1318983,9.5353646,ok
"Campagnano di Roma, Lazio, Roma Capitale, Italy",42.141078,12.3836686,ok
"Salerno, Palermo, Italy",38.1414412,13.3198786,ok
"Montepulciano, Tuscany, Unione dei Comuni Valdichiana Senese, Siena, Italy",43.0945279,11.7826795,ok
"Agnone Fortezza, Sicily, Siracusa, Italy",37.3224057,15.0967207,ok
"Nonio, Piemont, Verbano-Cusio-Ossola, Italy",45.8519305,8.364037,ok
"Montauro, Calabria, Catanzaro, Italy",38.7487702,16.5129098,ok
"Stra, Veneto, Venezia, Italy",45.4108434,12.0377916,ok
"Lenno, Lombardy, Tremezzina, Italy",45.972983,9.190838,ok
"Lugana, Sirmione, Lombardy, Italy",45.4614596,10.6227792,ok
"Bivona, Sicily, Agrigento, Italy",37.6173969,13.4397692,ok
"Positano, Campania, Salerno, Italy",40.6286581,14.4854955,ok
"Cellino Attanasio, Abruzzo, Teramo, Italy",42.5873111,13.8505254,ok
"Citta della Pieve, Umbria, Perugia, Italy",42.9527338,12.004326,ok
"Moltrasio, Lombardy, Italy",45.8617868,9.0992314,ok
"Toscolano Maderno, Lombardy, Comunita Montana Parco Alto Garda bresciano, Italy",45.6345707,10.609815,ok
"Olbia, Sardinia, Sassari, Italy",40.7219767,8.5669667,ok
"Bee, Piemont, Verbano-Cusio-Ossola, Italy",45.9610803,8.5813615,ok
"Arqua Petrarca, Veneto, Italy",45.2667895,11.7208159,ok
"Arenzano, Liguria, Genoa, Italy",44.4025183,8.6831317,ok
"Cermignano, Abruzzo, Teramo, Italy",42.5929123,13.7973984,ok
"Collecorvino, Abruzzo, Pescara, Italy",42.4585977,14.0142803,ok
"Sardinia, Italy",40.0912813,9.0305773,ok
"Porto Santo Stefano, Tuscany, Grosseto, Italy",42.4338317,11.1237128,ok
"Bardolino, Veneto, Verona, Italy",45.5312007,10.6918015,ok
"Piemont, Asti, Italy",44.8328202,8.1879221,ok
"Lombardy, Casciago, Varese, Italy",45.5703694,9.7732524,ok
"Ispra, Lombardy, Varese, Italy",45.815457,8.6101375,ok
"Roe Volciano, Lombardy, Comunita montana della valle Sabbia, Italy",45.6167638,10.4958703,ok
"Sannicola, Apulia, Lecce, Italy",40.0944649,18.0634273,ok
"Campli, Abruzzo, Teramo, Italy",42.7262307,13.6862844,ok
"Duronia, Molise, Campobasso, Italy",41.658928,14.458424,ok
"Sicily, Messina, Italy",38.2064649,15.3051799,ok
"Lanzo d Intelvi, Lombardy, Alta Valle Intelvi, Italy",45.9791282,9.0207604,ok
"Torri del Benaco, Veneto, Verona, Italy",45.6203473,10.6807425,ok
"Poggibonsi, Tuscany, Siena, Italy",43.4677215,11.148762,ok
"Barbarano, Lombardy, Comunita Montana Parco Alto Garda bresciano, Italy",45.6149812,10.5517522,ok
"Tuscany, Pisa, Italy",43.6317363,10.3328375,ok
"Brunate, Lombardy, Italy",45.8194702,9.0959895,ok
"Corropoli, Abruzzo, Teramo, Italy",42.8268137,13.8351851,ok
"Carrara, Tuscany, Italy",44.0796519,10.0977529,ok
"Lapedona, Marche, Fermo, Italy",43.1099814,13.772857,ok
"Castiglione della Pescaia, Tuscany, Grosseto, Italy",42.7639301,10.8790917,ok
"Lazise, Veneto, Verona, Italy",45.4790509,10.7084414,ok
"Orta San Giulio, Piemont, Novara, Italy",45.7980814,8.406951,ok
"Cosenza, Cariati, Italy",39.5966853,16.3330556,ok
"Leggiuno, Lombardy, Unione dei comuni del Medio Verbano, Varese, Italy",45.875366,8.6204535,ok
"Sant Alessandro, Trentino-Alto Adige/Südtirol, Comunita Alto Garda e Ledro, Provincia di Trento, Italy",45.8898152,10.8622027,ok
"Forte dei Marmi, Tuscany, Unione dei comuni della Versilia, Lucca, Italy",43.9595891,10.1699392,ok
"Latium, Italy",41.9801648,12.7667971,ok
"Lemna, Lombardy, Italy",45.8591679,9.159292,ok
"Tuscany, Lucca, Italy",43.8427883,10.5114377,ok
"Veneto, Verona, Italy",45.4763948,10.724203,ok
"Lombardy, Tremezzina, Italy",45.5703694,9.7732524,ok
"Bieno, Piemont, Verbano-Cusio-Ossola, Italy",45.9500515,8.5119271,ok
"Tavullia, Marche, Italy",43.8977564,12.7547897,ok
"Paciano, Umbria, Perugia, Italy",43.0224336,12.0705233,ok
"Follonica, Tuscany, Grosseto, Italy",42.926326,10.761625,ok
"Cecina, Tuscany, Livorno, Italy",43.3113449,10.5173443,ok
"Albisano, Veneto, Verona, Italy",45.6113659,10.7025765,ok
"Austis, Sardinia, Nuoro, Italy",40.070653,9.087933,ok
"Besozzo, Lombardy, Varese, Italy",45.8457972,8.6664953,ok
"Bergamo, Villongo, Italy",45.6647536,9.9298563,ok
"Asolo, Veneto, Treviso, Italy",45.8007265,11.9142444,ok
"Sirmione, Lombardy, Italy",45.492869,10.6077258,ok
"Ossuccio, Lombardy, Tremezzina, Italy",45.9716573,9.1796245,ok
"San Gregorio, Lombardy, Italy",45.7582378,9.4757569,ok
"Quercianella, Tuscany, Livorno, Italy",43.4588657,10.3675122,ok
"Sant Ambrogio di Valpolicella, Veneto, Verona, Italy",45.5221126,10.8344426,ok
"Liguria, Savona, Italy",44.3802395,8.2813035,ok
"Salo, Lombardy, Comunita Montana Parco Alto Garda bresciano, Italy",45.6056775,10.520069,ok
"Cagliari, Italy",39.2171994,9.113311,ok
"Conturbia, Piemont, Novara, Italy",45.6688753,8.5701959,ok
"Cernobbio, Lombardy, Italy",45.8413945,9.0759048,ok
"Andora, Liguria, Savona, Italy",43.9519286,8.1456487,ok
"Villa Rosa, Martinsicuro, Abruzzo, Teramo, Italy",42.8509874,13.9215523,ok
"Lomazzo, Lombardy, Italy",45.6917739,9.0330073,ok
"Marche, Ascoli Piceno, Italy",42.9884048,13.620281,ok
"Lazio, Roma Capitale, Italy",41.7536374,12.2857399,ok
"Cannobio, Piemont, Verbano-Cusio-Ossola, Italy",46.0618077,8.6976394,ok
"Cerro, Lombardy, Comunita Montana Valli del Verbano, Varese, Italy",45.8975469,8.5970311,ok
"Lombardy, Milan, Italy",45.5206825,9.2108483,ok
"Pianello del Lario, Lombardy, Italy",46.1027691,9.2766331,ok
"Limone sul Garda, Lombardy, Comunita Montana Parco Alto Garda bresciano, Italy",45.8141083,10.7915342,ok
"Campania, Naples, Napoli, Italy",40.836314,14.2456251,ok
"Alassio, Liguria, Savona, Italy",44.0080109,8.1730265,ok
"Brienno, Lombardy, Italy",45.9114396,9.1312719,ok
"Colico, Lombardy, Italy",46.1363111,9.3738195,ok
"Tuscany, Florence, Metropolitan City of Florence, Italy",43.4586541,11.1389204,ok
"Santa Marina Salina, Sicily, Messina, Italy",38.5562689,14.8586321,ok
"Pozzarello, Tuscany, Grosseto, Italy",42.4317322,11.1387205,ok
"Campiglia Cervo, Piemont, Biella, Italy",45.6628077,7.9999421,ok
"Villafranca Sicula, Sicily, Agrigento, Italy",37.588141,13.28925,ok
"Castelletto sopra Ticino, Piemont, Novara, Italy",45.7121687,8.6429769,ok
"Sicily, AG, Italy",37.3106543,13.5827892,ok
"Monteprandone, Marche, Ascoli Piceno, Italy",42.9095545,13.8372522,ok
"Fano, Marche, Italy",43.8424173,13.0146632,ok
"Pittulongu, Olbia, Sardinia, Sassari, Italy",40.9489027,9.5736584,ok
"Tuscany, Italy",43.4586541,11.1389204,ok
"Northern, Lago Maggiore, Italy",9.578118,-11.5525703,ok
"Baranello, Molise, Campobasso, Italy",41.526026,14.559428,ok
"Tuscany, Siena, Italy",43.3122281,11.3443731,ok
"Campione d Italia, Lombardy, Italy",45.968081,8.971033,ok
"Bellano, Lombardy, Italy",46.0432065,9.304131,ok
"Liguria, Genoa, Italy",44.4066248,8.9445005,ok
"Liguria, Sanremo, Imperia, Italy",43.8247864,7.8380269,ok
"Marotta, Marche, Italy",43.7712681,13.1330281,ok
"Marco, Rovereto, Trentino-Alto Adige/Südtirol, Comunita della Vallagarina, Provincia di Trento, Italy",45.8434211,11.0098776,ok
"Luino, Lombardy, Comunita Montana Valli del Verbano, Varese, Italy",45.9989084,8.739907,ok
"Griante, Lombardy, Italy",45.995284,9.235538,ok
"Cerea, Veneto, Verona, Italy",45.1601865,11.247415,ok
"Finale Ligure, Liguria, Savona, Italy",44.1691474,8.3435917,ok
"Monvalle, Lombardy, Unione dei comuni del Medio Verbano, Varese, Italy",45.8569315,8.6337304,ok
"Pomarance, Tuscany, Pisa, Italy",43.2992367,10.8724009,ok
"Umbria, Perugia, Italy",43.1013971,12.3714826,ok
"Mozzecane, Veneto, Verona, Italy",45.3049988,10.8400349,ok
"Codena, Tuscany, Italy",44.0778146,10.1136024,ok
"Germanello, Lombardy, Italy",45.885237,9.1399711,ok
"Vassena, Lombardy, Italy",45.9305392,9.2847366,ok
"Marche, Italy",43.3458388,13.1415872,ok
"Costarainera, Liguria, Imperia, Italy",43.8557969,7.9475715,ok
"Ramini, Tuscany, Pistoia, Italy",43.9060793,10.9085502,ok
"Piemont, Cuneo, Italy",44.390024,7.5512787,ok
"Pettenasco, Piemont, Novara, Italy",45.8171622,8.4087011,ok
"Agrigento, Province of Agrigento, Italy",37.3122991,13.57465,ok
"Gattaiola, Tuscany, Lucca, Italy",43.8257109,10.4684374,ok
"Laghetto, Lombardy, Italy",45.7105343,9.1907241,ok
"San Giovanni, Lombardy, Italy",44.8762261,9.0741816,ok
"Vaiana, Pietrasanta, Tuscany, Unione dei comuni della Versilia, Lucca, Italy",43.9655854,10.2029474,ok
"Lombardy, Lecco, Italy",45.668248,9.3794138,ok
"Arzachena, Sardinia, Sassari, Italy",40.6851685,8.3568743,ok
"Lerici, Liguria, La Spezia, Italy",44.0736073,9.9099135,ok
"FC, Predappio, Italy",44.0949955,11.9592993,ok
"Carate, Lombardy, Italy",45.6765494,9.2371619,ok
"Capezzano Pianore, Tuscany, Unione dei comuni della Versilia, Lucca, Italy",43.9283948,10.2628129,ok
"Blevio, Lombardy, Italy",45.8399418,9.1024697,ok
"Conegliano, Veneto, Treviso, Italy",45.9037297,12.2653108,ok
"Dorio, Lombardy, Italy",46.1018115,9.3192704,ok
"Ponte Florio, Veneto, Verona, Italy",45.452794,11.0493694,ok
"Poppino, Luino, Lombardy, Comunita Montana Valli del Verbano, Varese, Italy",46.0155751,8.7629142,ok
"Tuscany, Grosseto, Italy",42.864276,11.0615492,ok
"Ghiffa, Piemont, Verbano-Cusio-Ossola, Italy",45.9591224,8.6198232,ok
"Laglio, Lombardy, Italy",45.880967,9.1380307,ok
"Carcioni, Piemont, Verbano-Cusio-Ossola, Italy",45.8491912,8.5662518,ok
"Ponte, Lombardy, Comunita Montana Valli del Verbano, Varese, Italy",45.9025348,8.6189831,ok
"Lazio, Rieti, Italy",42.4347463,12.9083437,ok
"Gavirate, Lombardy, Comunita Montana Valli del Verbano, Varese, Italy",45.8428264,8.7176706,ok
"Poltu Quatu, Sardinia, Sassari, Italy",41.1353576,9.4970048,ok
"Tuscany, Massa, Italy",43.0759377,10.879503,ok
"Emilia-Romagna, Modena, Italy",44.5643953,10.7948578,ok
"Agrate Conturbia, Piemont, Novara, Italy",45.664847,8.5703131,ok
"Greve in Chianti, Tuscany, Metropolitan City of Florence, Italy",43.6069451,11.3320081,ok
"Dervio, Lombardy, Italy",46.0765742,9.3045277,ok
"Marche, Ancona, Italy",43.4495606,13.3934323,ok
"Zornasco, Piemont, Verbano-Cusio-Ossola, Italy",46.1346782,8.4944876,ok
"Mortola Inferiore, Liguria, Imperia, Italy",43.7853178,7.5536468,ok
"Montecatini-Terme, Tuscany, Pistoia, Italy",43.883179,10.7709533,ok
"Santa Margherita Ligure, Liguria, Genoa, Italy",44.3281018,9.1927075,ok
"Apulia, Brindisi, Italy",40.7232076,17.5780204,ok
"San Vincenzo, Tuscany, Livorno, Italy",43.1006951,10.5387914,ok
"Bellagio, Lombardy, Italy",45.9872549,9.2613001,ok
"Angera, Lombardy, Varese, Italy",45.7721876,8.5751222,ok
"Castiglione d Intelvi, Lombardy, Centro Valle Intelvi, Italy",45.955082,9.090636,ok
"Lombardy, Bergamo, Italy",45.6927866,9.6621193,ok
"Malcesine, Veneto, Verona, Italy",45.7684812,10.8314662,ok
"Emilia-Romagna, Bologna, Italy",44.4914458,11.3435713,ok
"Emilia-Romagna, Rimini, Italy",44.1459488,12.4656438,ok
"Portofino, Liguria, Genoa, Italy",44.303253,9.2095582,ok
"Campiglia Marittima, Tuscany, Livorno, Italy",43.0401668,10.603649,ok
"Lombardy, BG, Italy",45.6927866,9.6621193,ok
"Misano Adriatico, Emilia-Romagna, Rimini, Italy",43.9774954,12.6986947,ok
"Sciacca, Sicily, Agrigento, Italy",37.5068142,13.0819408,ok
"Bergeggi, Liguria, Savona, Italy",44.249735,8.443353,ok
"Porto Rotondo, Olbia, Sardinia, Sassari, Italy",41.0283101,9.5477055,ok
"Gagliano del Capo, Apulia, Lecce, Italy",39.844218,18.369534,ok
"Gozzano, Piemont, Novara, Italy",45.7464568,8.4360668,ok
"Lombardy, Valsolda, Italy",45.5703694,9.7732524,ok
"Badiali, Citta di Castello, Umbria, Perugia, Italy",43.5008032,12.2338803,ok
"Cisano sul Neva, Liguria, Savona, Italy",44.0864021,8.1474179,ok
"Monzambano, Lombardy, Italy",45.386139,10.6924039,ok
"Sabaudia, Lazio, Latina, Italy",41.3015672,13.0258726,ok
"Colmata, Tuscany, Livorno, Italy",42.9649957,10.5501672,ok
"Castorano, Marche, Ascoli Piceno, Italy",42.8887891,13.7391177,ok
"Ranco, Lombardy, Varese, Italy",45.7975913,8.5711349,ok
"Castagneto Carducci, Tuscany, Livorno, Italy",43.1607424,10.6110056,ok
"Baja Sardinia, Sardinia, Sassari, Italy",41.1370937,9.478708,ok
"Fontana, Campania, Napoli, Italy",40.7197867,13.8979712,ok
"Porlezza, Lombardy, Italy",46.0360715,9.1183915,ok
"San Gimignano, Tuscany, Siena, Italy",43.4677993,11.0432115,ok
"Orbetello, Tuscany, Grosseto, Italy",42.4380944,11.2107429,ok
"Inzago, Lombardy, Milan, Italy",45.5404311,9.482181,ok
"Senigallia, Marche, Ancona, Italy",43.6773749,13.2105712,ok
"Montalcino, Tuscany, Siena, Italy",43.0575578,11.4902818,ok
"Lombardy, Comunita Montana Valli del Verbano, Varese, Italy",45.8520901,8.7029386,ok
"Chianni, Tuscany, Pisa, Italy",43.4613075,10.6392538,ok
"Castrocaro Terme e Terra del Sole, Emilia-Romagna, Unione di Comuni della Romagna Forlivese, Italy",44.171525,11.9342889,ok
"Sarzana, Liguria, La Spezia, Italy",44.1131762,9.9599823,ok
"Ostuni, Apulia, Brindisi, Italy",40.727631,17.576406,ok
"Rapallo, Liguria, Genoa, Italy",44.3492083,9.2316102,ok
"Albissola Marina, Liguria, Savona, Italy",44.3272723,8.5031895,ok
"Garlenda, Liguria, Savona, Italy",44.034227,8.09565,ok
"Ponsacco, Tuscany, Pisa, Italy",43.6207132,10.6308287,ok
"Volterra, Tuscany, Pisa, Italy",43.400337,10.860019,ok
"Pula, Sardinia, Cagliari, Italy",39.007433,9.001646,ok
"Francavilla al Mare, Abruzzo, Chieti, Italy",42.4168011,14.2914819,ok
"Lombardy, Varese, Italy",45.605993,8.7188643,ok
"Civitanova Marche, Marche, Macerata, Italy",43.3055233,13.7229297,ok
"Emilia-Romagna, Ferrara, Italy",44.6663772,12.2435206,ok
"Albare, Veneto, Verona, Italy",45.5719687,10.7589011,ok
"Castiglioncello, Tuscany, Livorno, Italy",43.4053866,10.4101503,ok
"Selva Candida, Lazio, Roma Capitale, Italy",41.9534056,12.3783237,ok
"Ponti sul Mincio, Lombardy, Italy",45.4125151,10.6872208,ok
"Tortoreto, Abruzzo, Teramo, Italy",42.8039462,13.9136469,ok
"Carciano, Piemont, Verbano-Cusio-Ossola, Italy",45.8869641,8.5219325,ok
"Sicily, Syracuse, Siracusa, Italy",37.0625506,15.2927619,ok
"Cortona, Tuscany, Arezzo, Italy",43.2752976,11.9850623,ok
"Gallipoli, Apulia, Lecce, Italy",40.0546937,17.975785,ok
"Vernazza, Liguria, La Spezia, Italy",44.1349412,9.6827757,ok
"Veneto, Treviso, Italy",45.9978643,12.2964716,ok
"Sant Antonio di Mavignola, Trentino-Alto Adige/Südtirol, Comunita delle Giudicarie, Provincia di Trento, Italy",46.1896057,10.7854208,ok
"Case di Coccia, Marche, Ascoli Piceno, Italy",42.8304699,13.6429136,ok
"Tuoro sul Trasimeno, Umbria, Perugia, Italy",43.2068477,12.0746146,ok
"Calabernardo, Sicily, Siracusa, Italy",36.8706688,15.1360884,ok
"Magugnano, Veneto, Verona, Italy",45.7072654,10.7669985,ok
"Marche, Pesaro, Italy",43.8972982,12.9408474,ok
"Dolcedo, Liguria, Imperia, Italy",43.9045331,7.921059,ok
"Milan, Corsico, Italy",45.4641943,9.1896346,ok
"Pietraferrazzana, Abruzzo, Chieti, Italy",41.9687447,14.3753527,ok
"Cugnana Verde, Sardinia, Sassari, Italy",41.0237772,9.50338,ok
"Falcognana, Lazio, Roma Capitale, Italy",41.7633058,12.5564546,ok
"San Benedetto di Lugana, Peschiera del Garda, Veneto, Verona, Italy",45.4489556,10.6679923,ok
"San Fedele Intelvi, Lombardy, Centro Valle Intelvi, Italy",45.9671735,9.0778776,ok
"Pralboino, Lombardy, Italy",45.2679989,10.2174131,ok
"Fiumelatte, Lombardy, Italy",46.0002962,9.2917577,ok
"Sulzano, Lombardy, Comunita montana del Sebino bresciano, Italy",45.6904918,10.1009817,ok
"Staletti, Calabria, Catanzaro, Italy",38.765485,16.537605,ok
"Anacapri, Campania, Napoli, Italy",40.555713,14.2136104,ok
"FC, Bagno di Romagna, Italy",43.8352272,11.9595985,ok
"Porto Recanati, Marche, Macerata, Italy",43.4350815,13.6630083,ok
"Fiascherino, Lerici, Liguria, La Spezia, Italy",44.0662348,9.9249029,ok
"Premeno, Piemont, Verbano-Cusio-Ossola, Italy",45.9780992,8.5960998,ok
"Biumo Superiore, Lombardy, Varese, Italy",45.8261189,8.8289534,ok
"Acquaviva Picena, Marche, Ascoli Piceno, Italy",42.9401408,13.8093149,ok
"Montorfano, Lombardy, Italy",45.7854578,9.1460789,ok
"Spoleto, Umbria, Perugia, Italy",42.7342971,12.7382035,ok
"Levanto, Liguria, La Spezia, Italy",44.1699056,9.6120397,ok
"Brebbia Superiore, Lombardy, Varese, Italy",45.832556,8.6616955,ok
"Bonassola, Liguria, La Spezia, Italy",44.1835463,9.5825259,ok
"Sirolo, Marche, Ancona, Italy",43.5190935,13.6066218,ok
"Caprino Veronese, Veneto, Verona, Italy",45.6254909,10.8078136,ok
"Gargnano, Lombardy, Comunita Montana Parco Alto Garda bresciano, Italy",45.688138,10.6635006,ok
"Picciano, Abruzzo, Pescara, Italy",42.475642,13.989302,ok
"Loano, Liguria, Savona, Italy",44.1288365,8.2599644,ok
"Liguria, La Spezia, Italy",44.1170116,9.8499155,ok
"Porto, Veneto, Verona, Italy",45.1962497,11.316301,ok
"Colonno, Lombardy, Italy",45.9576023,9.1555714,ok
"Villa Lagarina, Trentino-Alto Adige/Südtirol, Comunita della Vallagarina, Provincia di Trento, Italy",45.9452029,11.0192702,ok
"Villafranca in Lunigiana, Tuscany, Unione di comuni Montana Lunigiana, Italy",44.2946703,9.9496556,ok
"Drapia, Calabria, Vibo Valentia, Italy",38.6645238,15.9103631,ok
"Pedaso, Marche, Fermo, Italy",43.099164,13.8407771,ok
"Veruno, Piemont, Novara, Italy",45.6906946,8.5307821,ok
"Lazio, Latina, Italy",41.4539888,12.8959422,ok
"Malvicino, Piemont, Alessandria, Italy",44.559342,8.413147,ok
"Tropea, Calabria, Vibo Valentia, Italy",38.6752674,15.8948507,ok
"Piedimonte Etneo, Sicily, Catania, Italy",37.8067066,15.1781933,ok
"Pizzo, Calabria, Vibo Valentia, Italy",38.7356749,16.1622949,ok
"Emilia-Romagna, Parma, Italy",44.7915654,10.3637885,ok
"Montottone, Marche, Fermo, Italy",43.062052,13.590085,ok
"Santa Maria, Lombardy, Italy",45.3976893,10.509397,ok
"Pozzolengo, Lombardy, Italy",45.4059696,10.6313729,ok
"San Giorgio di Acilia, Lazio, Roma Capitale, Italy",41.777864,12.3553271,ok
"Tivoli, Lazio, Roma Capitale, Italy",41.960922,12.798884,ok
"Lombardy, Brescia, Italy",45.5788987,10.2129665,ok
"Mamujada Mamoiada, Sardinia, Nuoro, Italy",40.215657,9.280435,ok
"Pacengo, Veneto, Verona, Italy",45.4669561,10.7207323,ok
"San Casciano dei Bagni, Tuscany, Unione dei Comuni Valdichiana Senese, Siena, Italy",42.8715509,11.8752274,ok
"Affi, Veneto, Verona, Italy",45.5586903,10.7767991,ok
"Fiumicino, Lazio, Roma Capitale, Italy",41.7712145,12.2278855,ok
"Manciano, Tuscany, Unione di Comuni Montani Colline del Fiora, Grosseto, Italy",42.5872822,11.5157197,ok
"Porte, Trentino-Alto Adige/Südtirol, Comunita della Vallagarina, Provincia di Trento, Italy",45.8829583,11.0532312,ok
"Villanova d Albenga, Liguria, Savona, Italy",44.037487,8.1416237,ok
"Carlazzo, Lombardy, Italy",46.0543468,9.1656799,ok
"Ricadi, Calabria, Vibo Valentia, Italy",38.6255431,15.8661135,ok
"Orsoleto, Emilia-Romagna, Rimini, Italy",44.0808734,12.502859,ok
"Sorico, Lombardy, Italy",46.1722601,9.3799475,ok
"Monte Compatri, Lazio, Roma Capitale, Italy",41.808918,12.737784,ok
"Apulia, Bari, Italy",40.9529463,17.3038462,ok
"Predazzo, Trentino-Alto Adige/Südtirol, Comunita territoriale della Val di Fiemme, Provincia di Trento, Italy",46.3123614,11.6026938,ok
"Lavena, Lombardy, Comunita Montana del Piambello, Varese, Italy",45.9582015,8.8714121,ok
"Vigo Cavedine, Trentino-Alto Adige/Südtirol, Comunita della Valle dei Laghi, Provincia di Trento, Italy",45.9789583,10.9810773,ok
"Agrigento, Siculiana, Italy",37.3122991,13.57465,ok
"Massa Fermana, Marche, Fermo, Italy",43.1497719,13.4754066,ok
"Marche, Macerata, Italy",43.408917,13.6518504,ok
"Polpenazze del Garda, Lombardy, Italy",45.551185,10.504875,ok
"Licata, Sicily, Agrigento, Italy",37.1016426,13.9376618,ok
"Cadesedda Calasetta, Sardinia, Sud Sardegna, Italy",39.1108144,8.3682645,ok
"Lazzate, Lombardy, Monza and Brianza, Italy",45.6723256,9.0852196,ok
"Mezzomerico, Piemont, Novara, Italy",45.6186872,8.6055179,ok
"Santa Caterina Villarmosa, Sicily, Caltanissetta, Italy",37.591147,14.036265,ok
"Nazzano, Lazio, Roma Capitale, Italy",42.229257,12.5976389,ok
"Pulciano, Lombardy, Comunita Montana Parco Alto Garda bresciano, Italy",45.6507046,10.6190373,ok
"Curinga, Calabria, Catanzaro, Italy",38.8273411,16.2808032,ok
"Carrozzieri, Sicily, Siracusa, Italy",37.0390913,15.2695853,ok
"Cisterna di Latina, Lazio, Latina, Italy",41.590639,12.829048,ok
"Bomarzo, Lazio, Viterbo, Italy",42.481928,12.248764,ok
"Gardone Riviera, Lombardy, Comunita Montana Parco Alto Garda bresciano, Italy",45.6400581,10.558525,ok
"Axa, Lazio, Rome, Roma Capitale, Italy",41.767739,12.3699128,ok
"Villa, Veneto, Vicenza, Italy",45.7351059,11.5155104,ok
"Colli sul Velino, Lazio, Rieti, Italy",42.4982226,12.7786892,ok
"San Corrado di Fuori, Noto, Sicily, Siracusa, Italy",36.9292559,15.0648567,ok
"Borgo Sant Agata, Liguria, Imperia, Italy",43.9088399,8.0086251,ok
"Brentonico, Trentino-Alto Adige/Südtirol, Comunita della Vallagarina, Provincia di Trento, Italy",45.8079885,10.9444371,ok
"Rivabella di Gallipoli, Apulia, Lecce, Italy",40.0874817,18.0125497,ok
"Calvagese della Riviera, Lombardy, Italy",45.5403767,10.4456596,ok
"Emilia-Romagna, MO, Italy",44.5643953,10.7948578,ok
"Vallebona, Liguria, Imperia, Italy",43.812718,7.666544,ok
"Cavriana, Lombardy, Italy",45.3513347,10.6007909,ok
"Paruzzaro, Piemont, Novara, Italy",45.7502412,8.5175987,ok
"Pella, Piemont, Novara, Italy",45.8016249,8.3847792,ok
"Soverato, Calabria, Catanzaro, Italy",38.687717,16.5500442,ok
"Policoro, Basilicata, Matera, Italy",40.2104595,16.6763759,ok
"Donnalucata, Scicli, Sicily, Ragusa, Italy",36.7627924,14.6372223,ok
"Palermo, Borgetto, Italy",38.0509384,13.149473,ok
"Tortoreto Lido, Tortoreto, Abruzzo, Teramo, Italy",42.8039627,13.9432708,ok
"Sicily, TP, Italy",38.0139239,12.5148627,ok
"Murera Muravera, Sardinia, Sud Sardegna, Italy",39.420945,9.573551,ok
"Stropino, Piemont, Verbano-Cusio-Ossola, Italy",45.8631307,8.5442848,ok
"Padenghe sul Garda, Lombardy, Italy",45.509584,10.506376,ok
"Mori, Trentino-Alto Adige/Südtirol, Comunita della Vallagarina, Provincia di Trento, Italy",45.8533795,10.9753961,ok
"Citta Sant Angelo, Abruzzo, Pescara, Italy",42.518144,14.059203,ok
"Tavernola, Lombardy, Como, Italy",45.8315679,9.0713822,ok
"Calcinato, Lombardy, Italy",45.457182,10.413574,ok
"Veneto, Venice, Venezia, Italy",45.436346,12.3352192,ok
"Marina di Pietrasanta, Pietrasanta, Tuscany, Unione dei comuni della Versilia, Lucca, Italy",43.9325236,10.2067186,ok
"Gaino, Lombardy, Comunita Montana Parco Alto Garda bresciano, Italy",45.6543526,10.6142744,ok
"Sala Comacina, Lombardy, Italy",45.9656908,9.1682856,ok
"Omegna, Piemont, Verbano-Cusio-Ossola, Italy",45.879774,8.408022,ok
"Varazze, Liguria, Savona, Italy",44.3592996,8.5753273,ok
"Liguria, SP, Italy",44.1170116,9.8499155,ok
"Valeggio sul Mincio, Veneto, Verona, Italy",45.3545182,10.7423903,ok
"Murta Maria, Olbia, Sardinia, Sassari, Italy",40.8888003,9.5891506,ok
"Veneto, Padova, Italy",45.229109,11.5385628,ok
"Venice, Eraclea, Italy",45.4046171,12.3105232,ok
"Rome, Bracciano, Italy",41.8933203,12.4829321,ok
"Alba Adriatica, Abruzzo, Teramo, Italy",42.8343422,13.927816,ok
"Montesilvano, Abruzzo, Pescara, Italy",42.5136032,14.1516203,ok
"Marcheno, Gardone Val Trompia, Lombardy, Comunita montana della valle Trompia, Italy",45.7059835,10.2141969,ok
"Santo Stefano al Mare, Liguria, Imperia, Italy",43.8450319,7.8997803,ok
"Jesolo, Veneto, Venezia, Italy",45.5347443,12.6538449,ok
"Cantu, Lombardy, Italy",45.7395347,9.129103,ok
"Nesso, Lombardy, Italy",45.9114218,9.1571129,ok
"Emilia-Romagna, Unione di Comuni della Romagna Forlivese, Italy",44.2010207,12.0350609,ok
"Presson, Trentino-Alto Adige/Südtirol, Comunita della Valle di Sole, Provincia di Trento, Italy",46.3326082,10.8809904,ok
"Castelnuovo, Asola, Lombardy, Italy",45.2474473,10.4554344,ok
"Cremia, Lombardy, Italy",46.0860979,9.2725971,ok
"Barcis, Friuli Venezia Giulia, UTI delle Valli e delle Dolomiti Friulane, Italy",46.1902507,12.5582101,ok
"St Nikolaus - San Nicolo, Trentino-Alto Adige/Südtirol, Ueberetsch-Unterland - Oltradige-Bassa Atesina, South Tyrol, Italy",46.4188173,11.2337824,ok
"Sant Elpidio a Mare, Marche, Fermo, Italy",43.2347405,13.6878517,ok
"Lierna, Lombardy, Italy",45.9592023,9.3024783,ok
"Cecina, Lombardy, Comunita Montana Parco Alto Garda bresciano, Italy",45.6546437,10.6287669,ok
"Perledo, Lombardy, Italy",46.0128203,9.2962661,ok
"Germasino, Lombardy, Gravedona ed Uniti, Italy",46.1352879,9.2642499,ok
"Albano Sant Alessandro, Lombardy, Italy",45.686482,9.770656,ok
"Riva del Garda, Trentino-Alto Adige/Südtirol, Comunita Alto Garda e Ledro, Provincia di Trento, Italy",45.886747,10.8457733,ok
"Rovereto, Trentino-Alto Adige/Südtirol, Comunita della Vallagarina, Provincia di Trento, Italy",45.886548,11.0452369,ok
"Torbole, Trentino-Alto Adige/Südtirol, Comunita Alto Garda e Ledro, Provincia di Trento, Italy",45.8693034,10.876398,ok
"Vercana, Lombardy, Italy",46.1922364,9.3322992,ok
"Dongo, Lombardy, Italy",46.1229363,9.2790794,ok
"Pellestrina, Veneto, Venezia, Italy",45.2723303,12.3008365,ok
"Varenna, Lombardy, Italy",46.0099785,9.2831593,ok
"Pordenone, Montereale Valcellina, Italy",46.0860337,12.6592274,ok
"Rezzonico, Lombardy, San Siro, Italy",46.0700352,9.2773214,ok
"Lombardy, Travedona Monate, Varese, Italy",45.5703694,9.7732524,ok
"Abruzzo, Teramo, Italy",42.6552904,13.7115039,ok
"Villanuova sul Clisi, Lombardy, Comunita montana della valle Sabbia, Italy",45.6016804,10.4538721,ok
"Solferino, Lombardy, Italy",45.368581,10.566679,ok
"Novi Ligure, Piemont, Alessandria, Italy",44.76085,8.789551,ok
"Catanzaro, Soverato Marina, Italy",38.8299603,16.4315569,ok
"Volta Mantovana, Lombardy, Italy",45.3213025,10.6592238,ok
"Viareggio, Tuscany, Unione dei comuni della Versilia, Lucca, Italy",43.8672392,10.2506055,ok
"San Dona, Trentino-Alto Adige/Südtirol, Territorio Val d Adige, Provincia di Trento, Italy",46.0719528,11.1398616,ok
"Villa di Salo, Salo, Lombardy, Comunita Montana Parco Alto Garda bresciano, Italy",45.5917405,10.5095453,ok
"Bussolengo, Veneto, Verona, Italy",45.4741307,10.8462482,ok
"Gera Lario, Lombardy, Italy",46.1710994,9.3718986,ok
"Sesto Calende, Lombardy, Varese, Italy",45.7239553,8.6343618,ok
"Primolo, Lombardy, Comunita Montana della Valtellina di Sondrio, Italy",46.2722752,9.8427557,ok
"Timoline, Lombardy, Comunita montana del Sebino bresciano, Italy",45.6384456,10.0122896,ok
"Piemont, TO, Italy",45.0249632,7.6718367,ok
"Taormina, Sicily, Messina, Italy",37.8512218,15.2830191,ok
"Drena, Trentino-Alto Adige/Südtirol, Comunita Alto Garda e Ledro, Provincia di Trento, Italy",45.969299,10.944477,ok
"La Spezia, Sarzana, Italy",44.1158595,9.9862629,ok
"Pienza, Tuscany, Unione dei Comuni Valdichiana Senese, Siena, Italy",43.0765485,11.6789076,ok
"Principina a Mare, Tuscany, Grosseto, Italy",42.697572,11.0033725,ok
"Zoagli, Liguria, Genoa, Italy",44.3367625,9.2669559,ok
"Roseto degli Abruzzi, Abruzzo, Teramo, Italy",42.677577,14.0144636,ok
"Ortona, Abruzzo, Chieti, Italy",42.349643,14.403913,ok
"Albonico, Lombardy, Comunita Montana della Valchiavenna, Italy",46.201206,9.4200183,ok
"Chiavari, Liguria, Genoa, Italy",44.3175701,9.3244561,ok
"Oltrefiume, Piemont, Verbano-Cusio-Ossola, Italy",45.9134709,8.4966418,ok
"Aosta Valley, Aosta, Italy",45.7276724,7.3093492,ok
"Cagliari, Gonnesa, Italy",39.2171994,9.113311,ok
"Monate, Lombardy, Varese, Italy",45.8048043,8.6651726,ok
"Cannigione, Arzachena, Sardinia, Sassari, Italy",41.1078223,9.4397872,ok
"Liguria, Italy",44.4777617,8.7026296,ok
"Oggebbio, Piemont, Verbano-Cusio-Ossola, Italy",45.9961725,8.6527278,ok
"Lombardy, Gravedona ed Uniti, Italy",45.5703694,9.7732524,ok
"Argegno, Lombardy, Italy",45.9432797,9.1281957,ok
"Livorno, Rosignano Marittimo, Italy",43.403329,10.4085558,ok
"Someraro, Piemont, Verbano-Cusio-Ossola, Italy",45.8874208,8.5129852,ok
"Piemont, Alessandria, Italy",44.9006667,8.398908,ok
"Rovenna, Lombardy, Italy",45.8503329,9.0823712,ok
"Borghetto Santo Spirito, Liguria, Savona, Italy",44.1092512,8.2413691,ok
"Cesena, Emilia-Romagna, Unione dei comuni Valle del Savio, Italy",44.136352,12.2422442,ok
"Vidzeme, Riga, Latvia",56.9698397,24.1565602,ok
"Vidzeme, Jurmala, Latvia",57.4079124,25.8769654,ok
"Krāslava, Latgale, Kraslavas novads, Latvia",55.895206,27.1619304,ok
"Valka, Vidzeme, Valkas novads, Latvia",57.7729106,26.0160341,ok
"Lapenieki, Vidzeme, Latvia",56.8752077,24.1582559,ok
"Tiraine, Vidzeme, Marupes novads, Latvia",56.8854076,24.0657761,ok
"Terini, Vidzeme, Marupes novads, Latvia",56.9614748,24.8129107,ok
"Vidzeme, Olaines pagasts, Olaines novads, Latvia",57.4079124,25.8769654,ok
"Gatciems, Vidzeme, Babites novads, Latvia",56.9218264,23.6174462,ok
"Suzi, Vidzeme, Garkalnes novads, Latvia",57.0178242,24.2063343,ok
"Marupe, Vidzeme, Marupes novads, Latvia",56.9048817,24.043818,ok
"Vidzeme, Valmiera, Latvia",57.5280766,25.397176,ok
"Dreilini, Vidzeme, Stopinu novads, Latvia",56.9511117,24.2298369,ok
"Sigulda, Vidzeme, Siguldas novads, Latvia",57.1540561,24.8567141,ok
"Pape, Courland, Rucavas novads, Latvia",56.172213,20.9009492,ok
"Medemciems, Vidzeme, Olaines pagasts, Olaines novads, Latvia",56.8494767,24.0574472,ok
"Bukulti, Vidzeme, Garkalnes novads, Latvia",56.9985122,24.2666244,ok
"Mezares, Vidzeme, Babites novads, Latvia",56.9778674,23.9692883,ok
"Gaujas, Ligatne, Vidzeme, Ligatnes novads, Latvia",57.2542646,25.0456351,ok
"Launkalne, Vidzeme, Smiltenes novads, Latvia",57.3266389,25.8561874,ok
"Grundzale, Vidzeme, Smiltenes novads, Latvia",57.4558935,26.2559624,ok
"Jaunbrunavas, Vidzeme, Stopinu novads, Latvia",56.9466596,24.2675932,ok
"Pinki, Vidzeme, Babites novads, Latvia",56.2843014,27.1731072,ok
"Trikata, Vidzeme, Beverinas novads, Latvia",57.5425665,25.708837,ok
"Smiltene, Vidzeme, Smiltenes novads, Latvia",57.4243197,25.9045413,ok
"Vidzeme, Saulkrasti, Saulkrastu novads, Latvia",57.4079124,25.8769654,ok
"Limbazi, Vidzeme, Limbazu novads, Latvia",57.5146586,24.7131536,ok
"Antinciems, Vidzeme, Latvia",56.9766063,23.4632517,ok
"Zemgale, Jelgava, Latvia",56.6608029,23.7424309,ok
"Sidgunda, Vidzeme, Malpils novads, Latvia",56.9585398,24.9198798,ok
"Stameriena, Vidzeme, Gulbenes novads, Latvia",57.2339991,26.8865835,ok
"Mazsalaca, Vidzeme, Mazsalaca county, Latvia",57.8660745,25.051106,ok
Latvia,56.8406494,24.7537645,ok
"Ropazi, Vidzeme, Ropazu novads, Latvia",56.9713771,24.6307233,ok
"Cesis, Vidzeme, Cēsis county, Latvia",57.3131712,25.2748551,ok
"Ulbroka, Vidzeme, Stopinu novads, Latvia",56.9400063,24.2868615,ok
"Strenci, Vidzeme, Strencu novads, Latvia",57.6278347,25.6859132,ok
"Acone, Vidzeme, Salaspils pagasts, Salaspils novads, Latvia",56.9122806,24.2626971,ok
"Balvi, Latgale, Balvu novads, Latvia",57.1330207,27.2650194,ok
"Rujiena, Vidzeme, Rujienas novads, Latvia",57.8973517,25.3261273,ok
"Ogre, Zemgale, Ogres novads, Latvia",56.8192045,24.6074393,ok
"Priekuli, Vidzeme, Priekulu novads, Latvia",57.3109474,25.3527343,ok
"Talsi, Courland, Talsu novads, Latvia",57.2451926,22.5903003,ok
"Vidrizi, Vidzeme, Limbazu novads, Latvia",57.3471669,24.6608094,ok
"Kalnamuiza, Vidzeme, Smiltenes novads, Latvia",57.4291667,25.9108333,ok
"Salaspils, Vidzeme, Salaspils novads, Latvia",56.8634541,24.3545214,ok
"Courland, Liepaja, Latvia",56.9140792,22.1998764,ok
"Saulkrasti, Vidzeme, Saulkrastu novads, Latvia",57.263391,24.415245,ok
"Lielvarde, Zemgale, Lielvardes novads, Latvia",56.7263693,24.795892,ok
"Upesciems, Vidzeme, Garkalnes novads, Latvia",56.9821651,24.3367866,ok
"Babite, Vidzeme, Babites novads, Latvia",56.9561377,23.9487532,ok
"Baltezers, Vidzeme, Garkalnes novads, Latvia",57.0398578,24.3173874,ok
"Latgale, Rezekne, Latvia",56.5055201,27.3311234,ok
"Mucenieki, Vidzeme, Ropazu novads, Latvia",56.9605778,24.3858723,ok
"Baldone, Vidzeme, Baldones novads, Latvia",56.7403058,24.3939847,ok
"Berzini, Vidzeme, Pargaujas novads, Latvia",57.0411962,24.028424,ok
"Aizupe, Zemgale, Ozolnieku novads, Latvia",56.9213746,22.5919519,ok
"Spunciems, Vidzeme, Babites novads, Latvia",56.9295142,23.6950404,ok
"Ikskile, Zemgale, Ikskiles novads, Latvia",56.8375098,24.4975204,ok
"Jaunmarupe, Vidzeme, Marupes novads, Latvia",56.8742575,23.9381534,ok
"Latgale, Daugavpils, Latvia",55.8739449,26.544648,ok
"Jaunpiebalga, Vidzeme, Jaunpiebalgas novads, Latvia",57.1766283,26.0383111,ok
"Kapsede, Courland, Medzes pagasts, Grobinas novads, Latvia",56.5883756,21.1382817,ok
"laudona, Vidzeme, Madonas novads, Latvia",56.7037761,26.1943202,ok
"Kalngale, Vidzeme, Latvia",57.0807269,24.1641084,ok
"Skulte, Vidzeme, Marupes novads, Latvia",57.3337572,24.4640594,ok
"Skulte, Vidzeme, Limbazu novads, Latvia",57.3337572,24.4640594,ok
"Vidzeme, Gulbenes novads, Latvia",57.4079124,25.8769654,ok
"Dzilnuciems, Vidzeme, Babites novads, Latvia",56.9194086,23.8710194,ok
"Liberi, Vidzeme, Babites novads, Latvia",56.9345095,23.9342795,ok
"Courland, Skrundas novads, Latvia",56.9140792,22.1998764,ok
"Vidzeme, Babites novads, Latvia",57.4079124,25.8769654,ok
"Staprini, Vidzeme, adazu novads, Latvia",57.0636523,24.3157853,ok
"adazi, Vidzeme, adazu novads, Latvia",57.0819829,24.3243287,ok
"Berzpils, Vidzeme, Olaines novads, Latvia",56.8486673,27.085248,ok
"Energetikis, Vidzeme, Kauguru pagasts, Beverinas novads, Latvia",56.9152778,24.3355556,ok
"adamlauks, Zemgale, Ikskiles novads, Latvia",56.8334181,24.5155069,ok
"Amata, Vidzeme, Amatas novads, Latvia",57.1965999,25.3458201,ok
"Kadaga, Vidzeme, adazu novads, Latvia",57.0921183,24.3616784,ok
"Langstini, Vidzeme, Garkalnes novads, Latvia",57.0073645,24.3293925,ok
"Engure, Courland, Engures novads, Latvia",57.1601929,23.2231986,ok
"Vilkene, Vidzeme, Limbazu novads, Latvia",57.6080304,24.6090114,ok
"Podnieki, Vidzeme, adazu novads, Latvia",57.252008,25.5611549,ok
"Garkalne, Vidzeme, Garkalnes novads, Latvia",57.0468866,24.4144193,ok
"Carnikava, Vidzeme, Carnikavas novads, Latvia",57.1296969,24.2708069,ok
"Lapsas, Vidzeme, Babites novads, Latvia",56.9071724,23.8305154,ok
"Vidzeme, adazu novads, Latvia",57.4079124,25.8769654,ok
"Vestiena, Vidzeme, Madonas novads, Latvia",56.8656961,25.8695368,ok
"Rembate, Zemgale, keguma novads, Latvia",56.7263693,24.795892,ok
"Krimulda, Vidzeme, Siguldas novads, Latvia",57.1663018,24.8271618,ok
"Vane, Courland, Kandavas novads, Latvia",56.9234852,22.5607113,ok
"Grobina, Courland, Grobinas novads, Latvia",56.5368569,21.1676042,ok
"Bukupe, Courland, Saldus novads, Latvia",56.6694445,22.3247222,ok
"Zemgale, Jumpravas pagasts, Lielvardes novads, Latvia",55.9708371,26.3552819,ok
"Padure, Courland, Kuldigas novads, Latvia",57.0187781,21.8584549,ok
"kegums, Zemgale, keguma novads, Latvia",56.7470635,24.7249454,ok
"Krustkalni, Vidzeme, Latvia",56.8916553,24.1338799,ok
"Daugmale, Vidzeme, Salaspils novads, Latvia",56.910314,24.200014,ok
"Grenes, Olaine, Vidzeme, Olaines novads, Latvia",56.8113377,23.942355,ok
"Igene, Courland, Talsu novads, Latvia",57.2995997,22.8274767,ok
"Garciems, Vidzeme, Carnikavas novads, Latvia",57.0999798,24.2015076,ok
"keipene, Zemgale, Ogres novads, Latvia",56.8910218,25.1834062,ok
"Mazgriva, Zemgale, Latvia",56.6502778,23.635,ok
"Zemgale, keipenes pagasts, Ogres novads, Latvia",55.9708371,26.3552819,ok
"Courland, Ventspils, Latvia",56.9140792,22.1998764,ok
"kesterciems, Courland, Engures novads, Latvia",57.1093273,23.2295567,ok
"Straupe, Vidzeme, Pargaujas novads, Latvia",57.3514853,24.9531634,ok
"Bigaunciems, Courland, Engures novads, Latvia",56.9863427,23.5380962,ok
"Vidzeme, Carnikavas novads, Latvia",57.4079124,25.8769654,ok
"Rude, Courland, Rojas novads, Latvia",57.4946436,22.7218869,ok
"Tuja, Vidzeme, Salacgrivas novads, Latvia",57.417166,26.9669287,ok
"Pastende, Courland, Talsu novads, Latvia",57.222087,22.5154072,ok
"Liegi, Courland, Durbes novads, Latvia",56.5807965,21.3330915,ok
"Vetras, Vidzeme, Marupes novads, Latvia",56.8802716,23.9954583,ok
"Amatciems, Vidzeme, Amatas novads, Latvia",57.222105,25.299345,ok
"Grinvalti, Courland, Nicas novads, Latvia",56.4626884,21.0163143,ok
"Kolbergis, Vidzeme, Aluksnes novads, Latvia",57.4386127,27.1159623,ok
"Lacisi, Vidzeme, Amatas novads, Latvia",57.2910091,25.2730287,ok
"Liepāja, Latvia",56.5048435,21.0070903,ok
"Kalniena, Vidzeme, Gulbenes novads, Latvia",57.2695608,26.9291054,ok
"Ragaciems, Courland, Engures novads, Latvia",57.0293074,23.4881515,ok
"Vilnius County, Vilnius, Vilnius city municipality, Lithuania",54.6911315,25.2636917,ok
"Kaunas County, Kaunas, Kauno miesto savivaldybe, Lithuania",54.8983682,23.9346499,ok
"Muizelenai, Alytus County, Alytus District Municipality, Lithuania",54.3745646,24.1066795,ok
"Pietariai, Marijampole County, Marijampolė Municipality, Lithuania",54.5887709,23.3774949,ok
"Bezdoniai Eldership, Vilnius County, Vilniaus rajono savivaldybe, Lithuania",54.7791555,25.4826861,ok
"Vezaiciai, Klaipeda County, Klaipėda District Municipality, Lithuania",55.7189874,21.4783935,ok
"Kunigiskiai II, Vyzuonos, Utena County, Utenos rajono savivaldybe, Lithuania",55.6160328,25.4737938,ok
"Ivoniskes, Vilnius County, Vilniaus rajono savivaldybe, Lithuania",54.6445193,25.4595208,ok
"Salos, Vilnius County, Traku rajono savivaldybe, Lithuania",54.6607452,25.0968504,ok
"Briziai, Vilnius County, Svencioniu rajono savivaldybe, Lithuania",54.8963798,25.6651917,ok
"Gudai, Pagegiai, Taurage County, Pagegiu savivaldybe, Lithuania",55.1602338,21.9422019,ok
"Baraskos, Vilnius County, Vilniaus rajono savivaldybe, Lithuania",54.5944034,25.2970565,ok
"Bagdonava, Kaunas County, Jonavos rajono savivaldybe, Lithuania",55.0464369,24.1642476,ok
"Grigiskes, Vilnius County, Vilnius city municipality, Lithuania",54.6712186,25.0912436,ok
"Norageliai, Alytus County, Lazdiju rajono savivaldybe, Lithuania",54.2440602,23.889245,ok
"Rokantiskes, Vilnius County, Vilniaus rajono savivaldybe, Lithuania",54.6635135,25.3895109,ok
"Truseliai, Klaipeda County, Klaipėda District Municipality, Lithuania",55.7557248,21.2056452,ok
"Mazeikiai, Telsiai County, Mazeikiu rajono savivaldybe, Lithuania",56.3110483,22.3484725,ok
"Nekrunai, Alytus County, Lazdiju rajono savivaldybe, Lithuania",54.227133,23.5279333,ok
"Kelmes rajono savivaldybe, Lithuania",55.6865165,22.8611849,ok
"Birzai, Panevezys County, Birzu rajono savivaldybe, Lithuania",56.1999121,24.7571107,ok
"Kveciai, Klaipeda County, Kretinga District Municipality, Lithuania",55.911165,21.1916058,ok
"Vilnius County, Vilniaus rajono savivaldybe, Lithuania",54.7627524,25.1973733,ok
"Uosininkai I, Vilnius County, Vilniaus rajono savivaldybe, Lithuania",54.7167971,25.5679123,ok
"Sidaronys, Vilnius County, Vilniaus rajono savivaldybe, Lithuania",54.7509158,25.0000609,ok
"Palanga, Klaipeda County, Palangos miesto savivaldybe, Lithuania",55.9229818,21.0682657,ok
"Baltoji Voke, Vilnius County, Vilniaus rajono savivaldybe, Lithuania",54.5998561,25.1909446,ok
"Alytus, Alytus County, Alytaus miesto savivaldybe, Lithuania",54.3961344,24.0459268,ok
"Vilkija, Kaunas County, Kaunas District Municipality, Lithuania",55.0397282,23.5829878,ok
"Joniskis, Siauliai County, Joniskio rajono savivaldybe, Lithuania",56.2412052,23.6151344,ok
"Giraite, Kaunas County, Kaunas District Municipality, Lithuania",54.9535039,23.864429,ok
"Troskuciai, Telsiai County, Mazeikiu rajono savivaldybe, Lithuania",56.316101,22.2737839,ok
"Varena, Alytus County, Varenos rajono savivaldybe, Lithuania",54.2121764,24.5673724,ok
"Toleikiai, Vilnius County, Elektrėnai Municipality, Lithuania",54.7285862,24.7089292,ok
"Paneveziukas, Kaunas County, Kaunas District Municipality, Lithuania",55.139234,23.7916477,ok
"Radviloniai, Siauliai County, Radviliskio rajono savivaldybe, Lithuania",55.83106,23.7419701,ok
"Stankutiskes, Vilnius County, Vilniaus rajono savivaldybe, Lithuania",54.622051,25.3792053,ok
"Pavalkiai, Vilnius County, Vilniaus rajono savivaldybe, Lithuania",54.561552,25.4699624,ok
"Vijukai, Kaunas County, Kaunas District Municipality, Lithuania",54.944233,23.8309932,ok
"Pasausalis, Taurage County, Silales rajono savivaldybe, Lithuania",55.5512759,22.5050739,ok
"Ukmerge, Vilnius County, Ukmerges rajono savivaldybe, Lithuania",55.2477293,24.7599714,ok
"Kudrioniu Giria, Vilnius County, Traku rajono savivaldybe, Lithuania",54.675399,24.846216,ok
"Pakuonis, Kaunas County, Prienai District Municipality, Lithuania",54.7229988,24.054298,ok
"Uzupiai, Kaunas County, Kaunas District Municipality, Lithuania",54.7735179,24.1133542,ok
"Gailiunai, Vilnius County, Vilniaus rajono savivaldybe, Lithuania",54.7343752,25.448365,ok
"Pabaiskas, Vilnius County, Ukmerges rajono savivaldybe, Lithuania",55.1675316,24.765346,ok
"Peluciai, Veliuona, Taurage County, Jurbarko rajono savivaldybe, Lithuania",55.1249993,23.2712895,ok
"Uzuperkasis, Valkininkai, Alytus County, Varenos rajono savivaldybe, Lithuania",54.3560848,24.8484295,ok
"Pamarliskiai, Panevezys County, Panevezio rajono savivaldybe, Lithuania",55.7798443,24.3907649,ok
"Sakalai, Kaunas County, Kaunas District Municipality, Lithuania",54.8758455,23.8390811,ok
"Panevezys County, Panevėžys, Panevezio miesto savivaldybe, Lithuania",55.7440634,24.2844681,ok
"Klausuciai, Taurage County, Jurbarko rajono savivaldybe, Lithuania",55.1091314,23.3664358,ok
"Pipirai, Klaipeda County, Klaipėda District Municipality, Lithuania",55.8097351,21.1927238,ok
"Vilnius County, Raisteniskes, Vilniaus rajono savivaldybe, Lithuania",54.8227227,25.2496682,ok
"Avizieniai, Vilnius County, Vilniaus rajono savivaldybe, Lithuania",54.7643791,25.1822903,ok
"Vadzgirys, Taurage County, Jurbarko rajono savivaldybe, Lithuania",55.2544572,22.9208393,ok
"Pastrevys, Vilnius County, Elektrėnai Municipality, Lithuania",54.7195168,24.662966,ok
"Pasakarnis, Kelmes rajono savivaldybe, Lithuania",55.5826843,23.2570218,ok
"Pereksliai, Panevezys County, Panevezio rajono savivaldybe, Lithuania",55.7667467,24.0856908,ok
"Pypliai, Kaunas County, Kaunas District Municipality, Lithuania",54.9092923,23.7687654,ok
"Kazliskiai, Kaunas County, Kaunas District Municipality, Lithuania",54.8828931,23.8582512,ok
"Matukiskes, Vilnius County, Elektrėnai Municipality, Lithuania",54.7367665,24.7834839,ok
"Traksedziai, Klaipeda County, Šilutė District Municipality, Lithuania",55.3721668,21.4540662,ok
"Uzliekne, Telsiai County, Mazeikiu rajono savivaldybe, Lithuania",56.2359287,22.4027693,ok
"Dercekliai, Klaipeda County, Klaipėda District Municipality, Lithuania",55.5787719,21.2546382,ok
"Virgainiai, Kaunas County, Raseiniu rajono savivaldybe, Lithuania",55.4139028,22.8573213,ok
"Paberze, Vilnius County, Vilniaus rajono savivaldybe, Lithuania",54.9426403,25.235597,ok
"Bebarzdziai, Debeikiai, Utena County, Anyksciu rajono savivaldybe, Lithuania",55.5536145,25.313312,ok
"Naujamiestis, Panevezys County, Panevezio rajono savivaldybe, Lithuania",55.6868969,24.1523154,ok
"Ilgai, Alytus County, Varenos rajono savivaldybe, Lithuania",54.2833962,24.197999,ok
"Trakai, Vilnius County, Traku rajono savivaldybe, Lithuania",54.6449911,24.9353981,ok
"Vilkaviskis, Marijampole County, Vilkaviškis District Municipality, Lithuania",54.6501751,23.0358705,ok
"Rokeliai, Kaunas County, Kaunas District Municipality, Lithuania",54.8316307,23.9747233,ok
"Romainiai, Kaunas County, Kaunas District Municipality, Lithuania",54.9441138,23.7936487,ok
"Justinava, Kaunas County, Kedainiu rajono savivaldybe, Lithuania",55.329129,24.001374,ok
"Stripunai, Vilnius County, Vilniaus rajono savivaldybe, Lithuania",54.8867871,25.5487352,ok
"Misiunai, Taurage County, Jurbarko rajono savivaldybe, Lithuania",55.2173314,23.3149355,ok
"Kairiai, Siauliai County, Siauliu rajono savivaldybe, Lithuania",55.9226167,23.4249582,ok
"Ulytele, Panevezys County, Rokiskio rajono savivaldybe, Lithuania",55.8922013,25.5867242,ok
"Bardiskeliai, Vilnius County, Ukmerges rajono savivaldybe, Lithuania",55.2531574,24.5528964,ok
"Agluonenai, Klaipeda County, Klaipėda District Municipality, Lithuania",55.5865568,21.3973559,ok
"Purnuskes, Vilnius County, Vilniaus rajono savivaldybe, Lithuania",54.9018699,25.3366666,ok
"Grybeliai, Utena County, Utenos rajono savivaldybe, Lithuania",55.4977344,25.5600104,ok
"Kulautuva, Kaunas County, Kaunas District Municipality, Lithuania",54.9412441,23.6451928,ok
"Kreiviai, Vilnius County, Vilniaus rajono savivaldybe, Lithuania",54.8552108,25.1313283,ok
"Vilnius County, Dvariskes, Vilniaus rajono savivaldybe, Lithuania",54.8227227,25.2496682,ok
"Zalesa, Vilnius County, Vilniaus rajono savivaldybe, Lithuania",54.8662798,25.3355924,ok
"Azuozeriai, Utena County, Anyksciu rajono savivaldybe, Lithuania",55.5023481,25.0322575,ok
"Vaitkuskis, Vilnius County, Ukmerges rajono savivaldybe, Lithuania",55.2063019,24.7998794,ok
"Margava, Karmelava, Kaunas County, Kaunas District Municipality, Lithuania",54.9578672,24.0337395,ok
"Virbaliskiai, Kaunas County, Kaunas District Municipality, Lithuania",54.9061272,23.7528665,ok
"Obelaukiai, Panevezys County, Birzu rajono savivaldybe, Lithuania",56.1915278,24.8369706,ok
"Smiltynai II, Karmelava, Kaunas County, Kaunas District Municipality, Lithuania",54.9981481,24.0442431,ok
"Klaipeda County, Klaipeda, Klaipėda City Municipality, Lithuania",55.7126322,21.1385499,ok
"Pustalaukis, Vilnius County, Vilnius city municipality, Lithuania",54.7469379,25.1292707,ok
"Adutiskis, Vilnius County, Svencioniu rajono savivaldybe, Lithuania",55.1573449,26.5867484,ok
"Eisiskes, Vilnius County, Salcininku rajono savivaldybe, Lithuania",54.1686462,25.0001234,ok
"Meilele, Alanta, Utena County, Moletu rajono savivaldybe, Lithuania",55.3359869,25.3307146,ok
"Linoniai, Panevezys County, Panevezio rajono savivaldybe, Lithuania",55.7969761,24.2413906,ok
"Naujokai, Alytus County, Alytus District Municipality, Lithuania",54.4462021,24.0010351,ok
"Jurbarkas, Taurage County, Jurbarko rajono savivaldybe, Lithuania",55.0777077,22.7646945,ok
"Jonenai, Vilnius County, Vilniaus rajono savivaldybe, Lithuania",55.0369898,25.5178154,ok
"Egline, Vilnius County, Salcininku rajono savivaldybe, Lithuania",55.0543415,24.5631486,ok
"Svencele, Klaipeda County, Klaipėda District Municipality, Lithuania",55.4939952,21.2520732,ok
"Matiesionys, Kaunas County, Birštonas Municipality, Lithuania",54.5493287,23.9485339,ok
"Anciunai, Vilnius County, Sirvintu rajono savivaldybe, Lithuania",55.1244564,24.9805828,ok
"Mimainiai, Kaunas County, Jonavos rajono savivaldybe, Lithuania",55.2442853,24.3438316,ok
"Kapciamiestis, Alytus County, Lazdiju rajono savivaldybe, Lithuania",54.0037523,23.6560744,ok
"Abromiskes, Vilnius County, Elektrėnai Municipality, Lithuania",54.7816227,24.7149352,ok
"Kalnuvenai, Klaipeda County, Klaipėda District Municipality, Lithuania",55.7933704,21.1477368,ok
"Kalinas, Vilnius County, Vilniaus rajono savivaldybe, Lithuania",54.8078955,25.2825048,ok
"Sergeicikai II, Karmelava, Kaunas County, Kaunas District Municipality, Lithuania",54.9389703,24.0668014,ok
"Uzliedziai, Kaunas County, Kaunas District Municipality, Lithuania",54.9685681,23.8165708,ok
"Kuliai, Klaipeda County, Klaipėda District Municipality, Lithuania",55.6835325,21.3836329,ok
"Silute, Klaipeda County, Šilutė District Municipality, Lithuania",55.3413747,21.4605697,ok
"Svedai, Vilnius County, Vilniaus rajono savivaldybe, Lithuania",54.7830846,25.1382418,ok
"Gulbine, Utena County, Moletu rajono savivaldybe, Lithuania",55.2442029,25.431812,ok
"Taurage, Taurage County, Taurages rajono savivaldybe, Lithuania",55.2533635,22.2903395,ok
"Kazlai I, Marijampole County, Kazlu Rudos savivaldybe, Lithuania",54.7602786,23.4729856,ok
"Jadvygiskes, Vilnius County, Vilniaus rajono savivaldybe, Lithuania",54.8197727,25.278776,ok
"Rokiskis, Panevezys County, Rokiskio rajono savivaldybe, Lithuania",55.954025,25.591746,ok
"Vingyte, Kaunas County, Kaunas District Municipality, Lithuania",54.8232734,23.9369968,ok
"Pavirinciai, Kurkliai, Utena County, Anyksciu rajono savivaldybe, Lithuania",55.4352994,25.0398631,ok
"Vycius, Kaunas County, Kaunas District Municipality, Lithuania",54.7882685,24.0946124,ok
"Siauliai County, Šiauliai, Siauliu miesto savivaldybe, Lithuania",55.9117667,23.3671889,ok
"Saltoniskes, Vilnius County, Vilniaus rajono savivaldybe, Lithuania",54.8684421,25.2707851,ok
"Avietyne, Vilnius County, Vilniaus rajono savivaldybe, Lithuania",54.8294938,25.3308536,ok
"Vaiteliai, Klaipeda County, Klaipėda District Municipality, Lithuania",55.7989737,21.369055,ok
"Rokantiskes, Vilnius County, Vilnius city municipality, Lithuania",54.7037213,25.3683268,ok
"Meteliai, Alytus County, Lazdiju rajono savivaldybe, Lithuania",54.3006587,23.7414234,ok
"Senasis Daugeliskis, Utena County, Ignalinos rajono savivaldybe, Lithuania",55.3411193,26.2763492,ok
"Gudeliai, Marijampole County, Marijampolė Municipality, Lithuania",54.5260272,23.6881357,ok
"Raziai, Kaunas County, Kauno miesto savivaldybe, Lithuania",54.9778723,23.8968742,ok
"Romainiu Kaimele, Kaunas County, Kaunas District Municipality, Lithuania",54.951,23.812,ok
"Bivyliai, Kaunas County, Kaunas District Municipality, Lithuania",54.9826136,23.8016876,ok
"Pelucmurgiai, Marijampole County, Kalvarija Municipality, Lithuania",54.3430218,23.164518,ok
"Pamaisupys, Kaunas County, Kaunas District Municipality, Lithuania",54.828,23.828,ok
"Prienai, Kaunas County, Prienai District Municipality, Lithuania",54.6338459,23.9428415,ok
"Ketvergiai, Klaipeda County, Klaipėda District Municipality, Lithuania",55.6397825,21.296944,ok
"Ringaudai, Kaunas County, Kaunas District Municipality, Lithuania",54.8859986,23.8029565,ok
"Karkazai, Kaunas County, Kaunas District Municipality, Lithuania",54.84812,23.9158578,ok
"Gargzdai, Klaipeda County, Klaipėda District Municipality, Lithuania",55.7175688,21.3950166,ok
"Uzlandziai, Vilnius County, Vilniaus rajono savivaldybe, Lithuania",54.6751756,25.1167912,ok
"Uzupio Karklenai, Vilnius County, Vilniaus rajono savivaldybe, Lithuania",54.678754,25.4711192,ok
"Pagrabuosciai, Utena County, Moletu rajono savivaldybe, Lithuania",55.2140498,25.3189264,ok
"Bendoriai, Vilnius County, Mazoji Riese, Vilniaus rajono savivaldybe, Lithuania",54.7944359,25.1972526,ok
"Kaunas County, Birstonas, Birštonas Municipality, Lithuania",55.0162091,24.0862263,ok
"Seskai, Panevezys County, Panevezio rajono savivaldybe, Lithuania",55.7983154,24.3455653,ok
"Ramuciai, Klaipeda County, Šilutė District Municipality, Lithuania",55.411491,21.5766798,ok
"Slaveitai, Klaipeda County, Kretinga District Municipality, Lithuania",56.0395979,21.3379568,ok
"Unguriai, Varniai, Telsiai County, Telsiu rajono savivaldybe, Lithuania",55.7342127,22.3322245,ok
"Alove, Alytus County, Alytus District Municipality, Lithuania",54.3501313,24.1734127,ok
"Karklenai, Vilnius County, Vilniaus rajono savivaldybe, Lithuania",54.6756878,25.4561435,ok
"Piliuona, Kaunas County, Kaunas District Municipality, Lithuania",54.7814799,24.1242459,ok
"Armaniskiai, Kaunas County, Kaunas District Municipality, Lithuania",54.8565667,23.8298488,ok
"Mazuriskiai, Klaipeda County, Klaipėda District Municipality, Lithuania",55.759121,21.1874415,ok
"Skridai, Vilnius County, Vilniaus rajono savivaldybe, Lithuania",54.8435685,25.3462059,ok
"Skynimai, Vilnius County, Traku rajono savivaldybe, Lithuania",54.6456916,25.0121351,ok
"Barzdunai, Klaipeda County, Šilutė District Municipality, Lithuania",55.3623725,21.5004688,ok
"Kariotiskes, Vilnius County, Traku rajono savivaldybe, Lithuania",54.6749565,25.0127699,ok
"Balsiai, Taurage County, Silales rajono savivaldybe, Lithuania",55.5112912,22.2194721,ok
"Kasparai, Kaunas County, Kaisiadoriu rajono savivaldybe, Lithuania",54.9747869,24.5624718,ok
"Gelvonai, Vilnius County, Sirvintu rajono savivaldybe, Lithuania",55.0666904,24.6922301,ok
"Grikieniai, Vilnius County, Vilniaus rajono savivaldybe, Lithuania",54.7797914,25.1123729,ok
"Tirkiliskiai, Kaunas County, Kaunas District Municipality, Lithuania",54.8523268,23.8560458,ok
"Upyte, Kaunas County, Kaunas District Municipality, Lithuania",54.9978815,23.7842557,ok
"Dembava, Panevezys County, Panevezio rajono savivaldybe, Lithuania",55.7326045,24.4096301,ok
"Ausrakaimis, Klaipeda County, Palangos miesto savivaldybe, Lithuania",56.0500979,21.150172,ok
"Vandziogala, Kaunas County, Kaunas District Municipality, Lithuania",55.1175772,23.9581519,ok
"Turlojiskes, Vilnius County, Sirvintu rajono savivaldybe, Lithuania",54.9255949,25.0114471,ok
"Akmeniskes, Vilnius County, Vilniaus rajono savivaldybe, Lithuania",54.5214271,25.4680821,ok
"Gyliai, Kaunas County, Raseiniu rajono savivaldybe, Lithuania",55.4463078,22.9664142,ok
"Slienava, Kaunas County, Kaunas District Municipality, Lithuania",54.8680985,24.090588,ok
"Jonava, Kaunas County, Jonavos rajono savivaldybe, Lithuania",55.0737086,24.2756961,ok
"Muize, Kintai, Klaipeda County, Šilutė District Municipality, Lithuania",55.3911691,21.244235,ok
"Gajauciskis, Alytus County, Alytus District Municipality, Lithuania",54.4519917,24.0949257,ok
"Patamulselis, Kaunas County, Kaunas District Municipality, Lithuania",54.8137405,23.98477,ok
"Glitiskes, Vilnius County, Vilniaus rajono savivaldybe, Lithuania",54.9837337,25.2306051,ok
"Silelis, Kaunas County, Kaunas District Municipality, Lithuania",54.9337173,23.7567781,ok
"Sudmantai, Klaipeda County, Klaipėda District Municipality, Lithuania",55.705318,21.2098425,ok
"Ginenai, Kaunas County, Kaunas District Municipality, Lithuania",54.981077,24.0360079,ok
"Jonuciai II, Kaunas County, Kaunas District Municipality, Lithuania",54.8372442,23.8947233,ok
"Graudusiai, Klaipeda County, Klaipėda District Municipality, Lithuania",55.8647398,21.0944204,ok
"Dievogala, Zapyskis, Kaunas County, Kaunas District Municipality, Lithuania",54.9224813,23.6595695,ok
"Mizarai, Alytus County, Druskininku savivaldybe, Lithuania",54.0198472,23.9396388,ok
"Pakarciunai, Siauliai County, Siauliu miesto savivaldybe, Lithuania",55.9837327,23.2973833,ok
"Bendikai, Klaipeda County, Klaipėda District Municipality, Lithuania",55.7954299,21.0991174,ok
"Stanaiciai, Kaunas County, Kaunas District Municipality, Lithuania",54.8030528,23.833649,ok
"Petkunai, Kaunas County, Kedainiu rajono savivaldybe, Lithuania",55.428297,24.1688535,ok
"Didieji Bausiai, Vilnius County, Salcininku rajono savivaldybe, Lithuania",54.3236285,25.4209842,ok
"Bubiai, Kaunas County, Kaunas District Municipality, Lithuania",54.991258,23.632484,ok
"Kakliniskes, Vilnius County, Elektrėnai Municipality, Lithuania",54.7919233,24.6593949,ok
"Didvyriai, Kaunas County, Kaunas District Municipality, Lithuania",54.9566792,23.7573036,ok
"Subaciskes, Marijampole County, Kazlu Rudos savivaldybe, Lithuania",54.6866696,23.6144644,ok
"Luoba, Klaipeda County, Skuodo rajono savivaldybe, Lithuania",56.2497861,21.7655158,ok
"Svencionys, Vilnius County, Svencioniu rajono savivaldybe, Lithuania",55.1336865,26.1630146,ok
"Narsieciai, Kaunas County, Kaunas District Municipality, Lithuania",54.8443709,23.8687023,ok
"Druskininkai, Alytus County, Druskininku savivaldybe, Lithuania",54.0171932,23.9772282,ok
"Budiskes, Kaunas County, Kaisiadoriu rajono savivaldybe, Lithuania",54.8126112,24.4175965,ok
"Vasariskiai, Kaunas County, Kedainiu rajono savivaldybe, Lithuania",55.321707,24.0115295,ok
"Vilkiskes, Kaunas County, Kaisiadoriu rajono savivaldybe, Lithuania",54.8962124,24.4536037,ok
"Mazosios Zariskes, Jure, Kaunas County, Prienai District Municipality, Lithuania",54.7654723,23.6077984,ok
"Bernatoniai, Kaunas County, Kaunas District Municipality, Lithuania",54.967962,23.7937961,ok
"Pasiliai, Kaunas County, Kedainiu rajono savivaldybe, Lithuania",55.2327452,23.9325621,ok
"Rokai, Klaipeda County, Klaipėda District Municipality, Lithuania",55.6073357,21.3135673,ok
"Zapyskis, Kaunas County, Kaunas District Municipality, Lithuania",54.9264516,23.6604729,ok
"Kazlu Ruda, Marijampole County, Kazlu Rudos savivaldybe, Lithuania",54.7520669,23.4985141,ok
"Babtai, Kaunas County, Kaunas District Municipality, Lithuania",55.0892158,23.7999024,ok
"Giruliai, Vilnius County, Vilniaus rajono savivaldybe, Lithuania",54.9328096,25.2727868,ok
"Svencioneliai, Vilnius County, Svencioniu rajono savivaldybe, Lithuania",55.1652567,25.9985239,ok
"Dreverna, Klaipeda County, Klaipėda District Municipality, Lithuania",55.5186257,21.2461803,ok
"uta, Vilnius County, Salcininku rajono savivaldybe, Lithuania",54.181261,25.1291782,ok
"Likiskeliai, Alytus County, Alytus District Municipality, Lithuania",54.3866661,23.9749184,ok
"Laumenai, Kaunas County, Kaunas District Municipality, Lithuania",54.8767926,24.064155,ok
"Jagelonys, Vilnius County, Elektrėnai Municipality, Lithuania",54.7277934,24.5622344,ok
"Stragnai I, Klaipeda County, Klaipėda District Municipality, Lithuania",55.5628917,21.3340555,ok
"Dobrovole, Vilnius County, Traku rajono savivaldybe, Lithuania",54.6022527,25.0722799,ok
"Sevelionys, Kaunas County, Kaisiadoriu rajono savivaldybe, Lithuania",54.7198854,24.3355956,ok
"Sarkine, Vilnius County, Elektrėnai Municipality, Lithuania",54.7775672,24.6979919,ok
"Jasiske, Siauliai County, Kelmes rajono savivaldybe, Lithuania",55.6237774,22.900447,ok
"Verduliai, Siauliai County, Siauliu rajono savivaldybe, Lithuania",55.8999118,23.3010204,ok
"Naujoji Akmene, Siauliai County, Akmenes rajono savivaldybe, Lithuania",56.3253508,22.8797889,ok
"Sudvariskes, Kaunas County, Prienai District Municipality, Lithuania",54.6279872,24.2508193,ok
"Grendave, Vilnius County, Traku rajono savivaldybe, Lithuania",54.4981571,24.6738811,ok
"Kumpiai, Kaunas County, Kaunas District Municipality, Lithuania",54.9575995,23.8722766,ok
"Pabartupis, Kaunas County, Kaunas District Municipality, Lithuania",54.8236637,23.7494723,ok
"Slamai, Panevezys County, Pasvalio rajono savivaldybe, Lithuania",56.0335707,24.3796599,ok
"Silgaliskiai, Siauliai County, Kelmes rajono savivaldybe, Lithuania",55.6390132,22.9044232,ok
"Zemieji Semeniukai, Vilnius County, Traku rajono savivaldybe, Lithuania",54.7166557,25.0032736,ok
"Bariunai, Siauliai County, Joniskio rajono savivaldybe, Lithuania",56.2501356,23.6712517,ok
"Mastaiciai, Kaunas County, Kaunas District Municipality, Lithuania",54.8212271,23.8434771,ok
"Sventininkai, Vilnius County, Traku rajono savivaldybe, Lithuania",54.5840741,25.0500168,ok
"Girkaliai, Klaipeda County, Klaipėda District Municipality, Lithuania",55.8747147,21.1110089,ok
"Jovaisiske, Telsiai County, Plunges rajono savivaldybe, Lithuania",55.9105156,21.8839321,ok
"Samantonys, Vilnius County, Ukmerges rajono savivaldybe, Lithuania",55.1179208,24.5891637,ok
"Ziurai, Utena County, Moletu rajono savivaldybe, Lithuania",55.2596443,25.3524742,ok
"Azuoline, Vilnius County, Vilniaus rajono savivaldybe, Lithuania",54.6234586,25.4372918,ok
"Seniava, Kaunas County, Kaunas District Municipality, Lithuania",54.8526018,23.908118,ok
"Sirvintos, Vilnius County, Sirvintu rajono savivaldybe, Lithuania",55.0514295,24.9516122,ok
"Mantviloniai, Kaunas County, Kedainiu rajono savivaldybe, Lithuania",55.2542089,23.9274911,ok
"Gulbiniskiai, Kaunas County, Jonavos rajono savivaldybe, Lithuania",55.0325496,24.2402134,ok
"Talkotiskes, Vilnius County, Vilniaus rajono savivaldybe, Lithuania",54.6191464,25.3621574,ok
"Klaipeda County, Klaipėda District Municipality, Lithuania",55.56021,21.5184279,ok
"Rumsiskes, Kaunas County, Kaisiadoriu rajono savivaldybe, Lithuania",54.867023,24.2190175,ok
"Anyksciai, Utena County, Anyksciu rajono savivaldybe, Lithuania",55.5257935,25.1061247,ok
"Savieciai, Kaunas County, Kedainiu rajono savivaldybe, Lithuania",55.1742734,24.0026641,ok
"Buzeliai, Vilnius County, Elektrėnai Municipality, Lithuania",54.7242181,24.7979711,ok
"civonys, Alytus County, Lazdiju rajono savivaldybe, Lithuania",54.133223,23.794535,ok
"Padaigai, Kaunas County, Jonavos rajono savivaldybe, Lithuania",55.0534768,24.4290677,ok
"Tolkunai, Alytus County, Varenos rajono savivaldybe, Lithuania",54.2747175,24.395788,ok
"Vilemai, Zapyskis, Kaunas County, Kaunas District Municipality, Lithuania",54.9103464,23.6698684,ok
"Pagryniai, Klaipeda County, Šilutė District Municipality, Lithuania",55.325939,21.4856389,ok
"Kuliskiai, Klaipeda County, Klaipėda District Municipality, Lithuania",55.7269684,21.35408,ok
"Leoniske, Taurage County, Taurages rajono savivaldybe, Lithuania",55.3046517,22.3576028,ok
"Virbalai, Kaunas County, Jonavos rajono savivaldybe, Lithuania",55.0867906,24.2418564,ok
"Skrabine, Vilnius County, Vilniaus rajono savivaldybe, Lithuania",54.6079568,25.4115814,ok
"Telsiai, Telsiai County, Telsiu rajono savivaldybe, Lithuania",55.9846135,22.2490753,ok
"Marijampole, Marijampole County, Marijampolė Municipality, Lithuania",54.5562536,23.3503665,ok
"Toliociai, Siauliai County, Siauliu rajono savivaldybe, Lithuania",55.9487499,23.2595475,ok
"Alytupis, Alytus County, Alytus District Municipality, Lithuania",54.3962779,24.085834,ok
"Puckalaukis, Vilnius County, Vilniaus rajono savivaldybe, Lithuania",54.8558918,25.4553427,ok
"Kijuvka, Vilnius County, Traku rajono savivaldybe, Lithuania",54.4928754,24.8238978,ok
"Rinkunai, Kaunas County, Kaunas District Municipality, Lithuania",54.8140293,23.8913259,ok
"Veliucionys, Vilnius County, Vilniaus rajono savivaldybe, Lithuania",54.6579433,25.4460251,ok
"Peleniai, Kaunas County, Kaunas District Municipality, Lithuania",54.9782066,24.0406997,ok
"Kretingsodis, Klaipeda County, Kretinga District Municipality, Lithuania",55.9015622,21.2258662,ok
"Romaskiai, Kaunas County, Kaunas District Municipality, Lithuania",54.9810142,23.9387789,ok
"Pasiliai, Kaunas County, Jonavos rajono savivaldybe, Lithuania",55.0264308,24.154968,ok
"Vaiciuniskes, Vilnius County, Vilniaus rajono savivaldybe, Lithuania",54.6865848,25.084666,ok
"Paltiskiai, Kaunas County, Kaunas District Municipality, Lithuania",54.9837048,23.8130419,ok
"Siurmonys, Vilnius County, Elektrėnai Municipality, Lithuania",54.7709052,24.9556195,ok
"Uzuguostis, Kaunas County, Prienai District Municipality, Lithuania",54.624038,24.3887167,ok
"Didieji Lygainiai, Vilnius County, Vilniaus rajono savivaldybe, Lithuania",54.565767,25.0693002,ok
"Silenai, Siauliai County, Siauliu miesto savivaldybe, Lithuania",55.863539,23.413644,ok
"Backininkai, Vilnius County, Svencioniu rajono savivaldybe, Lithuania",55.16903,26.36077,ok
"Smailiai, Utena County, Moletu rajono savivaldybe, Lithuania",55.0881054,25.3596305,ok
"Naujakiemis, Vilnius County, Vilniaus rajono savivaldybe, Lithuania",54.7190823,25.5225022,ok
"Linksmakalnis, Kaunas County, Kaunas District Municipality, Lithuania",54.7580012,23.9294869,ok
"Lyta, Vilnius County, Vilniaus rajono savivaldybe, Lithuania",54.6994096,25.4915436,ok
"Kurnenai, Alytus County, Alytus District Municipality, Lithuania",54.3871617,23.9148574,ok
"Vaisvydava, Kaunas County, Kaunas District Municipality, Lithuania",54.8410499,24.0410652,ok
"Jadagoniai, Kaunas County, Kaunas District Municipality, Lithuania",54.9910073,23.5774475,ok
"Parapijoniskes, Vilnius County, Vilniaus rajono savivaldybe, Lithuania",54.598588,25.3708055,ok
"Uzubrastis, Vilnius County, Vilniaus rajono savivaldybe, Lithuania",54.5956134,25.0830434,ok
"Rykstyne, Kaunas County, Kaunas District Municipality, Lithuania",54.9695067,24.0902867,ok
"Jurbarkai, Taurage County, Jurbarko rajono savivaldybe, Lithuania",55.0897742,22.7387636,ok
"Padvarionys, Vilnius County, Vilniaus rajono savivaldybe, Lithuania",54.5183414,25.6333261,ok
"Paliepiai, Vilnius County, Vilniaus rajono savivaldybe, Lithuania",54.6137378,25.3628971,ok
"Minija, Klaipeda County, Šilutė District Municipality, Lithuania",55.3626163,21.2827646,ok
"Karkle, Klaipeda County, Klaipėda District Municipality, Lithuania",55.8118214,21.0721325,ok
"Vilnius County, Vilnius city municipality, Lithuania",54.6911315,25.2636917,ok
"Tabariskiai, Kaunas County, Kaunas District Municipality, Lithuania",54.876898,23.7858744,ok
"Naisiai, Siauliai County, Siauliu rajono savivaldybe, Lithuania",56.0213184,23.5166343,ok
"Karliskes, Alytus County, Alytus District Municipality, Lithuania",54.3430943,24.3046176,ok
"Papiskiai, Kulautuva, Kaunas County, Kaunas District Municipality, Lithuania",56.0949041,25.3528975,ok
"Padvariskes, Vilnius County, Traku rajono savivaldybe, Lithuania",54.6886491,24.9791098,ok
"Babriskes, Vilnius County, Traku rajono savivaldybe, Lithuania",54.6140429,24.9213278,ok
"Jonusai, Klaipeda County, Klaipėda District Municipality, Lithuania",55.7108474,21.2787787,ok
"Skauduliskes, Vilnius County, Vilniaus rajono savivaldybe, Lithuania",54.842063,25.1660953,ok
"Merontiskiai, Taurage County, Jurbarko rajono savivaldybe, Lithuania",55.0953322,23.381493,ok
"Bajorai, Kaunas County, Kaunas District Municipality, Lithuania",54.8700923,23.7967832,ok
"Silgaliskiai, Kelmes rajono savivaldybe, Lithuania",55.6390132,22.9044232,ok
"Kairenai, Vilnius County, Vilniaus rajono savivaldybe, Lithuania",54.7239513,25.454852,ok
"Kasmiskes, Vilnius County, Vilniaus rajono savivaldybe, Lithuania",54.7770097,25.0164447,ok
"Prapuntai, Alytus County, Lazdiju rajono savivaldybe, Lithuania",54.2011311,23.6790591,ok
"Berziniske, Marijampole County, Kazlu Rudos savivaldybe, Lithuania",54.8300569,23.4576174,ok
"Vilkeliskes, Vilnius County, Vilniaus rajono savivaldybe, Lithuania",54.6996203,25.155188,ok
"Marijampolis, Vilnius County, Vilnius city municipality, Lithuania",54.5334345,25.3242077,ok
"Domeikava, Kaunas County, Kaunas District Municipality, Lithuania",54.9678698,23.923984,ok
"Smailiai, Kaunas County, Kaunas District Municipality, Lithuania",54.81,23.707,ok
"Urneziai, Dotnuva, Kaunas County, Kedainiu rajono savivaldybe, Lithuania",55.348318,23.8907112,ok
"Naujasodis, Kaunas County, Kaunas District Municipality, Lithuania",54.9519652,23.9599821,ok
"Azytenai, Kaunas County, Kedainiu rajono savivaldybe, Lithuania",55.4598313,23.6215025,ok
"Vilnius County, Aukstieji Rusokai, Vilniaus rajono savivaldybe, Lithuania",54.8227227,25.2496682,ok
"Paliepiukai, Vilnius County, Vilniaus rajono savivaldybe, Lithuania",54.6358788,25.430039,ok
"Kumelionys, Marijampole County, Marijampolė Municipality, Lithuania",54.5352376,23.3298977,ok
"Karkliniskes, Alytus County, Alytus District Municipality, Lithuania",54.4214899,24.1585822,ok
"Brinkiskes, Vilnius County, Vilniaus rajono savivaldybe, Lithuania",54.8024271,25.0854044,ok
"Kacergine, Kaunas County, Kaunas District Municipality, Lithuania",54.9327896,23.7185381,ok
"Naujoji Kirsna, Alytus County, Lazdiju rajono savivaldybe, Lithuania",54.3301223,23.4837245,ok
"Miriniskiai, Kaunas County, Kaunas District Municipality, Lithuania",54.87956,23.8116875,ok
"Geleziniai, Marijampole County, Marijampolė Municipality, Lithuania",54.5997267,23.4318681,ok
"Didziosios Zariskes, Marijampole County, Kazlu Rudos savivaldybe, Lithuania",54.7069277,23.5377013,ok
"Zakariskes, Vilnius County, Vilniaus rajono savivaldybe, Lithuania",54.8155237,25.0159668,ok
"Sena Pasamine, Vilnius County, Svencioniu rajono savivaldybe, Lithuania",55.2093465,26.060266,ok
"Papilvis, Jure, Kaunas County, Prienai District Municipality, Lithuania",54.7950743,23.629305,ok
"Kurmagala, Kaunas County, Jonavos rajono savivaldybe, Lithuania",55.0595094,24.2154652,ok
"Leitgiriai, Klaipeda County, Šilutė District Municipality, Lithuania",55.2339906,21.5881955,ok
"Kuliai, Telsiai County, Plunges rajono savivaldybe, Lithuania",55.8059704,21.6539042,ok
"Kuosenai, Marijampole County, Vilkaviškis District Municipality, Lithuania",54.4724435,23.0679987,ok
"Klabiniai, Utena County, Moletu rajono savivaldybe, Lithuania",55.3674761,25.1875611,ok
"Tulpiakiemis, Vilnius County, Ukmerges rajono savivaldybe, Lithuania",55.3329502,24.4150185,ok
"Raciai, Telsiai County, Mazeikiu rajono savivaldybe, Lithuania",56.2810829,22.1544307,ok
"Vainiskiai, Panevezys County, Kupiskio rajono savivaldybe, Lithuania",55.8951651,25.1163541,ok
"Disliai, Palonai, Siauliai County, Radviliskio rajono savivaldybe, Lithuania",56.0129274,22.0221272,ok
"Ginduliai, Klaipeda County, Klaipėda District Municipality, Lithuania",55.7308515,21.1922603,ok
"Antakalnis, Kaunas County, Kaisiadoriu rajono savivaldybe, Lithuania",54.8489438,24.3429587,ok
"Punia, Alytus County, Alytus District Municipality, Lithuania",54.510711,24.1042365,ok
"Smilgiai, Panevezys County, Panevezio rajono savivaldybe, Lithuania",55.8031703,24.0132246,ok
"Vaskai, Panevezys County, Pasvalio rajono savivaldybe, Lithuania",56.1695943,24.2115179,ok
"Puslaukis, Kvedarna, Taurage County, Silales rajono savivaldybe, Lithuania",55.5481255,22.0067838,ok
"Pupkaimis, Raudone, Taurage County, Jurbarko rajono savivaldybe, Lithuania",55.0951285,23.1648791,ok
"Panemune, Taurage County, Pagegiu savivaldybe, Lithuania",55.0871461,21.9115038,ok
"Inkakliai, Klaipeda County, Šilutė District Municipality, Lithuania",55.4819664,21.5805724,ok
"Sirutiskis, Kaunas County, Kedainiu rajono savivaldybe, Lithuania",55.3569199,23.983078,ok
"Leonavas, Kaunas County, Kaunas District Municipality, Lithuania",54.81456,24.209049,ok
"Seta, Kaunas County, Kedainiu rajono savivaldybe, Lithuania",55.3020833,24.2590278,ok
"Naujasodziai, Kaunas County, Kaunas District Municipality, Lithuania",55.1557975,23.7062291,ok
"Silgaliai, Marijampole County, Sakiu rajono savivaldybe, Lithuania",54.9111018,23.1843509,ok
"Satijai, Kaunas County, Kaunas District Municipality, Lithuania",54.9855961,24.0035751,ok
"Nemaksciai, Kaunas County, Raseiniu rajono savivaldybe, Lithuania",55.4294458,22.7740251,ok
"Grikiapele, Utena County, Ignalinos rajono savivaldybe, Lithuania",55.3168422,26.0314911,ok
"Dailides, Vilnius County, Salcininku rajono savivaldybe, Lithuania",54.2835083,25.5955363,ok
"Laizuva, Telsiai County, Mazeikiu rajono savivaldybe, Lithuania",56.3819547,22.55959,ok
"Uzupe, Surviliskis, Kaunas County, Kedainiu rajono savivaldybe, Lithuania",54.6812812,25.2993836,ok
"Ingavangis, Kaunas County, Prienai District Municipality, Lithuania",54.6527066,23.7884846,ok
"Putiliskiai, Panevezys County, Panevezio rajono savivaldybe, Lithuania",55.5927027,24.6442494,ok
"Gervenupis, Kaunas County, Kaunas District Municipality, Lithuania",54.8392315,24.1348156,ok
"Bebruliske, Marijampole County, Kazlu Rudos savivaldybe, Lithuania",54.7019746,23.4510434,ok
"Stoskai, Kaunas County, Jonavos rajono savivaldybe, Lithuania",55.1184911,24.3855256,ok
"Naujasodis, Kaunas County, Prienai District Municipality, Lithuania",54.6619858,23.7547898,ok
"Pazagieniai, Panevezys County, Panevezio rajono savivaldybe, Lithuania",55.6913022,24.3811331,ok
"Geniai, Alytus County, Alytus District Municipality, Lithuania",54.4716717,23.9602627,ok
"Zvirbloniai, Siauliai County, Pakruojo rajono savivaldybe, Lithuania",55.8663436,23.9398951,ok
"Vieksniai, Telsiai County, Mazeikiu rajono savivaldybe, Lithuania",56.2356964,22.5125824,ok
"Padvariskiai, Alytus County, Alytus District Municipality, Lithuania",54.4401062,24.1252246,ok
"Raseiniai, Kaunas County, Raseiniu rajono savivaldybe, Lithuania",55.377973,23.1171369,ok
"Vosiunai, Utena County, Ignalinos rajono savivaldybe, Lithuania",55.3050974,26.820837,ok
"Varkujai, Utena County, Anyksciu rajono savivaldybe, Lithuania",55.6123406,25.3965781,ok
"Kalnaberze, Kaunas County, Kedainiu rajono savivaldybe, Lithuania",55.4005875,24.0075416,ok
"Rekyva, Siauliai County, Siauliu rajono savivaldybe, Lithuania",55.8595683,23.3459344,ok
"Vidiskiai, Vilnius County, Ukmerges rajono savivaldybe, Lithuania",55.3067313,24.8633885,ok
"Klepsiai, Panevezys County, Panevezio rajono savivaldybe, Lithuania",55.6290315,24.4808673,ok
"Lazdijai, Alytus County, Lazdiju rajono savivaldybe, Lithuania",54.2348374,23.5113025,ok
"Biciunai, Onuskis, Vilnius County, Traku rajono savivaldybe, Lithuania",54.4968133,24.6083083,ok
"Viestovenai, Telsiai County, Plunges rajono savivaldybe, Lithuania",55.8519027,21.7373864,ok
"Endriejavas, Klaipeda County, Klaipėda District Municipality, Lithuania",55.6970834,21.7198929,ok
"Leipalingis, Alytus County, Druskininku savivaldybe, Lithuania",54.0920419,23.8597811,ok
"Silniskiai, Vilnius County, Svencioniu rajono savivaldybe, Lithuania",54.969329,25.723623,ok
"Sakiai, Marijampole County, Sakiu rajono savivaldybe, Lithuania",54.9559617,23.0395432,ok
"Pavidaujys, Taurage County, Jurbarko rajono savivaldybe, Lithuania",55.210737,22.8103908,ok
"Kupiskis, Panevezys County, Kupiskio rajono savivaldybe, Lithuania",55.8388909,24.9760431,ok
"Zemaiciu Kalvarija, Telsiai County, Plunges rajono savivaldybe, Lithuania",56.1103198,22.0128858,ok
"Senoji Varena, Alytus County, Varenos rajono savivaldybe, Lithuania",54.251295,24.5466889,ok
"Zaliesius, Utena County, Ignalinos rajono savivaldybe, Lithuania",55.3106914,26.5369322,ok
"Sarkiai, Kaunas County, Raseiniu rajono savivaldybe, Lithuania",55.348202,23.1623105,ok
"Kubiliai, Kaunas County, Kaisiadoriu rajono savivaldybe, Lithuania",54.6871639,24.3257024,ok
"Tytuvenai, Siauliai County, Kelmes rajono savivaldybe, Lithuania",55.5969957,23.1974479,ok
"Naujieji Muniskiai, Kaunas County, Kaunas District Municipality, Lithuania",55.0087429,23.8265479,ok
"Gotlybiskiai, Marijampole County, Sakiu rajono savivaldybe, Lithuania",54.9639174,22.8720208,ok
"Kursenai, Siauliai County, Siauliu rajono savivaldybe, Lithuania",56.0039616,22.9325605,ok
"Uzupusiai, Vilnius County, Ukmerges rajono savivaldybe, Lithuania",55.3973037,24.7239148,ok
"Šunskai, Marijampole County, Marijampolė Municipality, Lithuania",54.6413042,23.3262551,ok
"Uzventis, Kelmes rajono savivaldybe, Lithuania",55.7824484,22.6563028,ok
"Jasiuliskis, Vilnius County, Ukmerges rajono savivaldybe, Lithuania",55.3180707,24.842813,ok
"Tiltagaliai, Panevezys County, Panevezio rajono savivaldybe, Lithuania",55.7975508,24.6790936,ok
"Kurejai, Lyduokiai, Vilnius County, Ukmerges rajono savivaldybe, Lithuania",55.2702835,24.939115,ok
"Roda, Vilnius County, Vilniaus rajono savivaldybe, Lithuania",54.5577457,25.3099019,ok
"Jatkanciai, Taurage County, Taurages rajono savivaldybe, Lithuania",55.2631712,22.2469904,ok
"Marozauka, Utena County, Moletu rajono savivaldybe, Lithuania",55.1194878,25.4046156,ok
"Stavisciai, Kaunas County, Kaunas District Municipality, Lithuania",54.9816709,23.9840543,ok
"Balbieriskis, Kaunas County, Prienai District Municipality, Lithuania",54.5149138,23.8908596,ok
"Vaivadiskiai, Kaunas County, Jonavos rajono savivaldybe, Lithuania",55.1406303,24.2747933,ok
"Verbiskes, Utena County, Moletu rajono savivaldybe, Lithuania",55.3102178,25.4627249,ok
"Geibonys, Vilnius County, Elektrėnai Municipality, Lithuania",54.7542551,24.7013087,ok
"Bratoniskes, Vilnius County, Vilniaus rajono savivaldybe, Lithuania",54.8526773,25.3752417,ok
"Palankesiai, Kaunas County, Jonavos rajono savivaldybe, Lithuania",55.1692617,24.2028729,ok
"Nasiunai, Vilnius County, Vilniaus rajono savivaldybe, Lithuania",55.0190091,25.5243778,ok
"Ryskenai, Telsiai County, Telsiu rajono savivaldybe, Lithuania",55.9527342,22.2228994,ok
"Vosyliukai, Vilnius County, Traku rajono savivaldybe, Lithuania",54.7102301,25.0229003,ok
"Lumpenai, Taurage County, Pagegiu savivaldybe, Lithuania",55.1069369,22.0387707,ok
"Uzventis, Siauliai County, Kelmes rajono savivaldybe, Lithuania",55.7824484,22.6563028,ok
"Zeimiai, Kaunas County, Jonavos rajono savivaldybe, Lithuania",55.1814173,24.2257072,ok
"Medeikiai, Panevezys County, Birzu rajono savivaldybe, Lithuania",56.2758307,24.8207636,ok
"Uzubaliai, Vilnius County, Ukmerges rajono savivaldybe, Lithuania",55.3460501,24.9357448,ok
"Kleveckine, Panevezys County, Panevezio rajono savivaldybe, Lithuania",55.7700856,24.2792912,ok
"Didziosios Laibiskes, Vilnius County, Vilniaus rajono savivaldybe, Lithuania",54.4725316,25.5652272,ok
"Lapurvis, Taurage County, Taurages rajono savivaldybe, Lithuania",55.3163898,22.4038399,ok
"Tumasonys, Panevezys County, Kupiskio rajono savivaldybe, Lithuania",55.7587873,25.1570253,ok
"Vilkai, Panevezys County, Panevezio rajono savivaldybe, Lithuania",55.5726667,23.9036111,ok
"Minelgai, Taurage County, Jurbarko rajono savivaldybe, Lithuania",55.1734776,23.2063436,ok
"Svirnai II, Utena County, Anyksciu rajono savivaldybe, Lithuania",55.3895733,24.8911155,ok
"Doskonys, Alytus County, Alytus District Municipality, Lithuania",54.363498,24.3746683,ok
"Kryzkelis, Vilnius County, Vilniaus rajono savivaldybe, Lithuania",54.60714,25.5396579,ok
"Sarakiskes, Utena County, Zarasu rajono savivaldybe, Lithuania",55.7383892,26.2754542,ok
"Semeliskes, Vilnius County, Elektrėnai Municipality, Lithuania",54.6644657,24.6590614,ok
"Naujukai, Klaipeda County, Skuodo rajono savivaldybe, Lithuania",56.1514659,21.5763394,ok
"Byliskes, Kaunas County, Prienai District Municipality, Lithuania",54.8022594,23.6710748,ok
"Bausiske, Utena County, Ignalinos rajono savivaldybe, Lithuania",55.347616,26.2981041,ok
"Laukuva, Taurage County, Silales rajono savivaldybe, Lithuania",55.6203856,22.2361051,ok
"Sartininkai, Taurage County, Taurages rajono savivaldybe, Lithuania",55.2680979,21.9724226,ok
"Bieliunai, Vilnius County, Vilniaus rajono savivaldybe, Lithuania",54.6770258,25.1111408,ok
"Radailiai, Klaipeda County, Klaipėda District Municipality, Lithuania",55.7864785,21.2164039,ok
"Kamajai, Panevezys County, Rokiskio rajono savivaldybe, Lithuania",55.8202029,25.5038998,ok
"Luksine, Vilnius County, Vilniaus rajono savivaldybe, Lithuania",54.5672792,25.4940541,ok
"Padauguva, Kaunas County, Kaunas District Municipality, Lithuania",55.0420541,23.6638208,ok
"Antakalnis, Vilnius County, Traku rajono savivaldybe, Lithuania",54.5007941,24.7182416,ok
"Erzvilkas, Taurage County, Jurbarko rajono savivaldybe, Lithuania",55.2625692,22.7061958,ok
"Sventragiai, Siauliai County, Kelmes rajono savivaldybe, Lithuania",55.622957,22.617153,ok
"Maciunai, Vilnius County, Svencioniu rajono savivaldybe, Lithuania",55.182587,26.353029,ok
"Vezionys, Panevezys County, Kupiskio rajono savivaldybe, Lithuania",55.8773484,24.9963203,ok
"Serksnenai, Telsiai County, Mazeikiu rajono savivaldybe, Lithuania",56.2374522,22.2253433,ok
"Mazeikiai, Utena County, Moletu rajono savivaldybe, Lithuania",55.378812,25.5232321,ok
"Jakai, Klaipeda County, Klaipėda District Municipality, Lithuania",55.6992547,21.2218163,ok
"Juodupe, Panevezys County, Rokiskio rajono savivaldybe, Lithuania",56.0849061,25.604847,ok
"Pilsudai, Taurage County, Taurages rajono savivaldybe, Lithuania",55.4155653,22.5189709,ok
"Vigodka, Panevezys County, Kupiskio rajono savivaldybe, Lithuania",55.7583417,24.7457149,ok
"Kakunai, Panevezys County, Panevezio rajono savivaldybe, Lithuania",55.7923522,24.5447601,ok
"Kolonistai, Simnas, Alytus County, Alytus District Municipality, Lithuania",54.3887104,23.6266624,ok
"Panara, Alytus County, Varenos rajono savivaldybe, Lithuania",54.105107,24.1105143,ok
"Dieveniskes, Vilnius County, Salcininku rajono savivaldybe, Lithuania",54.1940549,25.6259051,ok
"Kalvarija, Marijampole County, Kalvarija Municipality, Lithuania",54.4143869,23.2273639,ok
"Akriemiai, Utena County, Ignalinos rajono savivaldybe, Lithuania",55.4625029,26.1383315,ok
"Toluciai, Vilnius County, Ukmerges rajono savivaldybe, Lithuania",55.1666614,25.0923623,ok
"Pajuodupis, Klaipeda County, Klaipėda District Municipality, Lithuania",55.7292144,21.5474781,ok
"Zygaiciai, Taurage County, Taurages rajono savivaldybe, Lithuania",55.3122484,22.032405,ok
"Budvieciai, Marijampole County, Kalvarija Municipality, Lithuania",54.4176711,23.0567227,ok
"Papile, Siauliai County, Akmenes rajono savivaldybe, Lithuania",56.1512553,22.7923227,ok
"Krakes, Kaunas County, Kedainiu rajono savivaldybe, Lithuania",55.4103875,23.7296698,ok
"Kuciunai, Alytus County, Lazdiju rajono savivaldybe, Lithuania",54.1273328,23.519901,ok
"Kirkenai, Panevezys County, Kupiskio rajono savivaldybe, Lithuania",55.8373975,25.2748952,ok
"Didziosios Zubiskes, Vilnius County, Salcininku rajono savivaldybe, Lithuania",54.2178863,24.8975181,ok
"Siauliai County, Radviliskio rajono savivaldybe, Lithuania",55.9398236,23.3937822,ok
"Nedzinge, Alytus County, Varenos rajono savivaldybe, Lithuania",54.2466767,24.3294807,ok
"Aleksandrija, Siauliai County, Siauliu miesto savivaldybe, Lithuania",55.921931,23.3651303,ok
"Plausiniai, Kaunas County, Raseiniu rajono savivaldybe, Lithuania",55.2796526,23.2479253,ok
"Tubiai, Kaunas County, Kedainiu rajono savivaldybe, Lithuania",55.2951727,23.943648,ok
"Vidukle, Kaunas County, Raseiniu rajono savivaldybe, Lithuania",55.4035446,22.8955423,ok
"Dubravai, Kaunas County, Kaunas District Municipality, Lithuania",54.8358306,24.1187845,ok
"Pabirze, Panevezys County, Birzu rajono savivaldybe, Lithuania",56.1896669,24.6323031,ok
"Geleziai, Panevezys County, Panevezio rajono savivaldybe, Lithuania",55.8522142,24.6983908,ok
"Nakonys, Utena County, Anyksciu rajono savivaldybe, Lithuania",55.6222269,24.8410579,ok
"Ireniskiai, Kaunas County, Kaunas District Municipality, Lithuania",54.8427541,23.8916791,ok
"Daumenai, Panevezys County, Panevezio rajono savivaldybe, Lithuania",55.6968984,24.4008145,ok
"Sriauptai, Klaipeda County, Skuodo rajono savivaldybe, Lithuania",56.215801,21.3496957,ok
"Kulbiai, Panevezys County, Panevezio rajono savivaldybe, Lithuania",55.7260992,24.5733848,ok
"Ripaiciai, Utena County, Utenos rajono savivaldybe, Lithuania",55.3738189,25.9113796,ok
"Toliunai, Panevezys County, Pasvalio rajono savivaldybe, Lithuania",55.9667015,24.2979122,ok
"Ruigiai, Klaipeda County, Klaipėda District Municipality, Lithuania",55.6361854,21.5293803,ok
"Juodaiciai, Taurage County, Jurbarko rajono savivaldybe, Lithuania",55.2263713,23.3424101,ok
"Vidkiemis, Smalininkai, Taurage County, Jurbarko rajono savivaldybe, Lithuania",55.0728696,22.5557618,ok
"Kalviai, Panevezys County, Rokiskio rajono savivaldybe, Lithuania",55.765274,25.4624566,ok
"Kedainiai, Kaunas County, Kedainiu rajono savivaldybe, Lithuania",55.2887322,23.9758359,ok
"Lazdininkai, Klaipeda County, Kretinga District Municipality, Lithuania",56.0018818,21.2067427,ok
"Gervenai, Seirijai, Alytus County, Lazdiju rajono savivaldybe, Lithuania",54.2440792,23.8361797,ok
"Zarasai, Utena County, Zarasu rajono savivaldybe, Lithuania",55.7304035,26.2471471,ok
"Padubinge, Vilnius County, Svencioniu rajono savivaldybe, Lithuania",55.0111027,25.6488613,ok
"Siaudine, Marijampole County, Sakiu rajono savivaldybe, Lithuania",55.0672463,22.7973992,ok
"Sesuoleliai I, Vilnius County, Sirvintu rajono savivaldybe, Lithuania",55.0712713,25.0553713,ok
"Kurmaiciai, Telsiai County, Mazeikiu rajono savivaldybe, Lithuania",56.3302481,22.265423,ok
"Leliusiai, Kelmes rajono savivaldybe, Lithuania",55.8161126,22.7929534,ok
"Pabrade, Vilnius County, Svencioniu rajono savivaldybe, Lithuania",54.9831145,25.7663024,ok
"Ezerelis, Kaunas County, Kaunas District Municipality, Lithuania",54.8830383,23.5994772,ok
"Judraiciai, Kaunas County, Kaunas District Municipality, Lithuania",54.9683778,23.5573079,ok
"Saukenai, Alytus County, Alytus District Municipality, Lithuania",54.3542874,24.2112684,ok
"Piliakalniai, Marijampole County, Kalvarija Municipality, Lithuania",54.3976199,23.0936087,ok
"Kebaiciai, Kaunas County, Raseiniu rajono savivaldybe, Lithuania",55.357335,23.2568653,ok
"Padvariai, Klaipeda County, Kretinga District Municipality, Lithuania",55.901251,21.2605621,ok
"Lebartai, Klaipeda County, Klaipėda District Municipality, Lithuania",55.6661661,21.2977763,ok
"Vaistariskiai, Kaunas County, Kaunas District Municipality, Lithuania",54.9534805,23.9925987,ok
"Maliupiai, Panevezys County, Pasvalio rajono savivaldybe, Lithuania",55.995464,24.5341617,ok
"Gratiskes, Vilnius County, Traku rajono savivaldybe, Lithuania",54.7057048,24.8952951,ok
"Drasuciai, Siauliai County, Siauliu rajono savivaldybe, Lithuania",56.0304789,22.9776897,ok
"Bajorai, Vilnius County, Elektrėnai Municipality, Lithuania",54.7151356,24.5991007,ok
"Simaniskis, Panevezys County, Rokiskio rajono savivaldybe, Lithuania",55.8931876,25.9032497,ok
"Skuodo Priemiestis, Klaipeda County, Skuodo rajono savivaldybe, Lithuania",56.2563602,21.5390754,ok
"Skrupiske, Vilnius County, Svencioniu rajono savivaldybe, Lithuania",55.1450297,26.26737,ok
"Vindziunai, Vilnius County, Vilniaus rajono savivaldybe, Lithuania",54.5644874,25.7232924,ok
"Tabariskes, Vilnius County, Salcininku rajono savivaldybe, Lithuania",54.4420235,25.6050345,ok
"Ramuciai, Kaunas County, Kaunas District Municipality, Lithuania",54.950418,24.0334484,ok
"Lyksude, Klaipeda County, Skuodo rajono savivaldybe, Lithuania",56.1946059,21.7279385,ok
"Naujikai, Panevezys County, Panevezio rajono savivaldybe, Lithuania",55.7954557,24.4970349,ok
"Draseikiai, Karmelava, Kaunas County, Kaunas District Municipality, Lithuania",55.0006596,24.0809572,ok
"Rasnava, Kaunas County, Kaunas District Municipality, Lithuania",54.7925294,23.8890902,ok
"Tusciauliai, Skersabaliai, Vilnius County, Vilniaus rajono savivaldybe, Lithuania",54.8382547,25.5313216,ok
"Margionys, Alytus County, Varenos rajono savivaldybe, Lithuania",53.9996518,24.2866408,ok
"Miskonys, Vilnius County, Vilnius city municipality, Lithuania",55.8710139,25.3149905,ok
"Kuodiskiai, Zapyskis, Kaunas County, Kaunas District Municipality, Lithuania",56.0840547,25.2843486,ok
"Valantiskis, Birzai, Panevezys County, Birzu rajono savivaldybe, Lithuania",56.195935,24.717,ok
"Gaideliai, Klaipeda County, Šilutė District Municipality, Lithuania",55.3109584,21.5328501,ok
"Vilnius County, Gudeliu Plytine, Vilniaus rajono savivaldybe, Lithuania",54.8227227,25.2496682,ok
"Elniakampis, Vilnius County, Elektrėnai Municipality, Lithuania",54.791176,24.9671278,ok
"Palentinis, Taurage County, Silales rajono savivaldybe, Lithuania",55.6440786,22.4432749,ok
"Bernoriskiai, Kaunas County, Kaunas District Municipality, Lithuania",55.0861556,23.5441327,ok
"Kalnenai, Telsiai County, Mazeikiu rajono savivaldybe, Lithuania",56.3039075,22.2902406,ok
"Zvirgzdaiciai, Marijampole County, Sakiu rajono savivaldybe, Lithuania",54.7941204,23.0285479,ok
"Silaiciai, Alytus County, Lazdiju rajono savivaldybe, Lithuania",54.2114417,23.8526408,ok
"Giedraiciai, Utena County, Moletu rajono savivaldybe, Lithuania",55.0782126,25.2670009,ok
"Visakio Ruda, Marijampole County, Kazlu Rudos savivaldybe, Lithuania",54.8164219,23.435201,ok
"Motiejiskes, Vilnius County, Vilniaus rajono savivaldybe, Lithuania",54.6203605,25.4199076,ok
"Narepai, Kaunas County, Kaunas District Municipality, Lithuania",54.9496358,24.0091281,ok
"Bagotoji, Marijampole County, Kazlu Rudos savivaldybe, Lithuania",54.7557372,23.3484011,ok
"Norunai, Alytus County, Alytus District Municipality, Lithuania",54.3386023,23.986894,ok
"Kalviai, Klaipeda County, Klaipėda District Municipality, Lithuania",55.6476001,21.2973577,ok
"Skaudvile, Taurage County, Taurages rajono savivaldybe, Lithuania",55.408444,22.577692,ok
"Noriunai, Panevezys County, Kupiskio rajono savivaldybe, Lithuania",55.8045602,24.8963884,ok
"Varnake, Kaunas County, Prienai District Municipality, Lithuania",54.6267894,23.7079236,ok
"Uzudvaris, Vilnius County, Vilniaus rajono savivaldybe, Lithuania",54.602739,25.4757677,ok
"Kryziauka I, Vilnius County, Sirvintu rajono savivaldybe, Lithuania",54.9046583,24.8780416,ok
"Pilis I, Taurage County, Jurbarko rajono savivaldybe, Lithuania",55.1012395,22.9808974,ok
"Slavanta, Marijampole County, Marijampolė Municipality, Lithuania",54.5535921,23.6820115,ok
"Raipolis, Vilnius County, Traku rajono savivaldybe, Lithuania",54.6147614,24.6749839,ok
"Grauzieciai, Vilnius County, Ukmerges rajono savivaldybe, Lithuania",55.2247771,24.8234028,ok
"Baikeliai, Utena County, Ignalinos rajono savivaldybe, Lithuania",55.4136743,26.4284243,ok
"Pasile, Siauliai County, Akmenes rajono savivaldybe, Lithuania",56.1835821,22.7012383,ok
"Senosios Viesos, Vilnius County, Sirvintu rajono savivaldybe, Lithuania",55.0859565,24.8643149,ok
"Griciai, Taurage County, Jurbarko rajono savivaldybe, Lithuania",55.2206021,23.2643999,ok
"ciziunai, Valkininkai, Alytus County, Varenos rajono savivaldybe, Lithuania",54.3676587,24.8487141,ok
"Zuvintai, Alytus County, Alytus District Municipality, Lithuania",54.4466453,23.6209553,ok
"Pakumprys, Kaunas County, Prienai District Municipality, Lithuania",54.7120525,23.9546608,ok
"Kantauciai, Telsiai County, Plunges rajono savivaldybe, Lithuania",55.9063727,22.0527297,ok
"Radikiai, Kaunas County, Kaunas District Municipality, Lithuania",54.9619956,23.9582257,ok
"Poderiskiai, Kaunas County, Kaunas District Municipality, Lithuania",54.862338,23.7638822,ok
"Baksionys, Vilnius County, Ukmerges rajono savivaldybe, Lithuania",55.1754705,24.8414051,ok
"Barsukine, Kaunas County, Kaunas District Municipality, Lithuania",54.7068787,23.7053339,ok
"Barkiskes, Vilnius County, Vilnius city municipality, Lithuania",54.6002382,25.2803613,ok
"Aleksandravas, Telsiai County, Plunges rajono savivaldybe, Lithuania",55.9260533,21.6307114,ok
"Zasliai, Kaunas County, Kaisiadoriu rajono savivaldybe, Lithuania",54.865248,24.5897095,ok
"Uztilciai, Utena County, Moletu rajono savivaldybe, Lithuania",55.1537757,25.5803118,ok
"Alksnenai, Kaunas County, Kedainiu rajono savivaldybe, Lithuania",55.356829,24.1290628,ok
"Vitkunai, Utena County, Utenos rajono savivaldybe, Lithuania",55.3939661,25.4426135,ok
"Veliuona, Taurage County, Jurbarko rajono savivaldybe, Lithuania",55.078067,23.2737737,ok
"Saleninkai, Kaunas County, Jonavos rajono savivaldybe, Lithuania",55.075458,24.3700908,ok
"Salcininkeliai, Vilnius County, Salcininku rajono savivaldybe, Lithuania",54.3832884,25.3801946,ok
"Naujieji Bernatoniai, Kaunas County, Kaunas District Municipality, Lithuania",54.9751362,23.7689716,ok
"eriskiai, Panevezys County, Panevezio rajono savivaldybe, Lithuania",55.5786898,24.2629815,ok
"Vieciunai, Alytus County, Druskininku savivaldybe, Lithuania",54.0606913,24.0514084,ok
"Rukla, Kaunas County, Jonavos rajono savivaldybe, Lithuania",55.0528657,24.3766394,ok
"Jonalaukis, Kaunas County, Jonavos rajono savivaldybe, Lithuania",55.0692447,24.3289697,ok
"Radviliskis, Siauliai County, Radviliskio rajono savivaldybe, Lithuania",55.8157428,23.5505784,ok
"Neringa, Klaipeda County, Neringos savivaldybe, Lithuania",55.3064493,20.9963702,ok
"Sniurai, Vilnius County, Vilniaus rajono savivaldybe, Lithuania",54.6826112,25.6886212,ok
"Baltrusaiciai, Taurage County, Taurages rajono savivaldybe, Lithuania",55.2234202,22.3744066,ok
"Verduliukai, Siauliai County, Siauliu rajono savivaldybe, Lithuania",55.8953998,23.2935404,ok
"Utena, Utena County, Utenos rajono savivaldybe, Lithuania",55.4984381,25.6025772,ok
"Lentvaris, Vilnius County, Traku rajono savivaldybe, Lithuania",54.6428696,25.0504034,ok
"Jasiunai, Vilnius County, Salcininku rajono savivaldybe, Lithuania",54.4375576,25.321186,ok
"Paliepiai, Kaunas County, Raseiniu rajono savivaldybe, Lithuania",55.3814922,22.9505657,ok
"Auksudys, Telsiai County, Mazeikiu rajono savivaldybe, Lithuania",56.3668814,22.4955586,ok
"Jure, Marijampole County, Kazlu Rudos savivaldybe, Lithuania",54.7706791,23.4877608,ok
"Senieji Trakai, Vilnius County, Traku rajono savivaldybe, Lithuania",54.6078717,24.9775441,ok
"Krekenava, Panevezys County, Panevezio rajono savivaldybe, Lithuania",55.5426099,24.0974534,ok
"Mikoliskis, Panevezys County, Pasvalio rajono savivaldybe, Lithuania",55.9042147,24.2362611,ok
"Seirijai, Alytus County, Lazdiju rajono savivaldybe, Lithuania",54.2335396,23.8130246,ok
"Palaukoja, Utena County, Ignalinos rajono savivaldybe, Lithuania",55.3158046,26.1227399,ok
"Kutiskiai, Siauliai County, Radviliskio rajono savivaldybe, Lithuania",55.8334608,23.4935114,ok
"Nemencine, Vilnius County, Vilniaus rajono savivaldybe, Lithuania",54.8476292,25.4689647,ok
"Ariogala, Kaunas County, Raseiniu rajono savivaldybe, Lithuania",55.2626507,23.4828053,ok
"Zagarine, Baltoji Voke, Vilnius County, Salcininku rajono savivaldybe, Lithuania",54.4485777,25.1123214,ok
"Paparciai, Kaunas County, Kaunas District Municipality, Lithuania",55.0181284,23.8590207,ok
"Stetiskiai, Panevezys County, Panevezio miesto savivaldybe, Lithuania",55.6963513,24.3609644,ok
"Karuzalaukis, Utena County, Moletu rajono savivaldybe, Lithuania",55.0868175,25.2427935,ok
"Karnave, Kaunas County, Kaunas District Municipality, Lithuania",54.9360556,23.6923581,ok
"Krakiai, Telsiai County, Mazeikiu rajono savivaldybe, Lithuania",56.2664033,22.418414,ok
"Prauliai, Kaunas County, Jonavos rajono savivaldybe, Lithuania",55.1120582,24.2915219,ok
"Martinava, Karmelava, Kaunas County, Kaunas District Municipality, Lithuania",54.9289784,24.0589412,ok
"Neveronys, Kaunas County, Kaunas District Municipality, Lithuania",54.929513,24.0990334,ok
"Vainotiskiai, Kaunas County, Kedainiu rajono savivaldybe, Lithuania",55.3987045,23.8423071,ok
"Stoniskiai, Klaipeda County, Šilutė District Municipality, Lithuania",55.1968011,21.7606598,ok
"Dainava, Vilnius County, Ukmerges rajono savivaldybe, Lithuania",55.2005837,24.6520661,ok
"Smalninkai, Marijampole County, Kalvarija Municipality, Lithuania",54.3974752,23.2174479,ok
"Suderve, Vilnius County, Vilniaus rajono savivaldybe, Lithuania",54.7797165,25.0870746,ok
"Reivyciai, Telsiai County, Mazeikiu rajono savivaldybe, Lithuania",56.3482068,22.3220392,ok
"Medziukai, Vilnius County, Sirvintu rajono savivaldybe, Lithuania",54.9078752,25.0769846,ok
"Ziegzdriai, Kaunas County, Kaunas District Municipality, Lithuania",54.8871614,24.0911059,ok
"Vidubale, Panevezys County, Pasvalio rajono savivaldybe, Lithuania",56.0876594,24.4960578,ok
"Uzvente, Telsiai County, Mazeikiu rajono savivaldybe, Lithuania",56.2229424,22.5172212,ok
"Lanciunava, Kaunas County, Kedainiu rajono savivaldybe, Lithuania",55.3469012,24.1487575,ok
"Kadagiskiai, Zemaiciu Naumiestis, Klaipeda County, Šilutė District Municipality, Lithuania",55.3656286,21.6888469,ok
"Linkaiciai, Siauliai County, Radviliskio rajono savivaldybe, Lithuania",55.7674094,23.5801743,ok
"Jovariskes, Vilnius County, Traku rajono savivaldybe, Lithuania",54.655038,24.8839702,ok
"Pamiske, Kaunas County, Prienai District Municipality, Lithuania",54.6190839,24.3021563,ok
"Lieporiai, Siauliai County, Siauliu rajono savivaldybe, Lithuania",55.8925379,23.2453457,ok
"Rietavas, Telsiai County, Rietavo savivaldybe, Lithuania",55.7229408,21.9270804,ok
"Kretinga, Klaipeda County, Kretinga District Municipality, Lithuania",55.8900579,21.2424112,ok
"Janusava, Kaunas County, Kedainiu rajono savivaldybe, Lithuania",55.2895736,23.9427447,ok
"Pasesuvys, Zalpiai, Kaunas County, Raseiniu rajono savivaldybe, Lithuania",55.4387601,22.8557378,ok
"Azuoline, Vilnius County, Elektrėnai Municipality, Lithuania",54.7859236,24.765478,ok
"Kluonaliai, Klaipeda County, Kretinga District Municipality, Lithuania",55.8724052,21.2694132,ok
"Grabupiai, Klaipeda County, Šilutė District Municipality, Lithuania",55.3690406,21.5093708,ok
"Rusne, Klaipeda County, Šilutė District Municipality, Lithuania",55.296635,21.3761052,ok
"Vilainiai, Kaunas County, Kedainiu rajono savivaldybe, Lithuania",55.3033072,24.0060172,ok
"Stasine, Kaunas County, Kedainiu rajono savivaldybe, Lithuania",55.3262517,24.1387035,ok
"Pasvalio Vienkiemiai, Panevezys County, Pasvalio rajono savivaldybe, Lithuania",56.0561415,24.3709011,ok
"Deltuva, Vilnius County, Ukmerges rajono savivaldybe, Lithuania",55.238519,24.6691524,ok
"Switzerland, Kaunas County, Jonavos rajono savivaldybe, Lithuania",46.9482615,7.4516154,ok
"Veiveriai, Kaunas County, Prienai District Municipality, Lithuania",54.7654416,23.7259097,ok
"Judrenai, Klaipeda County, Klaipėda District Municipality, Lithuania",55.5847423,21.804172,ok
"Upyna, Taurage County, Silales rajono savivaldybe, Lithuania",55.4481384,22.4434318,ok
"Boniskiai, Kaunas County, Kaunas District Municipality, Lithuania",55.0770483,24.0270568,ok
"Rimkai, Klaipeda County, Klaipėda District Municipality, Lithuania",55.6711583,21.2356923,ok
"Geistariskes, Alytus County, Alytus District Municipality, Lithuania",54.3335633,23.9464737,ok
"Gojus, Utena County, Moletu rajono savivaldybe, Lithuania",55.2137909,25.443652,ok
"Velykamiskis, Vilnius County, Svencioniu rajono savivaldybe, Lithuania",55.2361132,26.2570453,ok
"Ratisevina-Suscepan-Trebesin, Herceg Novi, Montenegro",42.4517622,18.5367516,ok
"Becici, Sveti Stefan, Budva Municipality, Montenegro",42.2838324,18.8725252,ok
"Herceg Novi, Montenegro",42.4517622,18.5367516,ok
"Podgorica, Podgorica Capital City, Montenegro",42.4415238,19.2621081,ok
"Budva, Bar, Bar Municipality, Montenegro",42.2885656,18.8419505,ok
"Dobrota, Kotor Municipality, Montenegro",42.4562399,18.7669566,ok
"Kotor, Kotor Municipality, Montenegro",42.4249205,18.7713332,ok
Montenegro,42.7755624,19.2022423,ok
"Risan, Kotor Municipality, Montenegro",42.5149792,18.6955649,ok
"Morinj, Kotor Municipality, Montenegro",42.4891698,18.6481042,ok
"Bar, Bar Municipality, Montenegro",42.0979745,19.0954528,ok
"Kolašin Municipality, Montenegro",42.7892562,19.4247231,ok
"Boreti, Budva Municipality, Montenegro",42.2830463,18.8633493,ok
"Kolasin, Kolašin Municipality, Montenegro",42.8238387,19.5218005,ok
"Tivat, Tivat Municipality, Montenegro",42.4303762,18.6988104,ok
"Rafailovici, Sveti Stefan, Budva Municipality, Montenegro",42.280661,18.8826887,ok
"Sustas, Bar Municipality, Montenegro",42.112597,19.1217771,ok
"Przno, Sveti Stefan, Budva Municipality, Montenegro",42.268107,18.8938065,ok
"Prcanj, Kotor Municipality, Montenegro",42.4532385,18.7488066,ok
"Budva Municipality, Montenegro",42.2592577,18.920578,ok
"Bar Municipality, Montenegro",42.1365429,19.1501318,ok
"Izlasci, Kolašin Municipality, Montenegro",42.816696,19.5697344,ok
"Kotor Municipality, Montenegro",42.448261,18.7871188,ok
"Kumbor, Herceg Novi, Montenegro",42.4403576,18.587667,ok
"Velje Duboko, Kolašin Municipality, Montenegro",42.7796198,19.2642329,ok
"Lustica, Herceg Novi, Montenegro",42.3972366,18.6377575,ok
"Kostanjica, Perast, Kotor Municipality, Montenegro",42.4859246,18.6671212,ok
"Zelenika, Zelenika-Kuti, Herceg Novi, Montenegro",42.4516792,18.5774346,ok
"Sveti Stefan, Budva Municipality, Montenegro",42.2556515,18.89695,ok
"Dobra Voda, Bar Municipality, Montenegro",42.0510559,19.1462648,ok
"Zupci, Bar Municipality, Montenegro",42.1287772,19.1198196,ok
"Brguli, Lustica, Herceg Novi, Montenegro",42.3920626,18.6162262,ok
"Susanj, Bar Municipality, Montenegro",42.1162811,19.0931387,ok
"Станишичи, Budva Municipality, Montenegro",42.299913,18.8757546,ok
"Radovici, Tivat Municipality, Montenegro",42.3964329,18.6713893,ok
"Stoliv, Perast, Kotor Municipality, Montenegro",42.4721998,18.7095608,ok
"Trojica, Prcanj, Kotor Municipality, Montenegro",42.4030674,18.7629875,ok
"Dobra Voda, Montenegro",42.0510559,19.1462648,ok
"Radovanici, Herceg Novi, Montenegro",42.39753,18.5994611,ok
"Zabljak, Žabljak Municipality, Montenegro",43.1550532,19.1208669,ok
"Drazin Vrt, Prcanj, Kotor Municipality, Montenegro",42.4839811,18.7312543,ok
"Zelenika-Kuti, Herceg Novi, Montenegro",42.4630795,18.5765845,ok
"Bigova, Kotor Municipality, Montenegro",42.3562677,18.7057448,ok
"Tivat Municipality, Montenegro",42.4202079,18.7196005,ok
"Krasici, Tivat Municipality, Montenegro",42.4117583,18.6416706,ok
"Burtaisi, Bar Municipality, Montenegro",42.0994779,19.1113492,ok
"Petrovac, Bar, Bar Municipality, Montenegro",42.2068358,18.9428248,ok
"Meljine, Herceg Novi, Montenegro",42.4538654,18.553294,ok
"Mojdez, Herceg Novi, Montenegro",42.4874273,18.488761,ok
"Pecurice, Bar Municipality, Montenegro",42.0302874,19.1723657,ok
"Bijela, Herceg Novi, Montenegro",42.4544318,18.6542346,ok
"Kuljace, Sveti Stefan, Budva Municipality, Montenegro",42.2778408,18.9048962,ok
"Becici, Montenegro",42.2838324,18.8725252,ok
"Ulcinj, Bar, Bar Municipality, Montenegro",42.1029927,19.1013698,ok
"Sutomore, Bar Municipality, Montenegro",42.1426733,19.0429902,ok
"Seoca, Budva Municipality, Montenegro",42.2869698,18.8150361,ok
"Suscepan, Ratisevina-Suscepan-Trebesin, Herceg Novi, Montenegro",42.4667205,18.5065796,ok
"Đenovići, Herceg Novi, Montenegro",42.4376417,18.6090956,ok
"Skaljari, Kotor, Kotor Municipality, Montenegro",42.4177352,18.7658634,ok
"Vranjestica, Kolašin Municipality, Montenegro",42.7868809,19.6259171,ok
"Kamenovo, Sveti Stefan, Budva Municipality, Montenegro",42.2732663,18.8897727,ok
"Kukulje, Ljesnica, Bijelo Polje Municipality, Montenegro",43.0853594,19.7377359,ok
"Brda, Tivat Municipality, Montenegro",42.4050628,18.7142476,ok
"Provodina, Herceg Novi, Montenegro",42.4400744,18.5076879,ok
"Donji Orahovac, Dobrota, Kotor Municipality, Montenegro",42.4915061,18.7591846,ok
"Perast, Kotor Municipality, Montenegro",42.4862681,18.6988592,ok
"Igalo, Herceg Novi, Montenegro",42.4600135,18.5183944,ok
"Kunje, Bar Municipality, Montenegro",42.0114125,19.1764367,ok
"Buljarica, Petrovac, Bar, Bar Municipality, Montenegro",42.1828017,18.9791557,ok
"Ovtocici, Bar Municipality, Montenegro",42.2574465,18.9889081,ok
"Strp, Risan, Kotor Municipality, Montenegro",42.5050625,18.6708115,ok
"Ratisevina, Ratisevina-Suscepan-Trebesin, Herceg Novi, Montenegro",42.4780599,18.5021008,ok
"Merdari, Lustica, Herceg Novi, Montenegro",42.3885972,18.6276425,ok
"Pobrde, Kotor Municipality, Montenegro",42.3505645,18.7460506,ok
"durmani, Bar Municipality, Montenegro",42.1636304,19.0207637,ok
"durici, Herceg Novi, Montenegro",42.4687248,18.6750048,ok
"Golubovci, Golubovci City Municipality, Podgorica Capital City, Montenegro",42.3568351,19.2442324,ok
"Muo, Prcanj, Kotor Municipality, Montenegro",42.4341399,18.7572664,ok
"Lapcici, Budva Municipality, Montenegro",42.3131873,18.8592711,ok
"Bogisici, Donja Lastva, Tivat Municipality, Montenegro",42.3979472,18.6806758,ok
"Radanovici, Kotor Municipality, Montenegro",42.3585879,18.7601169,ok
"Risan, Montenegro",42.5149792,18.6955649,ok
"Muo, Kotor Municipality, Montenegro",42.4305136,18.7576593,ok
"Lastva Grbaljska, Kotor Municipality, Montenegro",42.3094854,18.8041275,ok
"Rijeka-Rezevici, Sveti Stefan, Budva Municipality, Montenegro",42.2266651,18.9095004,ok
"Donja Lastva, Tivat Municipality, Montenegro",42.4501745,18.690931,ok
"Krimovice, Kotor Municipality, Montenegro",42.2834527,18.7680819,ok
"Rustovo, Sveti Stefan, Budva Municipality, Montenegro",42.2708038,18.9124648,ok
"Przno, Budva Municipality, Montenegro",42.268107,18.8938065,ok
"Eraci, Lustica, Herceg Novi, Montenegro",42.4026981,18.5979119,ok
"Ljuta, Dobrota, Kotor Municipality, Montenegro",42.48194,18.7646604,ok
"Marovici, Sveti Stefan, Budva Municipality, Montenegro",42.4666955,18.7645273,ok
"Kakaricka Gora, Podgorica Capital City, Montenegro",42.4339175,19.3062146,ok
"Blizikuce, Sveti Stefan, Budva Municipality, Montenegro",42.2436513,18.903067,ok
"durasevici, Tivat Municipality, Montenegro",42.3936099,18.6897762,ok
"Mrkovi, Lustica, Herceg Novi, Montenegro",42.4130347,18.5757783,ok
"Gradiosnica, Tivat, Tivat Municipality, Montenegro",42.4210902,18.7303396,ok
"Bojici, Kolašin Municipality, Montenegro",42.8695485,19.2888995,ok
"Zagora, Old Royal Capital Cetinje, Montenegro",42.4128135,19.0660192,ok
"Podi, Podi-Sasovici, Herceg Novi, Montenegro",42.4617758,18.5443798,ok
"Zagora, Kotor Municipality, Montenegro",42.302515,18.7496065,ok
"Gradiosnica, Donja Lastva, Tivat Municipality, Montenegro",42.4210902,18.7303396,ok
"Tici, Lustica, Herceg Novi, Montenegro",42.4072674,18.5841474,ok
"Polje, Bar Municipality, Montenegro",42.082534,19.109799,ok
"Lepetane, Donja Lastva, Tivat Municipality, Montenegro",42.4658174,18.6866829,ok
"Kovacko Polje, Kotor Municipality, Montenegro",42.3201985,18.7858104,ok
"Kavac, Prcanj, Kotor Municipality, Montenegro",42.4168195,18.7407021,ok
"Baošići, Herceg Novi, Montenegro",42.4425312,18.6266432,ok
"Bjelisi, Bar Municipality, Montenegro",42.0952483,19.1041585,ok
"Orahovac, Kotor Municipality, Montenegro",42.4915061,18.7591846,ok
"barskaya-r-ra, Montenegro",,,not_found
"Buljarica, Budva Municipality, Montenegro",42.1828017,18.9791557,ok
"Katun-Rezevici, Petrovac, Bar, Bar Municipality, Montenegro",42.2164468,18.922188,ok
"Danilovgrad Municipality, Montenegro",42.6120612,19.1007797,ok
"Sutorina, Herceg Novi, Montenegro",42.4741858,18.4728379,ok
"Bukovik, Bar Municipality, Montenegro",42.2311032,19.0275426,ok
"Velembusi, Bar Municipality, Montenegro",42.1002648,19.1300824,ok
"Uvac, Kolašin Municipality, Montenegro",42.7133438,19.5054335,ok
"Podi-Sasovici, Herceg Novi, Montenegro",42.4517622,18.5367516,ok
"Stari Bar, Bar Municipality, Montenegro",42.093943,19.1338353,ok
"SEOCE, Andrijevica, Andrijevica Municipality, Montenegro",42.7342431,19.8012538,ok
"Pobori, Budva Municipality, Montenegro",42.3244331,18.8302003,ok
"canj, Bar Municipality, Montenegro",42.1636138,18.9979865,ok
"Milocer, Sveti Stefan, Budva Municipality, Montenegro",42.2602611,18.8935054,ok
"Prijevor, Budva Municipality, Montenegro",42.2915972,18.8197798,ok
"celuga, Bar Municipality, Montenegro",42.0866544,19.1237899,ok
"Seoce, Berane Municipality, Montenegro",42.9095267,19.8387962,ok
"Kameno, Herceg Novi, Montenegro",42.4801354,18.5338092,ok
"Gornje Lipovo, Kolašin Municipality, Montenegro",42.8777446,19.4131477,ok
"Cetinje, Bar, Bar Municipality, Montenegro",42.389633,18.9246085,ok
"Topla, Herceg Novi, Montenegro",42.4592746,18.5268749,ok
"Kubasi, Kotor Municipality, Montenegro",42.3243574,18.7560041,ok
"Zambelici, Lustica, Herceg Novi, Montenegro",42.3942558,18.597303,ok
"Trebesin, Herceg Novi, Montenegro",42.4719332,18.5236462,ok
"Sutvara, Kotor Municipality, Montenegro",42.3773465,18.7645845,ok
"Ulcinj Municipality, Montenegro",41.9651721,19.3155174,ok
"Kruce, Bar, Bar Municipality, Montenegro",41.9862526,19.1540541,ok
"Stoliv, Kotor Municipality, Montenegro",42.4721998,18.7095608,ok
"Boljevici, Bar Municipality, Montenegro",42.2246369,19.0843874,ok
"Rijeka-Rezevici, Budva Municipality, Montenegro",42.2266651,18.9095004,ok
"Banje Selo, Ljesnica, Bijelo Polje Municipality, Montenegro",43.0538799,19.7193717,ok
"Dubraljevina, Kotor Municipality, Montenegro",42.2788814,18.7740643,ok
"Марковичи, Budva Municipality, Montenegro",42.3075766,18.8527737,ok
"Virak, Žabljak Municipality, Montenegro",43.1173534,19.1112996,ok
"Pasina voda, Žabljak Municipality, Montenegro",43.0980679,19.1133456,ok
"Strugari, Rijeka Crnojevica, Bar, Bar Municipality, Montenegro",42.3683245,18.977719,ok
"Zagrade, Bar Municipality, Montenegro",42.1446314,19.0246069,ok
"Zaljevo, Bar Municipality, Montenegro",42.0692591,19.12698,ok
"Nikšić, Nikšić Municipality, Montenegro",42.7739388,18.9488097,ok
"Mokro, Šavnik Municipality, Montenegro",42.9412112,19.0670301,ok
"Niksic, Nikšić Municipality, Montenegro",42.7739388,18.9488097,ok
"Klinci, Lustica, Herceg Novi, Montenegro",42.4214928,18.5672994,ok
"Kovacka Dolina, Žabljak Municipality, Montenegro",43.1651037,19.123506,ok
"Komarno, Bar Municipality, Montenegro",42.2878664,19.0613909,ok
"Pitomine, Žabljak Municipality, Montenegro",43.1611306,19.1056145,ok
"Savnik, Šavnik Municipality, Montenegro",42.957197,19.0946043,ok
"Limljani, Bar Municipality, Montenegro",42.1962644,19.0961627,ok
"Bratesici, Kotor Municipality, Montenegro",42.3458306,18.7893449,ok
"Gornji Stoj - Shtoji i Eperm, Bar, Bar Municipality, Montenegro",41.8796206,19.361959,ok
"Papani, Bar Municipality, Montenegro",42.1543735,19.0422643,ok
"Donji Stoj - Shtoji i Poshtem, Bar, Bar Municipality, Montenegro",41.9061772,19.3015984,ok
"Njegusi, Old Royal Capital Cetinje, Montenegro",42.4312967,18.8247712,ok
"Utjeha, Montenegro",42.0047683,19.1525328,ok
"Bioce, Podgorica Capital City, Montenegro",42.5277939,19.367311,ok
"Bijelo Polje, Golubovci, Golubovci City Municipality, Podgorica Capital City, Montenegro",43.0341595,19.7473559,ok
"Lepetane, Tivat, Tivat Municipality, Montenegro",42.4658174,18.6866829,ok
"Pistula, Bar, Bar Municipality, Montenegro",41.9435001,19.2668961,ok
"Sisici, Kotor Municipality, Montenegro",42.3603105,18.783583,ok
"Mitrovici, Lustica, Herceg Novi, Montenegro",42.4201469,18.6031731,ok
"Begovici, Lustica, Herceg Novi, Montenegro",42.3872937,18.6138013,ok
"Zankovici, Bar Municipality, Montenegro",42.1467183,19.0501382,ok
"Gorovici, Kotor Municipality, Montenegro",42.3349744,18.7931947,ok
"Novo Selo, Danilovgrad Municipality, Montenegro",42.4923888,19.1767047,ok
"Pelinovo, Kotor Municipality, Montenegro",42.3618913,18.7738848,ok
"Drljino Brdo, Pljevlja Municipality, Montenegro",43.2190258,19.355644,ok
"Kyrenia, Girne (Kyrenia) District, Northern Cyprus",35.3396291,33.3205287,ok
"Esentepe, Girne (Kyrenia) District, Northern Cyprus",35.3394007,33.5831724,ok
"İskele District, Northern Cyprus",35.456887,34.1092765,ok
"Tatlisu, Famagusta, Gazimağusa District, Northern Cyprus",35.3726129,33.7533656,ok
"Famagusta, Gazimağusa District, Northern Cyprus",35.1205261,33.9387919,ok
"Melounta, Famagusta, Northern Cyprus",35.3327387,33.6890575,ok
"Girne (Kyrenia) District, Northern Cyprus",35.3394563,33.3219822,ok
"Kalograia, Kyrenia, Girne (Kyrenia) District, Northern Cyprus",35.3383116,33.6302703,ok
Northern Cyprus,35.2245313,33.6252379,ok
"Trikomo, Famagusta, Gazimağusa District, Northern Cyprus",35.285677,33.8930603,ok
"Karavas, Kyrenia, Girne (Kyrenia) District, Northern Cyprus",35.3394085,33.1960746,ok
"Motides, Girne (Kyrenia) District, Northern Cyprus",35.3351157,33.2073533,ok
"Vathylakas, İskele District, Northern Cyprus",35.4837899,34.1876376,ok
"Larnakas tis Lapithiou, Girne (Kyrenia) District, Northern Cyprus",35.3107054,33.140665,ok
"Kazivera, Kyrenia, Girne (Kyrenia) District, Northern Cyprus",35.1724843,32.9164496,ok
"Gernagra, Famagusta, Northern Cyprus",35.2180124,33.6984999,ok
"Agirda, Kyrenia, Girne (Kyrenia) District, Northern Cyprus",35.2965684,33.2677231,ok
"Agios Epiktitos, Girne (Kyrenia) District, Northern Cyprus",35.3213447,33.3906576,ok
"Agios Epiktitos, Kyrenia, Girne (Kyrenia) District, Northern Cyprus",35.3213447,33.3906576,ok
"Trimithi, Girne (Kyrenia) District, Northern Cyprus",35.330743,33.2605742,ok
"Potamos tou Kampou, Lefke District, Northern Cyprus",35.1449071,32.8012981,ok
"Oetueken, Famagusta, Northern Cyprus",35.1205261,33.9387919,ok
"Lapithos, Girne (Kyrenia) District, Northern Cyprus",35.3387318,33.1722789,ok
"Prastio, Güzelyurt District, Northern Cyprus",35.1746826,32.9382963,ok
"Agios Georgios, Girne (Kyrenia) District, Northern Cyprus",35.3424212,33.2716623,ok
"Famagusta, Northern Cyprus",35.1205261,33.9387919,ok
"Vokolida, İskele District, Northern Cyprus",35.379518,34.0712539,ok
"Neta, Famagusta, Northern Cyprus",35.4697834,34.2140289,ok
"Turtle Bay Village, Kyrenia, Girne (Kyrenia) District, Northern Cyprus",35.3405358,33.5268644,ok
"Trikomo, Famagusta, Northern Cyprus",35.285677,33.8930603,ok
"Lefke District, Northern Cyprus",35.1363534,32.8514261,ok
"Arnadi, Famagusta, Northern Cyprus",35.2373465,33.8609648,ok
"Spathariko, Famagusta, Northern Cyprus",35.2346419,33.8723517,ok
"Kapouti, Kyrenia, Girne (Kyrenia) District, Northern Cyprus",35.2463559,33.0371325,ok
"Perivolia tou Trikomou, Trikomo, Famagusta, Northern Cyprus",35.2863782,33.9125832,ok
"Gonyeli, Lefkoşa District, Northern Cyprus",35.2193684,33.30204,ok
"Frenaros, Famagusta, Gazimağusa District, Northern Cyprus",35.2177571,33.7300291,ok
"Enkomi, Famagusta, Northern Cyprus",35.1656959,33.8702481,ok
"Leonarisso, Famagusta, Northern Cyprus",35.4685128,34.1382889,ok
"Bogaz, Famagusta, Northern Cyprus",35.2895141,33.2793908,ok
"Agios Sergios, Famagusta, Northern Cyprus",35.1961975,33.8780416,ok
"Rizokarpaso, İskele District, Northern Cyprus",35.5977395,34.3806708,ok
"Nicosia, Lefkoşa District, Northern Cyprus",35.2116524,33.3311878,ok
"Loutros, Nicosia, Famagusta, Northern Cyprus",35.1588297,32.763247,ok
"Ayia Napa, Famagusta, Gazimağusa District, Northern Cyprus",35.2177571,33.7300291,ok
"Agios Theodoros, İskele District, Northern Cyprus",35.3660363,34.0297851,ok
"Masovian Voivodeship, Warsaw, Poland",52.2138636,21.0037346,ok
"Smolice, Łódź Voivodeship, gmina Grabow, Łęczyca County, Poland",52.1029001,19.0542164,ok
"Zagorze, Masovian Voivodeship, Warsaw, Poland",52.3508391,20.8289591,ok
"gmina Piaseczno, Masovian Voivodeship, Chylice, powiat piaseczynski, Poland",52.0492569,20.9944008,ok
"Legionowo, Masovian Voivodeship, powiat legionowski, Poland",52.3952285,20.9308309,ok
"Piaseczno, Masovian Voivodeship, gmina Piaseczno, Piaseczno County, Poland",52.0747377,21.0270885,ok
"Zyrardow, Masovian Voivodeship, Żyrardów County, Poland",52.055532,20.4446435,ok
"Masovian Voivodeship, gmina Konstancin-Jeziorna, powiat piaseczynski, Poland",52.5461934,21.2073404,ok
"Masovian Voivodeship, Zyrardow, Żyrardów County, Poland",51.9875079,20.4599841,ok
"Pomeranian Voivodeship, Gdynia, Poland",54.5484543,18.4577087,ok
"gmina Piaseczno, Masovian Voivodeship, powiat piaseczynski, Poland",52.0492569,20.9944008,ok
"Piastow, Masovian Voivodeship, Pruszków County, Poland",52.1812559,20.8415937,ok
"gmina Lesznowola, Masovian Voivodeship, powiat piaseczynski, Poland",52.0710814,20.9128286,ok
"Janki, Masovian Voivodeship, gmina Raszyn, Pruszków County, Poland",52.1368827,20.899273,ok
"Marki, Masovian Voivodeship, Wołomin County, Poland",52.3254611,21.1054691,ok
"Greater Voivodeship, Poznan, Poland",52.387384,16.817705,ok
"Pomeranian Voivodeship, Gdansk, Poland",54.3820128,18.4831981,ok
"Masovian Voivodeship, Otvockiy povyat, Poland",52.5461934,21.2073404,ok
"Falenty, Masovian Voivodeship, gmina Raszyn, Pruszków County, Poland",52.1363889,20.9238889,ok
"Lublin Voivodeship, Lublin, Poland",51.181592,22.6009887,ok
"Jankowo Gdanskie, Pomeranian Voivodeship, Gdansk, Poland",54.2947478,18.5542751,ok
"Łódź Voivodeship, Lodz, Poland",51.8117825,19.3890611,ok
"Otwock, Masovian Voivodeship, Otwock County, Poland",52.1041197,21.2681092,ok
"Pruszkow, Masovian Voivodeship, Pruszków County, Poland",52.1626141,20.8080199,ok
"Kierszek, Masovian Voivodeship, gmina Konstancin-Jeziorna, Piaseczno County, Poland",52.0954498,21.078296,ok
"Lomianki, Masovian Voivodeship, gmina Lomianki, Warsaw West County, Poland",52.3355273,20.895012,ok
"Bielawa, Masovian Voivodeship, gmina Konstancin-Jeziorna, Piaseczno County, Poland",52.1091558,21.1319299,ok
"Lesser Voivodeship, Krakow, Poland",50.0699121,19.9714879,ok
"Nowy Dwor Mazowiecki, Masovian Voivodeship, Nowy Dwór Mazowiecki County, Poland",52.4341757,20.7061104,ok
"powiat gizycki, Warmian-Masurian Voivodeship, Loetzen, Poland",54.0180769,21.8533885,ok
"Reda, Pomeranian Voivodeship, Wejherowo County, Poland",54.6210145,18.3217089,ok
"Wieliszew, Masovian Voivodeship, gmina Wieliszew, Legionowo County, Poland",52.4497362,20.9694128,ok
"Masovian Voivodeship, Ostroleka, Poland",53.0992899,21.6023195,ok
"Nowa Wies, Masovian Voivodeship, gmina Michalowice, Pruszków County, Poland",52.1427588,20.7925683,ok
"Ozarow Mazowiecki, Masovian Voivodeship, gmina Ozarow Mazowiecki, Warsaw West County, Poland",52.2080548,20.7941606,ok
"Bialobrzegi, Masovian Voivodeship, gmina Nieporet, Legionowo County, Poland",52.447235,21.0574101,ok
"Zabki, Masovian Voivodeship, Wołomin County, Poland",52.2934961,21.1157408,ok
"Zielonka, Masovian Voivodeship, Wołomin County, Poland",52.310847,21.1523199,ok
"Wislinka, Pomeranian Voivodeship, gmina Pruszcz Gdanski, Gdańsk County, Poland",54.3306084,18.8006014,ok
"Czarnow, Masovian Voivodeship, gmina Konstancin-Jeziorna, Piaseczno County, Poland",52.0564502,21.0963552,ok
"Borowiec, Greater Voivodeship, gmina Kornik, Poznań County, Poland",52.2800264,17.0424488,ok
"powiat elcki, Warmian-Masurian Voivodeship, Poland",53.8165804,22.4318116,ok
"Wieliczka, Lesser Voivodeship, gmina Wieliczka, Wieliczka County, Poland",49.9823773,20.0602114,ok
"powiat nowodworski, Masovian Voivodeship, Lomna, Poland",52.4657396,20.6674781,ok
"Konstancin-Jeziorna, Masovian Voivodeship, gmina Konstancin-Jeziorna, powiat piaseczynski, Poland",52.0834787,21.1208073,ok
"Reguly, Masovian Voivodeship, gmina Michalowice, Pruszków County, Poland",52.1765336,20.8652372,ok
"gmina Lomianki, Masovian Voivodeship, Kielpin, Powiat Warszawski Zachodni, Poland",52.3463122,20.8706949,ok
"Masovian Voivodeship, gmina Ozarow Mazowiecki, Powiat Warszawski Zachodni, Poland",52.2065268,20.7661875,ok
"Skorka, Łódź Voivodeship, gmina Parzeczew, Zgierz County, Poland",51.9216873,19.1524063,ok
"Jharkhand, Deoghar, Poland",,,not_found
"Zelazkow, Greater Voivodeship, gmina Slupca, Słupca County, Poland",52.3027843,17.9722165,ok
"Sulejowek, Masovian Voivodeship, Warsaw, Poland",52.2433944,21.2777123,ok
"Wrzesnia, gmina Wodzislaw, Jędrzejów County, Poland",50.5745794,20.2733189,ok
"gmina Lomianki, Masovian Voivodeship, Powiat Warszawski Zachodni, Poland",52.3463122,20.8706949,ok
"Pomeranian Voivodeship, Sopot, Poland",54.431665,18.5638952,ok
"Radzyny, Greater Voivodeship, gmina Kazmierz, Szamotuły County, Poland",52.53872,16.58079,ok
"Suchy Las, Greater Voivodeship, gmina Suchy Las, Poznań County, Poland",52.4775865,16.8772192,ok
"Wielka Wies, Greater Voivodeship, gmina Buk, Poznań County, Poland",52.3620972,16.5314088,ok
"Centro, Estrela, West, Portugal",39.980205,-7.9055909,ok
"Alcoitao, Centro, Cascais, West, Portugal",38.7336344,-9.395881,ok
"Sao Bras de Alportel, Algarve, Faro, Portugal",37.1529622,-7.8879138,ok
"North, Porto, Tamega e Sousa, Portugal",41.4563078,-7.5387457,ok
"Centro, Belem, West, Portugal",39.980205,-7.9055909,ok
"Centro, Santa Maria Maior, West, Portugal",39.980205,-7.9055909,ok
"Carvoeiro, Algarve, Lagoa, Faro, Portugal",41.6509991,-8.6636379,ok
"Alentejo Region, Montemor-o-Novo, Alentejo Central, Portugal",38.0551003,-7.8605799,ok
"Montenegro, Algarve, Faro, Portugal",37.0302757,-7.9633071,ok
Portugal,39.6621648,-8.1353519,ok
"Almancil, Algarve, Loule, Faro, Portugal",37.0870572,-8.0298056,ok
"Quarteira, Algarve, Loule, Faro, Portugal",37.0712719,-8.1022591,ok
"Algarve, Loule, Faro, Portugal",37.2449218,-8.1959563,ok
"Centro, West, Portugal",-18.9962006,-57.6499748,ok
"Alentejo, Portugal",38.0551003,-7.8605799,ok
"Centro, Belmonte, Beira Interior Sul, Portugal",39.980205,-7.9055909,ok
"Algarve, Lagos, Faro, Portugal",37.1487062,-8.7033435,ok
"Centro, Cascais, West, Portugal",39.980205,-7.9055909,ok
"Centro, Beira Interior Norte, Portugal",39.980205,-7.9055909,ok
"Boliqueime, Algarve, Loule, Faro, Portugal",37.1337939,-8.1579243,ok
"Nadadouro, Centro, Caldas da Rainha, Pinhal Litoral, Portugal",39.419946,-9.1892716,ok
"Portela, Sacavem, Centro, West, Portugal",41.3008499,-8.5487717,ok
"Madeira, Santa Cruz, Portugal",32.6989623,-16.7730306,ok
"Quelfes, Algarve, Olhao, Faro, Portugal",37.057783,-7.8212531,ok
"Centro, Sintra, West, Portugal",39.980205,-7.9055909,ok
"North, Aldoar Foz do Douro e Nevogilde, Tamega e Sousa, Portugal",41.4563078,-7.5387457,ok
"Lisbon, Centro, Portugal",38.7101095,-9.3957767,ok
"Algarve, Conceicao e Estoi, Faro, Portugal",37.2449218,-8.1959563,ok
"Algarve, Albufeira, Faro, Portugal",37.1249791,-8.3154346,ok
"Alcabideche, Centro, Cascais, West, Portugal",38.7397519,-9.408232,ok
"Vila Nova de Cacela, Algarve, Faro, Portugal",37.1754658,-7.5333882,ok
"Madeira, Portugal",32.7517501,-16.9817487,ok
"Centro, Santa Maria Sao Pedro e Sobral da Lagoa, Pinhal Litoral, Portugal",39.980205,-7.9055909,ok
"Centro, Campo de Ourique, West, Portugal",39.980205,-7.9055909,ok
"Sao Bartolomeu, Castro Marim, Algarve, Faro, Portugal",38.8068457,-7.4586959,ok
"Querenca, Algarve, Loule, Faro, Portugal",37.1987834,-7.9871865,ok
"Algarve, Faro, Portugal",37.2449218,-8.1959563,ok
"Algarve, Portimao, Faro, Portugal",37.2303635,-8.6273516,ok
"Centro, Arroios, West, Portugal",39.980205,-7.9055909,ok
"Luz de Tavira, Algarve, Luz de Tavira e Santo Estevao, Faro, Portugal",37.0888944,-7.6999963,ok
"Centro, Sao Vicente, West, Portugal",39.980205,-7.9055909,ok
"Santa Barbara de Nexe, Algarve, Faro, Portugal",37.1038292,-7.9639131,ok
"Centro, Marvila, West, Portugal",39.980205,-7.9055909,ok
"Budens, Algarve, Faro, Portugal",37.0867092,-8.8303759,ok
"Mexilhoeira Grande, Algarve, Portimao, Faro, Portugal",37.1541597,-8.6096643,ok
"Centro, Misericordia, West, Portugal",39.980205,-7.9055909,ok
"Armacao de Pera, Algarve, Silves, Faro, Portugal",37.1042384,-8.3627308,ok
"Algarve, Silves, Faro, Portugal",37.1249791,-8.3154346,ok
"Algarve, Portugal",37.2449218,-8.1959563,ok
"Centro, Oeiras, West, Portugal",39.980205,-7.9055909,ok
"Rio de Mouro, Centro, Sintra, West, Portugal",38.7688221,-9.3331136,ok
"Castelo, Alentejo Region, Alentejo Litoral, Portugal",38.7132173,-9.1329196,ok
"Luz, Algarve, Lagos, Faro, Portugal",37.0873628,-8.7283673,ok
"Carcavelos, Centro, Cascais, West, Portugal",38.6921092,-9.3354702,ok
"Foz do Sousa, North, Foz do Sousa e Covelo, Tamega e Sousa, Portugal",41.0994524,-8.4999065,ok
"Azeitao, Alentejo Region, Alentejo Litoral, Portugal",38.5174405,-9.0086818,ok
"Algarve, Vila do Bispo e Raposeira, Faro, Portugal",37.1057882,-8.9098127,ok
"Canecas, Centro, Odivelas, West, Portugal",38.8159778,-9.2219504,ok
"Arco da Calheta, Madeira, Portugal",32.7144012,-17.1465335,ok
"Alentejo Region, Setúbal, Alentejo Litoral, Portugal",38.0551003,-7.8605799,ok
"Canico, Madeira, Santa Cruz, Portugal",32.65238,-16.8409696,ok
"Alentejo Region, Seixal Arrentela e Aldeia de Paio Pires, Alentejo Litoral, Portugal",38.0551003,-7.8605799,ok
"Bucelas, Centro, Loures, West, Portugal",38.9016248,-9.118728,ok
"Atalaia, Centro, Lourinha, West, Portugal",39.4804295,-8.4520738,ok
"Alportel, Sao Bras de Alportel, Algarve, Faro, Portugal",37.1760349,-7.9062043,ok
"Nuns Valley, Madeira, Portugal",32.720835,-16.9657129,ok
"Centro, Gloria e Vera Cruz, Baixo Vouga, Portugal",39.980205,-7.9055909,ok
"Alentejo Region, Grandola e Santa Margarida da Serra, Alentejo Litoral, Portugal",38.0551003,-7.8605799,ok
"Vau, Centro, Pinhal Litoral, Portugal",39.3657979,-9.2173555,ok
"Paderne, Algarve, Albufeira, Faro, Portugal",42.0888298,-8.2753654,ok
"Alegrete, Alentejo Region, Alto Alentejo, Portugal",39.2400225,-7.3223945,ok
"Coimbrao, Centro, Pinhal Litoral, Portugal",39.8974114,-8.88276,ok
"Ferreiras, Algarve, Albufeira, Faro, Portugal",37.1274139,-8.243115,ok
"Estoril, Centro, Cascais, West, Portugal",38.7095707,-9.3901368,ok
"Castro Marim, Algarve, Faro, Portugal",37.235959,-7.4699308,ok
"Guia, Algarve, Albufeira, Faro, Portugal",37.1270278,-8.2996371,ok
"Vale Formoso, Algarve, Loule, Faro, Portugal",37.0992505,-8.007623,ok
"Azinhal, Algarve, Faro, Portugal",37.28482,-7.4641924,ok
"North, Cedofeita Santo Ildefonso Se Miragaia Sao Nicolau e Vitoria, Tamega e Sousa, Portugal",41.4563078,-7.5387457,ok
"North, Marco de Canaveses, Tamega e Sousa, Portugal",41.4563078,-7.5387457,ok
"Pechao, Algarve, Olhao, Faro, Portugal",37.0575402,-7.8716292,ok
"Santa Joana, Centro, Baixo Vouga, Portugal",40.6325629,-8.6186883,ok
"Algoz, Algarve, Silves, Faro, Portugal",37.1679015,-8.3032273,ok
"Ilhavo, Centro, Baixo Vouga, Portugal",40.6001108,-8.6666667,ok
"Vaqueiros, Algarve, Alcoutim, Faro, Portugal",37.3842457,-7.7280788,ok
"Santa Catarina da Fonte do Bispo, Algarve, Faro, Portugal",37.1537192,-7.78929,ok
"Algarve, Olhao, Faro, Portugal",37.0837641,-7.7891551,ok
"Monchique, Algarve, Faro, Portugal",37.3179725,-8.5558655,ok
"Amoreira, Centro, Pinhal Litoral, Portugal",39.3443128,-9.2038448,ok
"Algarve, Lagoa, Faro, Portugal",37.1617389,-8.5035169,ok
"Madail, Centro, Oliveira de Azemeis Santiago de Riba-Ul Ul Macinhata da Seixa e Madail, Baixo Vouga, Portugal",40.8370544,-8.5007129,ok
"Alentejo Region, Ferreira do Alentejo e Canhestros, Baixo Alentejo, Portugal",38.0551003,-7.8605799,ok
"Estoi, Algarve, Olhao, Faro, Portugal",37.1016188,-7.8924201,ok
"Alentejo Region, Vendas Novas, Alentejo Central, Portugal",38.0551003,-7.8605799,ok
"Vieira de Leiria, Centro, Marinha Grande, Pinhal Litoral, Portugal",39.8695841,-8.9338519,ok
"Sagres, Algarve, Faro, Portugal",37.1779565,-8.5291709,ok
"Tendais, Centro, Cinfaes, Viseu Dao-Lafoes, Portugal",41.0142975,-8.0529355,ok
"North, Lordelo do Ouro e Massarelos, Tamega e Sousa, Portugal",41.4563078,-7.5387457,ok
"Algarve, Luz de Tavira e Santo Estevao, Faro, Portugal",37.2449218,-8.1959563,ok
"Aljezur, Algarve, Faro, Portugal",37.3151549,-8.8040533,ok
"Sao Marcos da Serra, Algarve, Silves, Faro, Portugal",37.360692,-8.3769927,ok
"Comporta, Alentejo Region, Alcacer do Sal, Alentejo Litoral, Portugal",38.3803765,-8.7859968,ok
"Vila Nova de Gaia, North, Tamega e Sousa, Portugal",41.1292264,-8.6057396,ok
"Bensafrim, Algarve, Lagos, Faro, Portugal",37.1558674,-8.7355615,ok
"Sao Domingos de Rana, Centro, Cascais, West, Portugal",38.7015666,-9.3417434,ok
"Pera, Algarve, Silves, Faro, Portugal",37.1205458,-8.3412517,ok
"Olhalvo, Centro, West, Portugal",39.0983254,-9.0649504,ok
"Centro, Amadora, West, Portugal",39.980205,-7.9055909,ok
"Centro, Lourinha, West, Portugal",39.980205,-7.9055909,ok
"Sao Bartolomeu de Messines, Algarve, Silves, Faro, Portugal",37.2560769,-8.2869009,ok
"Benafim, Algarve, Loule, Faro, Portugal",37.2332285,-8.1229359,ok
"Tavira, Algarve, Faro, Portugal",37.1262493,-7.6499121,ok
"Calheta, Madeira, Portugal",32.7219412,-17.1782577,ok
"Ribeira Brava, Madeira, Portugal",32.6700921,-17.0650395,ok
"Porto de Mos, Centro, Pinhal Litoral, Portugal",39.6023941,-8.8185271,ok
"Trofa, North, Tamega e Sousa, Portugal",41.3363471,-8.5585061,ok
"Gafanha da Nazare, Centro, Baixo Vouga, Portugal",40.6376106,-8.7136614,ok
"Centro, Lumiar, West, Portugal",39.980205,-7.9055909,ok
"Gondomar, North, Tamega e Sousa, Portugal",41.1398199,-8.5326269,ok
"Lisbon, Alvalade, Portugal",38.750976,-9.1521822,ok
"Obidos, Centro, Pinhal Litoral, Portugal",39.3619514,-9.157153,ok
"North, Mafamude e Vilar do Paraiso, Tamega e Sousa, Portugal",41.4563078,-7.5387457,ok
"North, Amarante, Tamega e Sousa, Portugal",41.4563078,-7.5387457,ok
"Porto Salvo, Centro, Oeiras, West, Portugal",38.7293968,-9.3036149,ok
"Lousa, Centro, Loures, West, Portugal",38.8898108,-9.2059575,ok
"Barcarena, Centro, Oeiras, West, Portugal",38.7315692,-9.2780907,ok
"North, Tamega e Sousa, Portugal",41.4563078,-7.5387457,ok
"Lisbon, Arroios, Portugal",38.7309417,-9.145414,ok
"Lisbon, Estrela, Portugal",38.7104506,-9.1555526,ok
"Lisbon, Santo Antonio, Portugal",38.7159999,-9.1521994,ok
"Centro, Avenidas Novas, West, Portugal",39.980205,-7.9055909,ok
"Lisbon, Parque das Nacoes, Portugal",38.767781,-9.1012881,ok
"Lisbon, Alcantara, Portugal",38.7018953,-9.1765978,ok
"Alges, Centro, Oeiras, West, Portugal",38.6983145,-9.2294794,ok
"Centro, Lisbon, West, Portugal",39.980205,-7.9055909,ok
"Lisbon, Campolide, Portugal",38.7330911,-9.1607543,ok
"Centro, Alcantara, West, Portugal",39.980205,-7.9055909,ok
"Lisbon, Santa Maria Maior, Portugal",38.7087752,-9.1382147,ok
"Lisbon, Campo de Ourique, Portugal",38.7161584,-9.1574458,ok
"Lisbon, Portugal",38.7077507,-9.1365919,ok
"Alcochete, Alentejo Region, Alentejo Litoral, Portugal",38.7560499,-8.9608437,ok
"Centro, Alvalade, West, Portugal",39.980205,-7.9055909,ok
"Centro, Beato, West, Portugal",39.980205,-7.9055909,ok
"Sacavem, Centro, West, Portugal",38.7949698,-9.0997993,ok
"Lisbon, Avenidas Novas, Portugal",38.7486143,-9.1540202,ok
"North, Matosinhos e Leca da Palmeira, Tamega e Sousa, Portugal",41.4563078,-7.5387457,ok
"Alverca do Ribatejo, Centro, Vila Franca de Xira, West, Portugal",38.8935253,-9.0396136,ok
"Lisbon, Sao Vicente, Portugal",38.7141059,-9.1229129,ok
"Setúbal, Montijo, Portugal",38.6820863,-8.9391751,ok
"Lisbon, Ajuda, Portugal",38.702984,-9.2007032,ok
"Conceicao, Algarve, Conceicao e Cabanas de Tavira, Faro, Portugal",40.2869581,-7.5007239,ok
"Galiza, Centro, Cascais, West, Portugal",38.7059963,-9.3836266,ok
"Francelos, Vila Nova de Gaia, North, Tamega e Sousa, Portugal",41.0815699,-8.6474577,ok
"Centro, Areeiro, West, Portugal",39.980205,-7.9055909,ok
"Carnaxide, Centro, Oeiras, West, Portugal",38.7255312,-9.2463156,ok
"Alentejo Region, Evora, Alentejo Central, Portugal",38.0551003,-7.8605799,ok
"Alentejo Region, Barreiro, Alentejo Litoral, Portugal",38.0551003,-7.8605799,ok
"Moncarapacho, Algarve, Olhao, Faro, Portugal",37.0842089,-7.7882465,ok
"Lisbon, Seixal, Portugal",38.613707,-9.1238754,ok
"Arcozelo, North, Tamega e Sousa, Portugal",41.5423601,-8.6127013,ok
"North, Oliveira do Douro, Tamega e Sousa, Portugal",41.4563078,-7.5387457,ok
"Carvalhal, Alentejo Region, Alentejo Litoral, Portugal",41.5104,-8.6350483,ok
"Palmela, Alentejo Region, Alentejo Litoral, Portugal",38.569601,-8.9011653,ok
"Cabanas de Tavira, Algarve, Conceicao e Cabanas de Tavira, Faro, Portugal",37.1354946,-7.5997004,ok
"Cidade da Maia, North, Maia, Tamega e Sousa, Portugal",41.2329846,-8.6222375,ok
"Alcantarilha, Algarve, Silves, Faro, Portugal",37.1698942,-8.3486637,ok
"Lisbon, Misericordia, Portugal",38.7159999,-9.1521994,ok
"Ericeira, Centro, West, Portugal",38.9632411,-9.4170802,ok
"Alentejo Region, Alcacer do Sal, Alentejo Litoral, Portugal",38.0551003,-7.8605799,ok
"Cruz Quebrada, Centro, Oeiras, West, Portugal",38.6997693,-9.2513201,ok
"Estoril, Lisbon, Centro, Portugal",38.7037049,-9.3982267,ok
"Perafita, North, Perafita Lavra e Santa Cruz do Bispo, Tamega e Sousa, Portugal",41.2238494,-8.6968605,ok
"Northwestern Federal District, Saint Petersburg, Centralnyy rayon, Russia",66.4150198,46.4575814,ok
"Central Federal District, poselenie Sosenskoe, Novomoskovsky Administrative Okrug, Russia",54.5907928,36.9092933,ok
"Northwestern Federal District, Pushkin, Pushkinskiy rayon, Russia",66.4150198,46.4575814,ok
"Veshki, Central Federal District, Mytishchi Urban Okrug, Russia",57.754959,28.986767,ok
"Central Federal District, Moscow, Central Administrative Okrug, Russia",54.5907928,36.9092933,ok
"Central Federal District, Leninsky District, Russia",46.3817945,48.0513314,ok
"Kommunarka, Central Federal District, poselenie Sosenskoe, Novomoskovsky Administrative Okrug, Russia",58.1852891,33.92418,ok
"South Federal District, Sochi, Resort Town of Sochi (municipal formation), Russia",55.8505998,37.4674422,ok
"Novodrozhzhino, Central Federal District, Leninsky District, Russia",55.5335007,37.5858248,ok
"Central Federal District, Lyubertsy, Lyuberetsky District, Russia",54.5907928,36.9092933,ok
"Borodino, Central Federal District, Mytishchi Urban Okrug, Russia",55.9540434,37.6467967,ok
"Central Federal District, South-Western Administrative Okrug, Russia",54.5907928,36.9092933,ok
"Central Federal District, Balashikha, Balashikhinsky District, Russia",54.5907928,36.9092933,ok
"Central Federal District, Novopodrezkovo, Russia",54.5907928,36.9092933,ok
"Northwestern Federal District, Kaliningrad, Russia",54.7065303,20.4936743,ok
"Central Federal District, Odintsovo, Odincovskiy gorodskoy okrug, Russia",54.5907928,36.9092933,ok
"Zelenogradsk, Northwestern Federal District, Zelenogradsky District, Russia",54.9600365,20.4750188,ok
"Central Federal District, North-Western Administrative Okrug, Russia",54.5907928,36.9092933,ok
"Volga Federal District, Nizhny Novgorod, Russia",56.3441451,43.8377229,ok
"Krasnoye Selo, Northwestern Federal District, Krasnoselskiy rayon, Russia",59.7337668,30.0862455,ok
"Central Federal District, Domodedovsky District, Russia",54.5907928,36.9092933,ok
"Northwestern Federal District, Vsevolozhsk, Vsevolozhsky District, Russia",59.9994723,30.7367994,ok
"Motyakovo, Central Federal District, Lyuberetsky District, Russia",55.7015482,38.0110401,ok
"Central Federal District, Russia",54.5907928,36.9092933,ok
"Sakhalin Oblast, Yuzhno-Kurilsk, Russia",49.7219665,143.448533,ok
"Central Federal District, Khimki, Khimki Urban Okrug, Russia",55.8918107,37.352031,ok
"South Federal District, Krasnodar, Krasnodar Municipality, Russia",45.0631387,38.9898703,ok
"Northwestern Federal District, Pushkinskiy rayon, Russia",66.4150198,46.4575814,ok
"Svetlogorsk, Northwestern Federal District, Svetlogorskiy gorodskoy okrug, Russia",54.9417552,20.1550863,ok
"Krasnodar Krai, Sochi, Russia",43.4255184,39.9238417,ok
"Central Federal District, Nekrasovka District, South-Eastern Administrative Okrug, Russia",54.5907928,36.9092933,ok
"Central Federal District, Konkovo District, South-Western Administrative Okrug, Russia",54.5907928,36.9092933,ok
"Central Federal District, North-Eastern Administrative Okrug, Russia",54.5907928,36.9092933,ok
"Central Federal District, Central Administrative Okrug, Russia",54.5907928,36.9092933,ok
"Bolshakovo, Northwestern Federal District, Slavsky District, Russia",54.877428,21.6528957,ok
"Central Federal District, Northern Administrative Okrug, Russia",54.5907928,36.9092933,ok
"Central Federal District, poselenie Voskresenskoe, Novomoskovsky Administrative Okrug, Russia",54.5907928,36.9092933,ok
"Northwestern Federal District, okrug Volkovskoe, Frunzenskiy rayon, Russia",66.4150198,46.4575814,ok
"Central Federal District, Obninsk, Russia",54.5907928,36.9092933,ok
"Estosadok, South Federal District, Resort Town of Sochi (municipal formation), Russia",43.6856443,40.2603962,ok
"Krasnaya Polyana, South Federal District, Resort Town of Sochi (municipal formation), Russia",43.6779574,40.2069574,ok
"Central Federal District, Mytishchi, Mytishchi Urban Okrug, Russia",56.0458893,37.5470106,ok
"Central Federal District, Voronezh, Russia",51.3664292,42.0759276,ok
"Shushary, Northwestern Federal District, Pushkinskiy rayon, Russia",59.8200697,30.4328244,ok
"Afonino, Volga Federal District, Afoninskiy selsovet, Kstovsky District, Russia",54.0368327,86.6757843,ok
"dachnogo hozyaystva Arhangelskoe, Central Federal District, Krasnogorsky District, Russia",55.8247545,37.2504771,ok
"Northwestern Federal District, okrug Chernaya rechka, Primorskiy rayon, Russia",66.4150198,46.4575814,ok
"Svetlyye Gory, Central Federal District, Krasnogorsky District, Russia",55.8968914,37.3002039,ok
"Murino, Northwestern Federal District, Murinskoe gorodskoe poselenie, Vsevolozhsky District, Russia",60.046193,30.4458901,ok
"Yantarnyy, Northwestern Federal District, Yantarny, Russia",54.866261,19.939123,ok
"Vysokoye, South Federal District, Resort Town of Sochi (municipal formation), Russia",56.648201,28.670601,ok
"Bor, Volga Federal District, gorodskoy okrug Bor, Russia",56.3598289,44.0542641,ok
"Central Federal District, Lobnya, Russia",56.0144336,37.4797125,ok
"Vidnoye, Central Federal District, Leninsky District, Russia",55.5571496,37.7087142,ok
"poselok imeni Sverdlova, Northwestern Federal District, Sverdlovskoe gorodskoe poselenie, Vsevolozhsky District, Russia",59.7963994,30.6558175,ok
"Baranovka, South Federal District, Sochi, Resort Town of Sochi (municipal formation), Russia",54.7920558,36.1694651,ok
"Gatchina, Northwestern Federal District, Gatchinskoe gorodskoe poselenie, Gatchinsky District, Russia",59.5680407,30.1252083,ok
"Central Federal District, Korolyov, Russia",55.9068202,37.7993769,ok
"Razdolnoye, South Federal District, Resort Town of Sochi (municipal formation), Russia",54.5428255,20.1318726,ok
"Central Federal District, Yamenskoe selskoe poselenie, Ramonsky District, Russia",54.5907928,36.9092933,ok
"Volosovo, Northwestern Federal District, Volosovsky District, Russia",59.4453384,29.4838591,ok
"Gostilitsy, Northwestern Federal District, Gostilickoe selskoe poselenie, Kaarosta District, Russia",59.746506,29.624781,ok
"Northwestern Federal District, Villozskoe gorodskoe poselenie, Kaarosta District, Russia",59.779514,30.171741,ok
"Central Federal District, voronezh, Russia",51.3664292,42.0759276,ok
"Lagolovo, Northwestern Federal District, Lagolovskoe selskoe poselenie, Kaarosta District, Russia",59.706669,30.018473,ok
"Ankudinovka, Volga Federal District, Afoninskiy selsovet, Kstovsky District, Russia",56.2476778,44.0405363,ok
"Rostov, Rostov-on-Don, Russia",47.2222596,39.7198736,ok
"Guryevsk, Northwestern Federal District, Guryevsky District, Russia",54.7745571,20.6037041,ok
"Staraya, Northwestern Federal District, Koltushskoe selskoe poselenie, Vsevolozhsky District, Russia",55.1509348,36.0717422,ok
"Gorbatovka, Volga Federal District, Dzerzhinsk, Russia",56.259953,43.744087,ok
"Northwestern Federal District, Verevskoe selskoe poselenie, Gatchinsky District, Russia",66.4150198,46.4575814,ok
"Pargolovo, Northwestern Federal District, Vyborgsky District, Russia",60.081186,30.2585958,ok
"Volga Federal District, Arzamas, Russia",55.3889555,43.8167843,ok
"Minulovo, Northwestern Federal District, Scheglovskoe selskoe poselenie, Vsevolozhsky District, Russia",60.0391565,30.7428723,ok
"Yelizavetino, Northwestern Federal District, Elizavetinskoe selskoe poselenie, Gatchinsky District, Russia",59.491734,29.791506,ok
"Vasilkovo, Northwestern Federal District, Guryevsky District, Russia",54.7472234,20.6104869,ok
"Kolppana, Northwestern Federal District, Bolshekolpanskoe selskoe poselenie, Gatchinsky District, Russia",59.525421,30.066984,ok
"Gorodets, Volga Federal District, Gorodetsky District, Russia",56.647141,43.476002,ok
"Novyy Svet, Northwestern Federal District, Novosvetskoe selskoe poselenie, Gatchinsky District, Russia",57.0678755,30.0873156,ok
"Bolshiye Polya, Slantsy, Northwestern Federal District, Slancevskoe gorodskoe poselenie, Slantsevsky District, Russia",59.1372776,28.0690434,ok
"Berezovka, Volga Federal District, Dudenevskiy selsovet, Bogorodsky District, Russia",57.303715,28.670429,ok
"Zimiticy, Northwestern Federal District, Begunickoe selskoe poselenie, Volosovsky District, Russia",59.5500969,29.113128,ok
"Pravdinsk, Northwestern Federal District, Pravdinsky District, Russia",54.4462998,21.0183439,ok
"Volga Federal District, Roykinskiy selsovet, Kstovsky District, Russia",55.7359267,50.7749636,ok
"Bolshaya Vruda, Northwestern Federal District, Bolshevrudskoe selskoe poselenie, Volosovsky District, Russia",59.4056107,29.2410866,ok
"Pudost, Northwestern Federal District, Pudostskoe selskoe poselenie, Gatchinsky District, Russia",59.6219648,30.0345572,ok
"Redkino, Volga Federal District, gorodskoy okrug Bor, Russia",56.645784,36.2909911,ok
"Volga Federal District, Kumohinskiy selsovet, Gorodetsky District, Russia",55.7359267,50.7749636,ok
"Serkovo, Volga Federal District, Kumohinskiy selsovet, Gorodetsky District, Russia",56.1977431,41.6367482,ok
"Suyda, Northwestern Federal District, Kobrinskoe selskoe poselenie, Gatchinsky District, Russia",59.4762272,30.105785,ok
"Mamonovo, Northwestern Federal District, Mamonovskiy gorodskoy okrug, Russia",54.4636264,19.9414303,ok
"Menkovo, Northwestern Federal District, Kobrinskoe selskoe poselenie, Gatchinsky District, Russia",59.4241833,30.0317503,ok
"Shatki, Volga Federal District, Shatkovsky District, Russia",55.2007595,44.2310882,ok
"Zinyaki, Volga Federal District, Zinyakovskiy selsovet, Gorodetsky District, Russia",56.711541,43.5527421,ok
"Novinki, Volga Federal District, Nizhny Novgorod, Russia",56.2060923,43.8994491,ok
"Krasnodar Krai, Russia",45.7682027,39.0258102,ok
"Polessk, Northwestern Federal District, Polessky District, Russia",54.8627556,21.1098591,ok
"Taytsy, Northwestern Federal District, Taickoe gorodskoe poselenie, Gatchinsky District, Russia",59.6650721,30.1176107,ok
"Volga Federal District, gorodskoy okrug Bor, Russia",55.7359267,50.7749636,ok
"Mar’ino, Central Federal District, poselenie Filimonkovskoe, Novomoskovsky Administrative Okrug, Russia",55.6500158,37.7431467,ok
"Volga Federal District, Brilyakovskiy selsovet, Gorodetsky District, Russia",55.7359267,50.7749636,ok
"Central Federal District, Dolgoprudny, Russia",55.9330248,37.5133959,ok
"Prosek, Volga Federal District, Krasnooselskiy selsovet, Lyskovsky District, Russia",55.801939,37.6856687,ok
"Zavolzhe, Volga Federal District, Gorodetsky District, Russia",56.639992,43.399353,ok
"Zubtsov, Central Federal District, Zubtsovsky District, Russia",56.170071,34.585182,ok
"Prudy, Volga Federal District, Prudovskiy selsovet, Krasnobakovsky District, Russia",54.7700014,20.8111843,ok
"Krayevsko-Armyanskoye, South Federal District, Resort Town of Sochi (municipal formation), Russia",43.6076863,39.8104258,ok
"Shcherbinka, Central Federal District, Novomoskovsky Administrative Okrug, Russia",55.5101252,37.5621844,ok
"Central Federal District, poselenie Ryazanovskoe, Novomoskovsky Administrative Okrug, Russia",54.5907928,36.9092933,ok
"Dubki, Central Federal District, Odincovskiy gorodskoy okrug, Russia",57.931179,28.463369,ok
"Moskovskiy, Central Federal District, Novomoskovsky Administrative Okrug, Russia",55.6026007,37.3479176,ok
"Central Federal District, poselenie Vnukovskoe, Novomoskovsky Administrative Okrug, Russia",54.5907928,36.9092933,ok
"Razvilka, Central Federal District, Leninsky District, Russia",55.590278,37.750278,ok
"Nekrasovskiy, Central Federal District, Dmitrovsky District, Russia",56.0952846,37.4993722,ok
"Tomilino, Central Federal District, Lyuberetsky District, Russia",55.6534472,37.9364965,ok
"Central Federal District, Ramensky District, Russia",54.5907928,36.9092933,ok
"Central Federal District, Pushkino, Pushkinsky District, Russia",54.5907928,36.9092933,ok
"Volga Federal District, Russia",55.7359267,50.7749636,ok
"Central Federal District, Vyaznovatovskoe selskoe poselenie, Nizhnedevitsky District, Russia",54.5907928,36.9092933,ok
"Zelenyy Gorod, Volga Federal District, Nizhny Novgorod, Russia",48.7803934,44.686206,ok
"Volga Federal District, Fedurinskiy selsovet, Gorodetsky District, Russia",55.7359267,50.7749636,ok
"Semyonov, Volga Federal District, Semenovskiy gorodskoy okrug, Russia",56.788342,44.49155,ok
"Voskresenskoye, Volga Federal District, Voskresensky District, Russia",56.8383333,45.4330556,ok
"Belogorka, Northwestern Federal District, Siverskoe gorodskoe poselenie, Gatchinsky District, Russia",59.348839,30.131502,ok
"Smolki, Volga Federal District, Smolkovskiy selsovet, Gorodetsky District, Russia",56.6402785,43.6482766,ok
"Purshevo, Central Federal District, Balashikhinsky District, Russia",56.769699,28.677,ok
"Nikolskoe, Northwestern Federal District, Bolshekolpanskoe selskoe poselenie, Gatchinsky District, Russia",55.2043651,35.6741904,ok
"Northwestern Federal District, Svetlovskiy gorodskoy okrug, Russia",66.4150198,46.4575814,ok
"Lavriki, Northwestern Federal District, Murinskoe gorodskoe poselenie, Vsevolozhsky District, Russia",60.075684,30.447517,ok
"Yanino-1, Northwestern Federal District, Zanevskoe gorodskoe poselenie, Vsevolozhsky District, Russia",59.947418,30.561453,ok
"Istrovka, Northwestern Federal District, Gvardeysky District, Russia",54.6453443,21.1444303,ok
"Kudrovo, Northwestern Federal District, Zanevskoe gorodskoe poselenie, Vsevolozhsky District, Russia",59.9083906,30.5126078,ok
"Voyskovicy, Northwestern Federal District, Voyskovickoe selskoe poselenie, Gatchinsky District, Russia",59.3486998,30.1471588,ok
"Zhdanovskiy, Volga Federal District, Bolsheelninskiy selsovet, Kstovsky District, Russia",52.6068545,59.1915545,ok
"Northwestern Federal District, Zanevskoe gorodskoe poselenie, Vsevolozhsky District, Russia",66.4150198,46.4575814,ok
"Selco, Northwestern Federal District, Lyubanskoe gorodskoe poselenie, Tusina District, Russia",53.3709842,34.1065866,ok
"Central Federal District, City district Stupino, Russia",55.0551893,37.9869022,ok
"Central Federal District, poselenie Marushkinskoe, Novomoskovsky Administrative Okrug, Russia",54.5907928,36.9092933,ok
"Sumino, Northwestern Federal District, Klopickoe selskoe poselenie, Volosovsky District, Russia",59.4727695,29.4776913,ok
"Central Federal District, Otradnenskoe selskoe poselenie, Novousmansky District, Russia",54.5907928,36.9092933,ok
"Pionersky, Northwestern Federal District, Pionerskiy gorodskoy okrug, Russia",54.948227,20.22591,ok
"Bogorodsk, Volga Federal District, Bogorodsky District, Russia",56.103416,43.516819,ok
"Volga Federal District, Blizhneborisovskiy selsovet, Kstovsky District, Russia",55.7359267,50.7749636,ok
"Ryabovo, Northwestern Federal District, Ryabovskoe gorodskoe poselenie, Tusina District, Russia",57.6877854,28.5135591,ok
"sovkhoza imeni Lenina, Central Federal District, Leninsky District, Russia",55.5869011,37.7310227,ok
"Kstovo, Volga Federal District, Kstovsky District, Russia",56.1484401,44.1830143,ok
"Baltiysk, Northwestern Federal District, Baltiyskiy gorodskoy okrug, Russia",54.6437214,19.8941584,ok
"Pavlovsk, Northwestern Federal District, Pushkinskiy rayon, Russia",50.4520214,40.1399663,ok
"Tervolovo, Northwestern Federal District, Pudostskoe selskoe poselenie, Gatchinsky District, Russia",59.6547227,29.8757212,ok
"Vesyoloye, South Federal District, Sochi, Resort Town of Sochi (municipal formation), Russia",43.41166,40.0040868,ok
"Lyskovo, Volga Federal District, gorodskoe poselenie Lyskovo, Lyskovsky District, Russia",56.027885,45.038315,ok
"Central Federal District, gorodskoy okrug Istra, Russia",54.5907928,36.9092933,ok
"Maloye Isakovo, Northwestern Federal District, Guryevsky District, Russia",54.7357328,20.5812018,ok
"Malakhovka, Central Federal District, Lyuberetsky District, Russia",55.6452616,38.0042385,ok
"Mulino, Volga Federal District, Mulinskiy selsovet, Russia",56.314163,42.951706,ok
"Peterhof, Northwestern Federal District, Petrodvorcovyy rayon, Russia",59.881847,29.912041,ok
"Central Federal District, Oryol, Russia",52.6,36.8,ok
"Alabushevo, Central Federal District, Solnechnogorsky District, Russia",56.0085674,37.1282249,ok
"Putilkovo, Central Federal District, Krasnogorsky District, Russia",55.8625,37.390278,ok
"Pushkino, Central Federal District, poselenie Filimonkovskoe, Novomoskovsky Administrative Okrug, Russia",56.0104274,37.8461892,ok
"Zhilino-1, Central Federal District, Lyuberetsky District, Russia",55.6343574,37.9455369,ok
"Verkhniy Yurt, South Federal District, Resort Town of Sochi (municipal formation), Russia",43.6305373,39.7767818,ok
"Zaporozhskoe, Northwestern Federal District, Zaporozhskoe selskoe poselenie, Käkisalmi District, Russia",60.8005516,30.3336092,ok
"Volga Federal District, Dzerzhinsk, Russia",56.2619719,43.6718102,ok
"Nakhabino, Central Federal District, Krasnogorsky District, Russia",55.8394789,37.1770987,ok
"Central Federal District, poselenie Desenovskoe, Novomoskovsky Administrative Okrug, Russia",54.5907928,36.9092933,ok
"Podnove, Volga Federal District, Nizhny Novgorod, Russia",56.2961281,44.0987906,ok
"Central Federal District, Kolomna, gorodskoy okrug Kolomna, Russia",54.5907928,36.9092933,ok
"Begunitsy, Northwestern Federal District, Begunickoe selskoe poselenie, Volosovsky District, Russia",59.5847161,29.3049085,ok
"Oryol-Izumrud, South Federal District, Resort Town of Sochi (municipal formation), Russia",43.4681093,39.9289033,ok
"Detlyazhka, South Federal District, Resort Town of Sochi (municipal formation), Russia",43.7630102,39.5371148,ok
"Central Federal District, poselenie Filimonkovskoe, Novomoskovsky Administrative Okrug, Russia",54.5907928,36.9092933,ok
"Russko-Vysotskoe, Northwestern Federal District, Russko-Vysockoe selskoe poselenie, Kaarosta District, Russia",59.701385,29.947323,ok
"Vladimir Oblast, Kirzhach, Russia",56.0503336,40.6561633,ok
"Northwestern Federal District, Pionerskiy gorodskoy okrug, Russia",66.4150198,46.4575814,ok
"Sanino, Central Federal District, Kokoshkino settlement, Novomoskovsky Administrative Okrug, Russia",56.37067,40.689178,ok
"Novopokrovskoe, Volga Federal District, Nizhny Novgorod, Russia",56.2712927,44.0540289,ok
"Krivskoe, Central Federal District, Borovsky District, Russia",52.2395681,83.7260425,ok
"Verkhnevesyoloye, South Federal District, Resort Town of Sochi (municipal formation), Russia",43.4256612,39.9798972,ok
"Gorbatovka, Northwestern Federal District, Zelenogradsky District, Russia",54.9208771,20.1563574,ok
"Northwestern Federal District, Kolpino, Kolpinskiy rayon, Russia",66.4150198,46.4575814,ok
"Krasnodar Krai, Stanciya Krasnodar Vtoraya, Russia",45.7682027,39.0258102,ok
"Central Federal District, Krasnogorsk, Krasnogorsky District, Russia",54.5907928,36.9092933,ok
"South Federal District, Resort Town of Sochi (municipal formation), Russia",55.8505998,37.4674422,ok
"Northwestern Federal District, Russia",66.4150198,46.4575814,ok
"Northwestern Federal District, okrug Kronverkskoe, Petrogradsky District, Russia",66.4150198,46.4575814,ok
"Central Federal District, poselenie Voronovskoe, Troitsky Administrative Okrug, Russia",54.5907928,36.9092933,ok
"Central Federal District, Southern Administrative Okrug, Russia",54.5907928,36.9092933,ok
"Sestroretsk, Northwestern Federal District, Kurortny District, Russia",60.0930885,29.9585264,ok
"Oboldino, Central Federal District, Shchyolkovsky District, Russia",55.8816357,37.9274629,ok
"Govorovo, Central Federal District, Moskovsky Settlement, Novomoskovsky Administrative Okrug, Russia",55.6595519,37.417239,ok
"Sirius, South Federal District, City District Sirius, Russia",43.4062071,39.9545377,ok
"Salarevo, Central Federal District, Moskovsky Settlement, Novomoskovsky Administrative Okrug, Russia",61.352573,42.7647962,ok
"Northwestern Federal District, Georgievskiy okrug, Frunzenskiy rayon, Russia",66.4150198,46.4575814,ok
"Sertolovo, Northwestern Federal District, Sertolovskoe gorodskoe poselenie, Vsevolozhsky District, Russia",60.143707,30.207806,ok
"Central Federal District, poselenie Pervomayskoe, Troitsky Administrative Okrug, Russia",54.5907928,36.9092933,ok
"Kipen, Northwestern Federal District, Kipenskoe selskoe poselenie, Kaarosta District, Russia",59.674801,29.852242,ok
"Beloostrov, Northwestern Federal District, Kurortny District, Russia",60.1443327,30.0136787,ok
"Ovragi, Northwestern Federal District, Petrovskoe selskoe poselenie, Käkisalmi District, Russia",60.6634227,30.0881815,ok
"Nastasino, Central Federal District, poselenie Pervomayskoe, Troitsky Administrative Okrug, Russia",57.367947,28.731936,ok
"Siberian Federal District, Evenkiysky Rayon, Russia",66.4414806,94.2299248,ok
"Toksovo, Northwestern Federal District, Toksovskoe gorodskoe poselenie, Vsevolozhsky District, Russia",60.1588778,30.5255831,ok
"Zhukovo, Central Federal District, Domodedovsky District, Russia",57.710445,28.45727,ok
"Central Federal District, Western Administrative Okrug, Russia",54.5907928,36.9092933,ok
"Northwestern Federal District, Agalatovskoe selskoe poselenie, Vsevolozhsky District, Russia",66.4150198,46.4575814,ok
"Fominskoye, Central Federal District, poselenie Pervomayskoe, Troitsky Administrative Okrug, Russia",58.348911,42.337887,ok
"Michurinskoye, Northwestern Federal District, Michurinskoe selskoe poselenie, Käkisalmi District, Russia",54.5602059,22.2291608,ok
"Puchkovo, Central Federal District, poselenie Pervomayskoe, Troitsky Administrative Okrug, Russia",57.6228,28.2623,ok
"Central Federal District, Krasnogorsky District, Russia",54.5907928,36.9092933,ok
"Studency, Central Federal District, poselenie Ryazanovskoe, Novomoskovsky Administrative Okrug, Russia",52.7884634,49.2390577,ok
"Bachurino, Central Federal District, poselenie Sosenskoe, Novomoskovsky Administrative Okrug, Russia",55.5501575,37.2392898,ok
"Senkino-Sekerino, Central Federal District, poselenie Mihaylovo-Yarcevskoe, Troitsky Administrative Okrug, Russia",55.4296921,37.1394969,ok
"Northwestern Federal District, Kipenskoe selskoe poselenie, Kaarosta District, Russia",66.4150198,46.4575814,ok
"Torosovo, Northwestern Federal District, Klopickoe selskoe poselenie, Volosovsky District, Russia",59.5178259,29.5610519,ok
"Verkhnearmyanskoye Loo, South Federal District, Resort Town of Sochi (municipal formation), Russia",43.7373737,39.6201159,ok
"Pozdnyakovo, Central Federal District, Krasnogorsky District, Russia",55.790741,37.2161171,ok
"Central Federal District, Kashira Urban Okrug, Russia",54.5907928,36.9092933,ok
"Chereshnya, South Federal District, Resort Town of Sochi (municipal formation), Russia",43.4484828,39.9850694,ok
"Northwestern Federal District, Sertolovskoe gorodskoe poselenie, Vsevolozhsky District, Russia",66.4150198,46.4575814,ok
"Marushkino, Central Federal District, poselenie Marushkinskoe, Novomoskovsky Administrative Okrug, Russia",55.5954945,37.2051788,ok
"Northwestern Federal District, Roschinskoe gorodskoe poselenie, Vyborgsky District, Russia",66.4150198,46.4575814,ok
"Shaturtorf, Central Federal District, Shatursky District, Russia",55.5675409,39.4228307,ok
"Galitsyno, South Federal District, Resort Town of Sochi (municipal formation), Russia",43.5434919,39.9732651,ok
"Shalovo, Central Federal District, poselenie Schapovskoe, Troitsky Administrative Okrug, Russia",58.7646868,29.8996328,ok
"Central Federal District, poselenie Mihaylovo-Yarcevskoe, Troitsky Administrative Okrug, Russia",54.5907928,36.9092933,ok
"Aprelevka, Central Federal District, Naro-Fominskiy gorodskoy okrug, Russia",55.5454306,37.0730417,ok
"Bylovo, Central Federal District, poselenie Krasnopahorskoe, Troitsky Administrative Okrug, Russia",55.4447117,37.2430709,ok
"Northwestern Federal District, Bugrovskoe selskoe poselenie, Vsevolozhsky District, Russia",66.4150198,46.4575814,ok
"Northwestern Federal District, Koltushskoe selskoe poselenie, Vsevolozhsky District, Russia",66.4150198,46.4575814,ok
"Sanatoriy Sosnovyy Bor, Northwestern Federal District, Polyanskoe selskoe poselenie, Vyborgsky District, Russia",60.0387013,30.3354758,ok
"Krasnye Gorki, Central Federal District, poselenie Marushkinskoe, Novomoskovsky Administrative Okrug, Russia",55.98752,40.7259511,ok
"Istra, Central Federal District, gorodskoy okrug Istra, Russia",55.9145993,36.8595482,ok
"Progress, South Federal District, Resort Town of Sochi (municipal formation), Russia",49.7428748,129.6753189,ok
"Sosny, Central Federal District, Odincovskiy gorodskoy okrug, Russia",48.172188,40.826397,ok
"Glagolevo, Central Federal District, Naro-Fominskiy gorodskoy okrug, Russia",53.9511486,37.4909305,ok
"Vaskelovo, Northwestern Federal District, Kuyvozovskoe selskoe poselenie, Vsevolozhsky District, Russia",60.3692522,30.3533954,ok
"Zvenigorod, Central Federal District, Odincovskiy gorodskoy okrug, Russia",55.7293613,36.8585382,ok
"Gazoprovod, Central Federal District, poselenie Sosenskoe, Novomoskovsky Administrative Okrug, Russia",55.5821918,37.4676151,ok
"Usovo, Central Federal District, Odincovskiy gorodskoy okrug, Russia",57.2384797,28.2084249,ok
"Northwestern Federal District, Polessky District, Russia",66.4150198,46.4575814,ok
"Northwestern Federal District, Nizinskoe selskoe poselenie, Kaarosta District, Russia",66.4150198,46.4575814,ok
"Leninskoe, Northwestern Federal District, Pervomayskoe selskoe poselenie, Vyborgsky District, Russia",47.9325995,132.6222164,ok
"Raevo, Central Federal District, poselenie Krasnopahorskoe, Troitsky Administrative Okrug, Russia",55.2317539,35.6138664,ok
"Kalinovoye ozero, South Federal District, Resort Town of Sochi (municipal formation), Russia",43.617135,39.8868396,ok
"Central Federal District, Eastern Administrative Okrug, Russia",54.5907928,36.9092933,ok
"Northwestern Federal District, Penikovskoe selskoe poselenie, Kaarosta District, Russia",66.4150198,46.4575814,ok
"Central Federal District, poselenie Schapovskoe, Troitsky Administrative Okrug, Russia",54.5907928,36.9092933,ok
"Zapadnaya Litsa, Northwestern Federal District, Sertolovskoe gorodskoe poselenie, Vsevolozhsky District, Russia",60.144161,30.07478,ok
"Vyritsa, Northwestern Federal District, Vyrickoe gorodskoe poselenie, Gatchinsky District, Russia",59.4126621,30.3496831,ok
"Sergey-Pole, South Federal District, Resort Town of Sochi (municipal formation), Russia",43.6749105,39.7055437,ok
"Kolosovka, Northwestern Federal District, Zelenogradsky District, Russia",54.8020104,20.3035784,ok
"Northwestern Federal District, Yukkovskoe selskoe poselenie, Vsevolozhsky District, Russia",66.4150198,46.4575814,ok
"Lugovoe, Northwestern Federal District, Guryevsky District, Russia",54.6603125,20.6437309,ok
"Northwestern Federal District, Polyanskoe selskoe poselenie, Vyborgsky District, Russia",66.4150198,46.4575814,ok
"Tarasovo, Northwestern Federal District, Polyanskoe selskoe poselenie, Vyborgsky District, Russia",57.339401,28.511299,ok
"Mosrentgen, Central Federal District, poselenie Mosrentgen, Novomoskovsky Administrative Okrug, Russia",55.6217029,37.4727266,ok
"Bolshoe Isakovo, Northwestern Federal District, Guryevsky District, Russia",54.7577695,20.703094,ok
"Central Federal District, Naro-Fominskiy gorodskoy okrug, Russia",54.5907928,36.9092933,ok
"Bol'shoye Kozino, Volga Federal District, Balakhninsky District, Russia",56.404476,43.714691,ok
"Zaostrove, Northwestern Federal District, Zelenogradsky District, Russia",54.9554704,20.2710215,ok
"Korobicyno, Northwestern Federal District, Krasnoselskoe selskoe poselenie, Vyborgsky District, Russia",60.5158474,29.7136614,ok
"Novoglagolevo, Central Federal District, Naro-Fominskiy gorodskoy okrug, Russia",55.4737858,37.0188526,ok
"Central Federal District, poselenie Novofedorovskoe, Troitsky Administrative Okrug, Russia",54.5907928,36.9092933,ok
"Central Federal District, Voskresensky District, Russia",54.5907928,36.9092933,ok
"Zhukovka, Central Federal District, Odincovskiy gorodskoy okrug, Russia",53.5329608,33.7320863,ok
"Pavlovo, Volga Federal District, Pavlovsky District, Russia",55.965137,43.071114,ok
"Vayya, Northwestern Federal District, Verevskoe selskoe poselenie, Gatchinsky District, Russia",59.3486998,30.1471588,ok
"Verkhneye Uchdere, South Federal District, Resort Town of Sochi (municipal formation), Russia",43.6990931,39.6373093,ok
"Volga Federal District, Afoninskiy selsovet, Kstovsky District, Russia",55.7359267,50.7749636,ok
"Ovsyanoe, Northwestern Federal District, Roschinskoe gorodskoe poselenie, Vyborgsky District, Russia",60.4453739,29.4687456,ok
"Plastunka, South Federal District, Resort Town of Sochi (municipal formation), Russia",43.6687815,39.7623671,ok
"Kurilovo, Central Federal District, poselenie Schapovskoe, Troitsky Administrative Okrug, Russia",58.192886,42.226635,ok
"Kaltino, Northwestern Federal District, Koltushskoe selskoe poselenie, Vsevolozhsky District, Russia",59.991182,30.6563863,ok
"Kotelnicy, Volga Federal District, Chkalovsky District, Russia",56.8097475,43.2157431,ok
"Volga Federal District, Saratov, Russia",51.5042843,45.951285,ok
"Balakhna, Volga Federal District, Balakhninsky District, Russia",56.5047655,43.601316,ok
"Lyahovo, Volga Federal District, Nizhny Novgorod, Russia",56.3264816,44.0051395,ok
"Volga Federal District, Kuzhutskiy selsovet, Dalnekonstantinovsky District, Russia",55.7359267,50.7749636,ok
"Voronino, Central Federal District, gorodskoy okrug Klin, Russia",56.675335,29.051916,ok
"Fedurino, Volga Federal District, Gorodetsky District, Russia",56.808392,43.377422,ok
"Central Federal District, Podolsk, Podolsk Urban Okrug, Russia",55.3640212,37.5571489,ok
"Kornevo, Northwestern Federal District, Bagrationovsky District, Russia",54.4459019,20.2940537,ok
"Terpilitsy, Northwestern Federal District, Begunickoe selskoe poselenie, Volosovsky District, Russia",59.484917,29.363678,ok
"Northwestern Federal District, Leskolovskoe selskoe poselenie, Vsevolozhsky District, Russia",66.4150198,46.4575814,ok
"Northwestern Federal District, Pudostskoe selskoe poselenie, Gatchinsky District, Russia",66.4150198,46.4575814,ok
"Kulikovo, Northwestern Federal District, Zelenogradsky District, Russia",54.9289059,20.3253124,ok
"Koltushi, Northwestern Federal District, Koltushskoe selskoe poselenie, Vsevolozhsky District, Russia",59.9330041,30.6548998,ok
"Ermilovo, Northwestern Federal District, Primorskoe gorodskoe poselenie, Vyborgsky District, Russia",60.3607596,28.7630159,ok
"Lesniye Polyani, Central Federal District, Podolsk Urban Okrug, Russia",55.3087178,37.6679798,ok
"Northwestern Federal District, Morozovskoe gorodskoe poselenie, Vsevolozhsky District, Russia",66.4150198,46.4575814,ok
"Golubevo, Northwestern Federal District, Guryevsky District, Russia",54.6154325,20.4093557,ok
"Volga Federal District, Kamenskiy selsovet, Bogorodsky District, Russia",55.7359267,50.7749636,ok
"Northwestern Federal District, Fedorovskoe gorodskoe poselenie, Tusina District, Russia",66.4150198,46.4575814,ok
"Bogushevka, South Federal District, Resort Town of Sochi (municipal formation), Russia",43.6039742,39.7761156,ok
"Northwestern Federal District, Krasnoozernoe selskoe poselenie, Käkisalmi District, Russia",66.4150198,46.4575814,ok
"Ulyanovka, Northwestern Federal District, Ulyanovskoe gorodskoe poselenie, Tusina District, Russia",59.6405558,30.7659561,ok
"Northwestern Federal District, Ropshinskoe selskoe poselenie, Kaarosta District, Russia",66.4150198,46.4575814,ok
"Zaozere, Northwestern Federal District, Guryevsky District, Russia",54.7142557,20.6304963,ok
"Malinovka, Northwestern Federal District, Guryevsky District, Russia",54.8286832,20.5302211,ok
"Central Federal District, Dmitrovsky District, Russia",54.5907928,36.9092933,ok
"Ladushkin, Northwestern Federal District, Ladushkinskiy gorodskoy okrug, Russia",54.5712666,20.1734409,ok
"Siversky, Northwestern Federal District, Siverskoe gorodskoe poselenie, Gatchinsky District, Russia",59.3522,30.07,ok
"Senino, Central Federal District, Chekhovsky District, Russia",55.0855512,37.3890133,ok
"Mshinskaya, Northwestern Federal District, Mshinskoe selskoe poselenie, Laukaa District, Russia",58.735699,29.8475013,ok
"Volga Federal District, Barminskiy selsovet, Lyskovsky District, Russia",55.7359267,50.7749636,ok
"Cheremhovo, Northwestern Federal District, Guryevsky District, Russia",54.7577695,20.703094,ok
"Central Federal District, Tavrovskoe selskoe poselenie, Belgorodsky District, Russia",54.5907928,36.9092933,ok
"Nowy, Northwestern Federal District, Guryevsky District, Russia",54.752293,20.6239117,ok
"Vzmore, Northwestern Federal District, Svetlovskiy gorodskoy okrug, Russia",43.487243,40.0121811,ok
"Troitsk, Central Federal District, Troitsky Administrative Okrug, Russia",54.0847722,61.5514047,ok
"Razdory, Central Federal District, Odincovskiy gorodskoy okrug, Russia",55.7472751,37.2975793,ok
"Volga Federal District, Bezvodninskiy selsovet, Kstovsky District, Russia",55.7359267,50.7749636,ok
"Northwestern Federal District, Bolshevrudskoe selskoe poselenie, Volosovsky District, Russia",66.4150198,46.4575814,ok
"Kusakovka, Volga Federal District, Nizhny Novgorod, Russia",56.19112,43.909012,ok
"Northwestern Federal District, Klopickoe selskoe poselenie, Volosovsky District, Russia",66.4150198,46.4575814,ok
"Petrovo, Northwestern Federal District, Guryevsky District, Russia",54.8035191,20.4162523,ok
"Ushakovo, Volga Federal District, Gaginsky District, Russia",54.6117026,20.2423872,ok
"Northwestern Federal District, Zelenogradsky District, Russia",66.4150198,46.4575814,ok
"Volga Federal District, Bogorodsky District, Russia",55.8332572,38.3915908,ok
"Komsomolsk, Northwestern Federal District, Gvardeysky District, Russia",54.6255501,20.7569246,ok
"Northwestern Federal District, Ulyanovskoe gorodskoe poselenie, Tusina District, Russia",66.4150198,46.4575814,ok
"Volga Federal District, Bolsheelninskiy selsovet, Kstovsky District, Russia",55.7359267,50.7749636,ok
"Ozerki, Northwestern Federal District, Gvardeysky District, Russia",54.6312873,20.8863115,ok
"Gryaznaya, Volga Federal District, gorodskoy okrug Vyksa, Russia",53.034412,103.451515,ok
"Volga Federal District, Sarleyskiy selsovet, Dalnekonstantinovsky District, Russia",55.7359267,50.7749636,ok
"Dudenevo, Volga Federal District, Dudenevskiy selsovet, Bogorodsky District, Russia",56.1494504,43.5364223,ok
"Chechenino, Volga Federal District, Rabotkinskiy selsovet, Kstovsky District, Russia",56.0860662,44.2546749,ok
"Volga Federal District, Shapkinskiy selsovet, Bogorodsky District, Russia",55.7359267,50.7749636,ok
"Northwestern Federal District, Pravdinsky District, Russia",66.4150198,46.4575814,ok
"Volga Federal District, Lomovskiy selsovet, Arzamassky District, Russia",55.7359267,50.7749636,ok
"Shava, Volga Federal District, Zaprudnovskiy selsovet, Kstovsky District, Russia",59.9425001,30.3425434,ok
"Volga Federal District, Timiryazevskiy selsovet, Gorodetsky District, Russia",55.7359267,50.7749636,ok
"Burevestnik, Volga Federal District, Doskinskiy selsovet, Bogorodsky District, Russia",56.75425,43.36705,ok
"Prigorodnoye, Northwestern Federal District, Gvardeysky District, Russia",54.6739447,21.0482434,ok
"Barvikha, Central Federal District, Odincovskiy gorodskoy okrug, Russia",55.7415519,37.2772218,ok
"Volga Federal District, Chernuhinskiy selsovet, Arzamassky District, Russia",55.7359267,50.7749636,ok
"Lyuban, Northwestern Federal District, Lyubanskoe gorodskoe poselenie, Tusina District, Russia",59.3500862,31.2487271,ok
"Izvara, Northwestern Federal District, Rabitickoe selskoe poselenie, Volosovsky District, Russia",59.3535126,29.519527,ok
"Rybnoe, Northwestern Federal District, Guryevsky District, Russia",54.6574932,20.6775141,ok
"Northwestern Federal District, Bolshekolpanskoe selskoe poselenie, Gatchinsky District, Russia",66.4150198,46.4575814,ok
"Divenskiy, Northwestern Federal District, Rozhdestvenskoe selskoe poselenie, Gatchinsky District, Russia",59.3486998,30.1471588,ok
"Sitniki, Volga Federal District, gorodskoy okrug Bor, Russia",56.4455497,44.0392506,ok
"Starosiverskaya, Northwestern Federal District, Siverskoe gorodskoe poselenie, Gatchinsky District, Russia",59.3486998,30.1471588,ok
"Volga Federal District, Zinyakovskiy selsovet, Gorodetsky District, Russia",55.7359267,50.7749636,ok
"Krutye, Volga Federal District, Sosnovsky District, Russia",55.7740265,43.1243492,ok
"Volga Federal District, Zolinskiy selsovet, Russia",55.7359267,50.7749636,ok
"Central Federal District, Verhneturovskoe selskoe poselenie, Nizhnedevitsky District, Russia",54.5907928,36.9092933,ok
"Northwestern Federal District, Kalitinskoe selskoe poselenie, Volosovsky District, Russia",66.4150198,46.4575814,ok
"Kikerino, Northwestern Federal District, Kalitinskoe selskoe poselenie, Volosovsky District, Russia",59.4663815,29.6276066,ok
"Volga Federal District, Solovevskiy selsovet, Knyagininsky District, Russia",55.7359267,50.7749636,ok
"Vishnyakovo, Central Federal District, Ramensky District, Russia",55.3877511,38.14785,ok
"Orinkino, Volga Federal District, Dudenevskiy selsovet, Bogorodsky District, Russia",56.1627505,43.6256384,ok
"Northwestern Federal District, Syaskelevskoe selskoe poselenie, Gatchinsky District, Russia",66.4150198,46.4575814,ok
"Strochkovo, Volga Federal District, Kumohinskiy selsovet, Gorodetsky District, Russia",56.711541,43.5527421,ok
"South Federal District, Novotamanskoe selskoe poselenie, Temryuksky District, Russia",55.8505998,37.4674422,ok
"Krasnaya Dolina, Northwestern Federal District, Primorskoe gorodskoe poselenie, Vyborgsky District, Russia",51.7219674,38.0858396,ok
"Aksentis, Volga Federal District, Nikolo-Pogostinskiy selsovet, Gorodetsky District, Russia",56.590252,43.629803,ok
"Northwestern Federal District, Novoselskaya volost, Strugo-Krasnensky District, Russia",66.4150198,46.4575814,ok
"Selitba, Volga Federal District, Selitbinskiy selsovet, Sosnovsky District, Russia",51.138657,127.251053,ok
"Suhobezvodnoe, Volga Federal District, Semenovskiy gorodskoy okrug, Russia",57.0486933,44.894377,ok
"Sergach, Volga Federal District, Sergachsky District, Russia",55.532822,45.4616976,ok
"Northwestern Federal District, Kobrinskoe selskoe poselenie, Gatchinsky District, Russia",66.4150198,46.4575814,ok
"Vahtan, Volga Federal District, Shakhunya Urban Okrug, Russia",57.8041667,46.4458333,ok
"Northwestern Federal District, Susaninskoe selskoe poselenie, Gatchinsky District, Russia",66.4150198,46.4575814,ok
"Slavyanskoe, Northwestern Federal District, Polessky District, Russia",54.8565718,21.2553159,ok
"Northwestern Federal District, Anninskoe gorodskoe poselenie, Kaarosta District, Russia",66.4150198,46.4575814,ok
"Northwestern Federal District, Novosvetskoe selskoe poselenie, Gatchinsky District, Russia",66.4150198,46.4575814,ok
"Ladoga, Northwestern Federal District, Fedorovskoe gorodskoe poselenie, Tusina District, Russia",60.8414555,31.7116482,ok
"Puzskaya Sloboda, Volga Federal District, Pochinkovsky District, Russia",54.36507,32.5314114,ok
"Volga Federal District, Diveevskiy selsovet, Diveyevsky District, Russia",55.7359267,50.7749636,ok
"Northwestern Federal District, Mginskoe gorodskoe poselenie, Korotka District, Russia",66.4150198,46.4575814,ok
"Volga Federal District, Koverninsky District, Russia",55.7359267,50.7749636,ok
"Zavidovo, Central Federal District, selskoe poselenie Zavidovo, Konakovsky District, Russia",56.5315,36.5273,ok
"Koprina, Northwestern Federal District, Kobrinskoe selskoe poselenie, Gatchinsky District, Russia",59.426102,30.114485,ok
"Northwestern Federal District, Issadskoe selskoe poselenie, Olhava District, Russia",66.4150198,46.4575814,ok
"Vorsma, Volga Federal District, Pavlovsky District, Russia",55.988102,43.275486,ok
"Lapshiha, Volga Federal District, Kuzhutskiy selsovet, Dalnekonstantinovsky District, Russia",55.8655949,44.1134229,ok
"Volga Federal District, Nizhegorodskiy selsovet, Dalnekonstantinovsky District, Russia",55.7359267,50.7749636,ok
"Medvedevka, Northwestern Federal District, Guryevsky District, Russia",54.8011817,20.5372068,ok
"Beshencevo, Volga Federal District, Nizhny Novgorod, Russia",56.3264816,44.0051395,ok
"Central Federal District, Dzerzhinsky, Russia",54.5907928,36.9092933,ok
"Central Federal District, Kovardickoe selskoe poselenie, Muromsky District, Russia",54.5907928,36.9092933,ok
"Volga Federal District, Vadsky District, Russia",55.7359267,50.7749636,ok
"Druzhnosele, Northwestern Federal District, Siverskoe gorodskoe poselenie, Gatchinsky District, Russia",59.3486998,30.1471588,ok
"Kaliningrad Oblast, Ladushkin, Russia",54.5803608,20.142899,ok
"Nizhneye Uch-Dere, South Federal District, Resort Town of Sochi (municipal formation), Russia",43.68623,39.615875,ok
"Yablonevka, Northwestern Federal District, Guryevsky District, Russia",54.6025005,20.4324163,ok
"Dorozhnyy, Northwestern Federal District, Guryevsky District, Russia",54.6579768,20.4801437,ok
"Sof’ino, Central Federal District, poselenie Krasnopahorskoe, Troitsky Administrative Okrug, Russia",55.5029127,38.1886428,ok
"Hahaly, Volga Federal District, Semenovskiy gorodskoy okrug, Russia",56.649807,44.678905,ok
"Susolovo, Northwestern Federal District, Starorussky District, Russia",58.50967,40.1511207,ok
"Vetluzhskiy, Volga Federal District, Krasnobakovsky District, Russia",57.1494951,45.1814613,ok
"Priozernyy, Northwestern Federal District, Yam-Tesovskoe selskoe poselenie, Laukaa District, Russia",62.2219788,44.9538623,ok
"Semyany, Volga Federal District, Vorotynsky District, Russia",,,not_found
"Yukki, Northwestern Federal District, Yukkovskoe selskoe poselenie, Vsevolozhsky District, Russia",60.112072,30.283113,ok
"Timoshkino, Central Federal District, Krasnogorsky District, Russia",54.2799567,40.9350889,ok
"Central Federal District, Domodedovo, Domodedovsky District, Russia",54.5907928,36.9092933,ok
"Shishkin Les, Central Federal District, poselenie Mihaylovo-Yarcevskoe, Troitsky Administrative Okrug, Russia",55.4131918,37.1893153,ok
"Vartemyagi, Northwestern Federal District, Agalatovskoe selskoe poselenie, Vsevolozhsky District, Russia",60.1815501,30.3228206,ok
"Volga Federal District, Andreevskiy selsovet, Sergachsky District, Russia",55.7359267,50.7749636,ok
"Volga Federal District, Zaprudnovskiy selsovet, Kstovsky District, Russia",55.7359267,50.7749636,ok
"Central Federal District, poselenie Krasnopahorskoe, Troitsky Administrative Okrug, Russia",54.5907928,36.9092933,ok
"Gornoye Loo, South Federal District, Resort Town of Sochi (municipal formation), Russia",43.7175718,39.6062367,ok
"Panino, Volga Federal District, Paninskiy selsovet, Sosnovsky District, Russia",51.648148,40.134346,ok
"Volga Federal District, Gavrilovskiy selsovet, Koverninsky District, Russia",55.7359267,50.7749636,ok
"Ilino, Volga Federal District, Ilinskiy selsovet, Russia",52.7222121,39.6729282,ok
"Kamenki, Volga Federal District, Kamenskiy selsovet, Bogorodsky District, Russia",51.2832456,37.8838901,ok
"Northwestern Federal District, Petrovskoe selskoe poselenie, Käkisalmi District, Russia",66.4150198,46.4575814,ok
"Gorki-2, Central Federal District, Odincovskiy gorodskoy okrug, Russia",55.7248335,37.1635981,ok
"Sosnoviy Bor, Northwestern Federal District, Sosnovy Bor, Russia",59.8968655,29.0765628,ok
"Klenovo, Central Federal District, poselenie Klenovskoe, Troitsky Administrative Okrug, Russia",55.323827,37.3468956,ok
"Central Federal District, gorodskoe poselenie Novozavidovskiy, Konakovsky District, Russia",54.5907928,36.9092933,ok
"Schapovo, Central Federal District, poselenie Schapovskoe, Troitsky Administrative Okrug, Russia",55.3518251,37.1763087,ok
"Pervomayskiy, Central Federal District, gorodskoy okrug Istra, Russia",63.584885,40.028458,ok
"Northwestern Federal District, Romashkinskoe selskoe poselenie, Käkisalmi District, Russia",66.4150198,46.4575814,ok
"Northwestern Federal District, Toksovskoe gorodskoe poselenie, Vsevolozhsky District, Russia",66.4150198,46.4575814,ok
"Kirpole, Northwestern Federal District, Koltushskoe selskoe poselenie, Vsevolozhsky District, Russia",59.941006,30.701572,ok
"Podsobnogo Hozyaystva Voskresenskoe, Central Federal District, poselenie Voskresenskoe, Novomoskovsky Administrative Okrug, Russia",55.5501575,37.2392898,ok
"Roshchino, Northwestern Federal District, Roschinskoe gorodskoe poselenie, Vyborgsky District, Russia",60.256651,29.6051421,ok
"Bezobrazovo, Central Federal District, poselenie Voronovskoe, Troitsky Administrative Okrug, Russia",54.8250326,37.120857,ok
"Vardane-Verino, South Federal District, Resort Town of Sochi (municipal formation), Russia",43.5011718,39.9441503,ok
"Central Federal District, Odincovskiy gorodskoy okrug, Russia",54.5907928,36.9092933,ok
"Laptevo, Central Federal District, poselenie Voskresenskoe, Novomoskovsky Administrative Okrug, Russia",58.145863,28.292557,ok
"Pokrovskaya, Northwestern Federal District, Pudomyagskoe selskoe poselenie, Gatchinsky District, Russia",61.097572,42.179672,ok
"Koloskovo, Northwestern Federal District, Sosnovskoe selskoe poselenie, Käkisalmi District, Russia",60.583782,30.19536,ok
"Troitsk, Ural Federal District, Troitsk District, Russia",54.1134627,61.5702221,ok
"Martemyanovo, Central Federal District, Naro-Fominskiy gorodskoy okrug, Russia",55.5233004,37.0667764,ok
"Taraskovo, Central Federal District, Naro-Fominskiy gorodskoy okrug, Russia",54.4798743,35.050691,ok
"Zhukovka, Central Federal District, poselenie Pervomayskoe, Troitsky Administrative Okrug, Russia",53.5329608,33.7320863,ok
"Northwestern Federal District, Domozhirovskoe selskoe poselenie, Lotinapelto District, Russia",66.4150198,46.4575814,ok
"Rassudovo, Central Federal District, poselenie Novofedorovskoe, Troitsky Administrative Okrug, Russia",54.4196669,35.8758639,ok
"Kovrovo, Northwestern Federal District, Zelenogradsky District, Russia",54.910727,20.4019455,ok
"Northwestern Federal District, Primorskoe gorodskoe poselenie, Vyborgsky District, Russia",66.4150198,46.4575814,ok
"Northwestern Federal District, Melnikovskoe selskoe poselenie, Käkisalmi District, Russia",66.4150198,46.4575814,ok
"Yanino-2, Northwestern Federal District, Zanevskoe gorodskoe poselenie, Vsevolozhsky District, Russia",59.947418,30.561453,ok
"Bolshoe Pole, Northwestern Federal District, Seleznevskoe selskoe poselenie, Vyborgsky District, Russia",60.0387013,30.3354758,ok
"Central Federal District, South-Eastern Administrative Okrug, Russia",54.5907928,36.9092933,ok
"Bestuzhevskoye, South Federal District, Resort Town of Sochi (municipal formation), Russia",43.484848,39.9419706,ok
"Shaganino, Central Federal District, poselenie Schapovskoe, Troitsky Administrative Okrug, Russia",55.3518251,37.1763087,ok
"Kazachiy Brod, South Federal District, Resort Town of Sochi (municipal formation), Russia",43.5225665,39.9828341,ok
"Central Federal District, Novomoskovsky Administrative Okrug, Russia",54.5907928,36.9092933,ok
"Kartmazovo, Central Federal District, Moskovsky Settlement, Novomoskovsky Administrative Okrug, Russia",56.0121906,41.1174566,ok
"Gorki Leninskiye, Central Federal District, Leninsky District, Russia",55.505,37.778056,ok
"Gorodok, Northwestern Federal District, Bugrovskoe selskoe poselenie, Vsevolozhsky District, Russia",62.502689,43.850853,ok
"Krasnoe, Central Federal District, poselenie Krasnopahorskoe, Troitsky Administrative Okrug, Russia",62.2785144,39.5009101,ok
"Ptichnoye, Central Federal District, poselenie Pervomayskoe, Troitsky Administrative Okrug, Russia",55.5227336,37.2201999,ok
"Central, Belgrade, City of Belgrade, Serbia",44.7737883,20.4948357,ok
"Vojvodina, South Backa Administrative District, Serbia",45.2544677,19.8450676,ok
"Vojvodina, Novi Sad City, South Backa Administrative District, Serbia",45.2544677,19.8450676,ok
"Central, City of Belgrade, Serbia",44.7737883,20.4948357,ok
"Central, City of Niš, Nisava Administrative District, Serbia",43.3172011,21.9053315,ok
"Mladenovac Urban Municipality, Central, City of Belgrade, Serbia",44.4476729,20.6692574,ok
"Grocka Urban Municipality, Central, City of Belgrade, Serbia",44.670378,20.6476757,ok
"Rusanj, Central, City of Belgrade, Serbia",44.6819321,20.4406779,ok
"La Zenia, Orihuela, Valencian Community, el Baix Segura La Vega Baja del Segura, Provincia de Alacant/Alicante, Spain",37.9281222,-0.7290681,ok
"Ciudad de las Comunicaciones, San Miguel de Salinas, Valencian Community, el Baix Segura La Vega Baja del Segura, Provincia de Alacant/Alicante, Spain",38.365691,-0.7485501,ok
"Cabo Roig, Orihuela, Valencian Community, el Baix Segura La Vega Baja del Segura, Provincia de Alacant/Alicante, Spain",37.9150113,-0.7238513,ok
"Playa Flamenca I, Orihuela, Valencian Community, el Baix Segura La Vega Baja del Segura, Provincia de Alacant/Alicante, Spain",37.9321855,-0.7282547,ok
"Estepona, Andalusia, Malaga, Spain",36.4268068,-5.1468484,ok
"Torrevieja, Valencian Community, el Baix Segura La Vega Baja del Segura, Provincia de Alacant/Alicante, Spain",37.9775416,-0.6828446,ok
"Los Balcones, Torrevieja, Valencian Community, el Baix Segura La Vega Baja del Segura, Provincia de Alacant/Alicante, Spain",37.9602721,-0.727554,ok
"Dehesa de Campoamor, Orihuela, Valencian Community, el Baix Segura La Vega Baja del Segura, Provincia de Alacant/Alicante, Spain",37.9005304,-0.7575592,ok
"Rojales, Valencian Community, el Baix Segura La Vega Baja del Segura, Provincia de Alacant/Alicante, Spain",38.0871747,-0.7228213,ok
"Fuengirola, Andalusia, Malaga, Spain",36.5388398,-4.6233974,ok
"Arona, Canary Islands, Santa Cruz de Tenerife, Spain",28.0583997,-16.6872912,ok
"Helechosa de los Montes, Extremadura, Badajoz, Spain",39.3087128,-4.9062877,ok
"Pilar de la Horadada, Valencian Community, el Baix Segura La Vega Baja del Segura, Provincia de Alacant/Alicante, Spain",37.8994714,-0.8257645,ok
"Los Alcazares, Region of Murcia, Spain",37.7480488,-0.8648602,ok
"Catalonia, Costa Brava, Spain",41.8523094,1.5745043,ok
"Guardamar del Segura, Valencian Community, el Baix Segura La Vega Baja del Segura, Provincia de Alacant/Alicante, Spain",38.0899985,-0.65381,ok
"Valencian Community, Provincia de Alacant/Alicante, Spain",37.9259039,-0.7345169,ok
"Urbanizacion Lo Pepin, Rojales, Valencian Community, el Baix Segura La Vega Baja del Segura, Provincia de Alacant/Alicante, Spain",38.0612273,-0.6973,ok
"Benidorm, Valencian Community, Provincia de Alacant/Alicante, Spain",38.5406255,-0.1290929,ok
"Guadiaro, San Roque, Andalusia, Campo de Gibraltar, Spain",36.300318,-5.301881,ok
"San Enrique de Guadiaro, San Roque, Andalusia, Campo de Gibraltar, Spain",36.3057744,-5.2918178,ok
"Valencian Community, Costa Blanca, Spain",39.6819591,-0.7654406,ok
"San Javier, Region of Murcia, Spain",37.8059567,-0.8345537,ok
"San Pedro del Pinatar, Region of Murcia, Spain",37.8314949,-0.7854862,ok
"Formentera del Segura, Valencian Community, el Baix Segura La Vega Baja del Segura, Provincia de Alacant/Alicante, Spain",38.0851143,-0.7459956,ok
"Santa Pola, Valencian Community, Provincia de Alacant/Alicante, Spain",38.1923641,-0.5555464,ok
"Ávila‎, Almansa, Spain",38.8620211,-1.0916387,ok
Spain,39.3260685,-4.8379791,ok
"Valencian Community, Torrevieja, Provincia de Alacant/Alicante, Spain",38.0139819,-0.6972886,ok
"San Sebastian de los Reyes, Community of Madrid, Area metropolitana de Madrid y Corredor del Henares, Spain",40.5473698,-3.6260586,ok
"Benahavis, Andalusia, Malaga, Spain",36.5222736,-5.0441068,ok
"Catalonia, Lower Empordà, Girones, Spain",41.8523094,1.5745043,ok
"l Alfas del Pi, Valencian Community, Provincia de Alacant/Alicante, Spain",38.580117,-0.102513,ok
"Andalusia, Malaga, Spain",36.8456595,-3.9863302,ok
"Valencian Community, Spain",39.6819591,-0.7654406,ok
"Valencian Community, Elx Elche, Provincia de Alacant/Alicante, Spain",39.6819591,-0.7654406,ok
"Catalonia, Barcelona, Spain",41.3684015,2.1534231,ok
"San Pedro del Pinatar, Valencian Community, Campo de Cartagena, Spain",37.8438899,-0.7698635,ok
"Almoradi, Valencian Community, el Baix Segura La Vega Baja del Segura, Provincia de Alacant/Alicante, Spain",38.1096615,-0.7919322,ok
"Denia, Valencian Community, Provincia de Alacant/Alicante, Spain",38.8408382,0.1061105,ok
"El Pinar de Campoverde, Pilar de la Horadada, Valencian Community, el Baix Segura La Vega Baja del Segura, Provincia de Alacant/Alicante, Spain",37.906734,-0.8425795,ok
"Andalusia, Marbella, Malaga, Spain",36.5127367,-4.8445569,ok
"Valencian Community, Alicante, Provincia de Alacant/Alicante, Spain",37.9259039,-0.7345169,ok
"Orihuela, Valencian Community, el Baix Segura La Vega Baja del Segura, Provincia de Alacant/Alicante, Spain",38.0275575,-0.9130957,ok
"Calp, Valencian Community, Provincia de Alacant/Alicante, Spain",38.6443252,0.046012,ok
"Manilva, Andalusia, Malaga, Spain",36.3769979,-5.2489786,ok
"Antequera, Andalusia, Malaga, Spain",37.0183652,-4.5596649,ok
"Aspe, Valencian Community, Provincia de Alacant/Alicante, Spain",38.3459902,-0.7692125,ok
"Region of Murcia, Murcia, Spain",38.0646533,-1.6721805,ok
"Mijas, Andalusia, Malaga, Spain",36.5557539,-4.6950428,ok
"Torre Pacheco, Region of Murcia, Spain",37.7846607,-0.9667964,ok
"Mil Palmeras, Orihuela, Valencian Community, el Baix Segura La Vega Baja del Segura, Provincia de Alacant/Alicante, Spain",37.8916701,-0.7555849,ok
"Castell-Platja d Aro, Catalonia, Lower Empordà, Girones, Spain",41.8186325,3.0451272,ok
"Valencian Community, Guardamar del Segura, Provincia de Alacant/Alicante, Spain",39.6819591,-0.7654406,ok
"Finestrat, Valencian Community, Provincia de Alacant/Alicante, Spain",38.5679236,-0.2122319,ok
"la Vila Joiosa Villajoyosa, Valencian Community, Provincia de Alacant/Alicante, Spain",38.5100778,-0.2296202,ok
"Busot, Valencian Community, Provincia de Alacant/Alicante, Spain",38.4848359,-0.417211,ok
"Cala en Blanes, Balearic Islands, Menorca, Spain",40.002028,3.8137202,ok
"Monforte del Cid, Valencian Community, Provincia de Alacant/Alicante, Spain",38.3791541,-0.7290459,ok
"San Fulgencio, Valencian Community, el Baix Segura La Vega Baja del Segura, Provincia de Alacant/Alicante, Spain",38.1120067,-0.7188823,ok
"Facinas, Andalusia, Campo de Gibraltar, Spain",36.15639,-5.70523,ok
"Valencian Community, San Javier, Campo de Cartagena, Spain",39.6819591,-0.7654406,ok
"San Miguel de Salinas, Valencian Community, el Baix Segura La Vega Baja del Segura, Provincia de Alacant/Alicante, Spain",37.9769051,-0.7890649,ok
"Entre Naranjos, Orihuela, Valencian Community, el Baix Segura La Vega Baja del Segura, Provincia de Alacant/Alicante, Spain",38.9606388,-0.1303979,ok
"Sant Vicent del Raspeig San Vicente del Raspeig, Valencian Community, Provincia de Alacant/Alicante, Spain",38.3964248,-0.5250339,ok
"Valencian Community, el Poble Nou de Benitatxell Benitachell, Provincia de Alacant/Alicante, Spain",39.6819591,-0.7654406,ok
"Gandia, Valencian Community, Valencia, Spain",38.9675925,-0.1803423,ok
"Jacarilla, Valencian Community, el Baix Segura La Vega Baja del Segura, Provincia de Alacant/Alicante, Spain",38.061345,-0.8680849,ok
"Valencian Community, Finestrat, Provincia de Alacant/Alicante, Spain",39.6819591,-0.7654406,ok
"Sant Joan d Alacant, Valencian Community, Provincia de Alacant/Alicante, Spain",38.4014162,-0.4359957,ok
"Las Escalericas, San Miguel de Salinas, Valencian Community, el Baix Segura La Vega Baja del Segura, Provincia de Alacant/Alicante, Spain",37.9534705,-0.7928211,ok
"Valencian Community, Costa Calida, Spain",39.6819591,-0.7654406,ok
"Valencian Community, Riba-roja de Turia, el Camp de Turia, Spain",39.6819591,-0.7654406,ok
"Pilar de la Horadada, Valencian Community, Provincia de Alacant/Alicante, Spain",37.8994714,-0.8257645,ok
"Valencian Community, Benidorm, Provincia de Alacant/Alicante, Spain",38.538328,-0.1355709,ok
"Region of Murcia, Cartagena, Spain",37.600417,-0.9868795,ok
"Urbanizacion Dona Pepa, Rojales, Valencian Community, el Baix Segura La Vega Baja del Segura, Provincia de Alacant/Alicante, Spain",38.051867,-0.7123719,ok
"Catral, Valencian Community, el Baix Segura La Vega Baja del Segura, Provincia de Alacant/Alicante, Spain",38.1602989,-0.8014035,ok
"Altea, Valencian Community, Provincia de Alacant/Alicante, Spain",38.6028245,-0.0472059,ok
"Orihuela, Valencian Community, Provincia de Alacant/Alicante, Spain",38.0275575,-0.9130957,ok
"Valencian Community, Santa Pola, Provincia de Alacant/Alicante, Spain",38.2240609,-0.5200608,ok
"el Campello, Valencian Community, Provincia de Alacant/Alicante, Spain",38.427416,-0.3983685,ok
"Andalusia, Puerto Real, Bay of Cádiz, Spain",37.3399964,-4.5811614,ok
"Benalmadena, Andalusia, Malaga, Spain",36.594519,-4.572284,ok
"Valencian Community, Monforte del Cid, Provincia de Alacant/Alicante, Spain",39.6819591,-0.7654406,ok
"Cuevas del Almanzora, Andalusia, Almeria, Spain",37.2961366,-1.8807223,ok
"Teulada, Valencian Community, Provincia de Alacant/Alicante, Spain",38.7286834,0.1044885,ok
"Valencian Community, l Eliana, el Camp de Turia, Spain",39.6819591,-0.7654406,ok
"Canary Islands, Arona, Santa Cruz de Tenerife, Spain",28.0551191,-16.716647,ok
"Valencian Community, el Baix Segura La Vega Baja del Segura, Provincia de Alacant/Alicante, Spain",37.9259039,-0.7345169,ok
"Valencian Community, Los Alcazares, Campo de Cartagena, Spain",39.6819591,-0.7654406,ok
"Valencian Community, San Miguel de Salinas, Provincia de Alacant/Alicante, Spain",39.6819591,-0.7654406,ok
"la Nucia, Valencian Community, Provincia de Alacant/Alicante, Spain",38.6133727,-0.1257319,ok
"Miraverde, Adeje, Canary Islands, Santa Cruz de Tenerife, Spain",28.0931425,-16.7262699,ok
"Region of Murcia, Spain",37.9166355,-1.4779797,ok
"Benissa, Valencian Community, Provincia de Alacant/Alicante, Spain",38.7163735,0.0534016,ok
"Urbanizacion Mil Palmeras, Pilar de la Horadada, Valencian Community, el Baix Segura La Vega Baja del Segura, Provincia de Alacant/Alicante, Spain",37.8862971,-0.7573668,ok
"Valencian Community, Cullera, la Ribera Baixa, Spain",39.6819591,-0.7654406,ok
"Valencian Community, Alto Guadalentin, Spain",39.6819591,-0.7654406,ok
"Valencian Community, la Nucia, Provincia de Alacant/Alicante, Spain",39.6819591,-0.7654406,ok
"Valencian Community, Castalla, Provincia de Alacant/Alicante, Spain",39.6819591,-0.7654406,ok
"Valencian Community, Rojales, Provincia de Alacant/Alicante, Spain",39.6819591,-0.7654406,ok
"Valencian Community, Almoradí, Provincia de Alacant/Alicante, Spain",39.6819591,-0.7654406,ok
"Urbanizacion El Guincho, San Miguel de Abona, Canary Islands, Santa Cruz de Tenerife, Spain",28.024352,-16.6101823,ok
"Costa Daurada, Spain",41.1739369,1.4853925,ok
"Cunit, Catalonia, Baix Penedes, Tarragona, Spain",41.197596,1.6344596,ok
"Guia de Isora, Canary Islands, Santa Cruz de Tenerife, Spain",28.2151934,-16.7589818,ok
"Valencian Community, Algorfa, Provincia de Alacant/Alicante, Spain",39.6819591,-0.7654406,ok
"Pulpi, Andalusia, Almeria, Spain",37.4078925,-1.7477007,ok
"Valencian Community, Los Montesinos, Provincia de Alacant/Alicante, Spain",39.6819591,-0.7654406,ok
"Canary Islands, Las Palmas, Spain",28.1579336,-15.4196512,ok
"Catalonia, Costa del Maresme, Spain",41.8523094,1.5745043,ok
"El Cuarton, Andalusia, Campo de Gibraltar, Spain",36.065179,-5.533697,ok
"Villa Martin, Orihuela, Valencian Community, el Baix Segura La Vega Baja del Segura, Provincia de Alacant/Alicante, Spain",37.9412691,-0.7573223,ok
"Tarifa, Andalusia, Campo de Gibraltar, Spain",36.0129082,-5.6050213,ok
"Valencian Community, San Fulgencio, Provincia de Alacant/Alicante, Spain",38.138763,-0.6749545,ok
"Rincon de la Victoria, Andalusia, Malaga, Spain",36.7162109,-4.2793767,ok
"Santo Angel, Region of Murcia, Spain",37.9416905,-1.1280219,ok
"Valencian Community, el Camp de Turia, Spain",39.6819591,-0.7654406,ok
"Catalonia, Costa del Garraf, Spain",41.8523094,1.5745043,ok
"Valencian Community, San Miguel, Provincia de Alacant/Alicante, Spain",39.6819591,-0.7654406,ok
"Casares, Andalusia, Malaga, Spain",36.4433477,-5.2728863,ok
"Valencian Community, Benijofar, Provincia de Alacant/Alicante, Spain",39.6819591,-0.7654406,ok
"Adeje, Canary Islands, Santa Cruz de Tenerife, Spain",28.1394395,-16.7394564,ok
"Orpesa Oropesa del Mar, Valencian Community, Castello Castellon, Spain",40.0932078,0.1358123,ok
"El Saladillo, Region of Murcia, Bajo Guadalentin, Spain",37.6722178,-1.3492129,ok
"Calasparra, Region of Murcia, Noroeste, Spain",38.2309457,-1.7000042,ok
"Valencian Community, el Puig de Santa Maria, l Horta Nord, Spain",39.6819591,-0.7654406,ok
"Benahavis, Andalusia, Malaga, Costa del Sol Occidental, Spain",36.5222736,-5.0441068,ok
"Torrox, Andalusia, Malaga, Spain",36.7705233,-3.9530852,ok
"Caleta de Velez, Velez-Malaga, Andalusia, Malaga, Spain",36.7490645,-4.067894,ok
"Laguna Green, Orihuela, Valencian Community, el Baix Segura La Vega Baja del Segura, Provincia de Alacant/Alicante, Spain",38.0312326,-0.81913,ok
"el Pinos Pinoso, Valencian Community, Provincia de Alacant/Alicante, Spain",38.4021056,-1.041617,ok
"Mutxamel, Valencian Community, Provincia de Alacant/Alicante, Spain",38.4136518,-0.444471,ok
"Alzira, Valencian Community, Valencia, Spain",39.151212,-0.4346556,ok
"Valencian Community, Calp, Provincia de Alacant/Alicante, Spain",39.6819591,-0.7654406,ok
"Abanilla, Region of Murcia, Oriental, Spain",38.2058263,-1.0392384,ok
"Aguilas, Region of Murcia, Alto Guadalentin, Spain",37.4099628,-1.5804922,ok
"Parque De La Reina, Arona, Canary Islands, Santa Cruz de Tenerife, Spain",28.0496644,-16.6593054,ok
"Alhama de Murcia, Region of Murcia, Bajo Guadalentin, Spain",37.8515145,-1.4251045,ok
"Martorell, Catalonia, Baix Llobregat, Barcelona, Spain",41.4743886,1.9307159,ok
"Canet d en Berenguer, Valencian Community, Valencia, Spain",39.6804554,-0.2209621,ok
"Serrania, Andalusia, Malaga, Spain",36.5230013,-4.8803307,ok
"Valencian Community, Chiva, La Hoya de Bunol, Spain",39.6819591,-0.7654406,ok
"San Miguel de Abona, Canary Islands, Santa Cruz de Tenerife, Spain",28.0992051,-16.6167914,ok
"Lloret de Mar, Catalonia, Selva, Girones, Spain",41.6973503,2.8392392,ok
"San Roque, Andalusia, Campo de Gibraltar, Spain",36.2100586,-5.3868293,ok
"Puerto de la Cruz, Canary Islands, Santa Cruz de Tenerife, Spain",28.4159024,-16.5532956,ok
"Community of Madrid, Area metropolitana de Madrid y Corredor del Henares, Spain",40.5248319,-3.7715628,ok
"Valencian Community, Mazarron, Bajo Guadalentin, Spain",39.6819591,-0.7654406,ok
"Valencian Community, l Alfas del Pi, Provincia de Alacant/Alicante, Spain",39.6819591,-0.7654406,ok
"Catalonia, Spain",41.8523094,1.5745043,ok
"Valencian Community, Cartagena, Spain",39.6819591,-0.7654406,ok
"Valencian Community, l Horta Sud, Spain",39.4232843,-0.4383749,ok
"Premia de Dalt, Catalonia, Maresme, Barcelona, Spain",41.5055692,2.3458624,ok
"La Isla, Pals, Spain",36.7078894,-4.4354896,ok
"El Sauzal, Canary Islands, Santa Cruz de Tenerife, Spain",28.4505705,-16.4209055,ok
"Nerja, Andalusia, Malaga, Spain",36.7468565,-3.8790164,ok
"La Isla, Sant Antoni de Calonge, Spain",36.7078894,-4.4354896,ok
"el Poble Nou de Benitatxell Benitachell, Valencian Community, Provincia de Alacant/Alicante, Spain",38.7322971,0.1438442,ok
"Blanes, Catalonia, Selva, Girones, Spain",41.6756178,2.7932391,ok
"Santa Brigida, Canary Islands, Las Palmas, Spain",28.033114,-15.4917992,ok
"Llagostera, Catalonia, Girones, Spain",41.8289064,2.8920386,ok
"Canary Islands, Santa Cruz de Tenerife, Spain",28.0939413,-17.13478,ok
"la Pera, Catalonia, Lower Empordà, Girones, Spain",42.0330308,2.9672329,ok
"Hinojosa del Duque, Andalusia, Cordova, Spain",38.5004402,-5.1479244,ok
"Valencian Community, Altea, Provincia de Alacant/Alicante, Spain",39.6819591,-0.7654406,ok
"Esplugues de Llobregat, Catalonia, Baix Llobregat, Barcelona, Spain",41.3778094,2.0886257,ok
"Canary Islands, Granadilla de Abona, Santa Cruz de Tenerife, Spain",28.2935785,-16.6214471,ok
"Tossa de Mar, Catalonia, Selva, Girones, Spain",41.7197773,2.9312155,ok
"A Coruña, Santiago de Compostela, Spain",42.8804004,-8.5446277,ok
"Xabia Javea, Valencian Community, Provincia de Alacant/Alicante, Spain",38.7893804,0.1634168,ok
"Bordils, Catalonia, Girones, Spain",42.0440682,2.9116018,ok
"Alboraia Alboraya, Valencian Community, Valencia, Spain",39.5010119,-0.3499577,ok
"Santa Cristina d Aro, Catalonia, Lower Empordà, Girones, Spain",41.8121794,2.9997767,ok
"Valencian Community, Gandia, Safor, Spain",39.6819591,-0.7654406,ok
"Caldes de Malavella, Catalonia, Selva, Girones, Spain",41.8500211,2.8220556,ok
"els Poblets, Valencian Community, Provincia de Alacant/Alicante, Spain",38.8492741,0.0177943,ok
"Istan, Andalusia, Malaga, Spain",36.5819684,-4.9495445,ok
"Castello d Empuries, Catalonia, Upper Empordà, Girones, Spain",42.2591074,3.0746425,ok
"Valencian Community, Teulada, Provincia de Alacant/Alicante, Spain",39.6819591,-0.7654406,ok
"platja xilxes, Valencian Community, Castello Castellon, Spain",39.7672432,-0.1567445,ok
"Castell d Aro, Sant Feliu de Guixols, Catalonia, Lower Empordà, Girones, Spain",41.8151092,3.0310571,ok
"Val de Guadalmina, Andalusia, Malaga, Spain",36.5206681,-5.0434754,ok
"Santiago del Teide, Canary Islands, Santa Cruz de Tenerife, Spain",28.2706986,-16.8164665,ok
"Valencian Community, Comarca de Valencia, Valencia, Spain",39.4740708,-0.3759242,ok
"Galicia, A Coruña, Spain",42.891135,-8.4774969,ok
"Urbanizacion La Mairena, Andalusia, Marbella, Malaga, Spain",36.5314862,-4.7548942,ok
"Santa Maria de Llorell, Catalonia, Selva, Girones, Spain",41.7161114,2.9024173,ok
"el Fondo de les Neus Hondon de las Nieves, Valencian Community, Provincia de Alacant/Alicante, Spain",38.3084479,-0.8520387,ok
"Martin Miguel, Castile and León, Segovia, Spain",40.9510564,-4.2726858,ok
"Fene, Galicia, Ferrol, Spain",43.4553867,-8.1671134,ok
"Ojen, Andalusia, Malaga, Spain",36.5645156,-4.8565007,ok
"San Pedro de Alcantara, Andalusia, Marbella, Malaga, Spain",36.4975764,-4.993087,ok
"Balearic Islands, Palma de Mallorca, Spain",39.5433564,2.7251626,ok
"Valencian Community, Paiporta, l Horta Sud, Spain",39.6819591,-0.7654406,ok
"Balearic Islands, Ibiza, Spain",38.9472966,1.2289007,ok
"Sant Andreu de Llavaneres, Catalonia, Maresme, Barcelona, Spain",41.5739524,2.4828158,ok
"Valencian Community, Campo de Cartagena, Spain",39.6819591,-0.7654406,ok
"Corbera de Llobregat, Catalonia, Baix Llobregat, Barcelona, Spain",41.4164771,1.927753,ok
"Bendinat, Calvia, Balearic Islands, Serra de Tramuntana, Spain",39.535372,2.5796264,ok
"Canary Islands, Adeje, Santa Cruz de Tenerife, Spain",28.0813499,-16.7262371,ok
"Sant Feliu de Guixols, Catalonia, Lower Empordà, Girones, Spain",41.8299168,2.9702959,ok
"El Saladar, Valencian Community, el Baix Segura La Vega Baja del Segura, Provincia de Alacant/Alicante, Spain",38.126427,-0.7993791,ok
"Valencian Community, Alboraia Alboraya, l Horta Nord, Spain",39.6819591,-0.7654406,ok
"Catalonia, Barcelones, Barcelona, Spain",41.3684015,2.1534231,ok
"Torremolinos, Andalusia, Malaga, Spain",36.6242841,-4.4995448,ok
"Catalonia, Girona, Girones, Spain",41.9669174,2.8374385,ok
"Benagalbon, Andalusia, Malaga, Spain",36.7370799,-4.2450279,ok
"San Pedro de Alcantara, Andalusia, Malaga, Spain",36.4975764,-4.993087,ok
"Novelda, Valencian Community, Provincia de Alacant/Alicante, Spain",38.3842144,-0.7674146,ok
"Oliva, Valencian Community, Valencia, Spain",38.9202443,-0.1208981,ok
"Puente Mayorga, San Roque, Andalusia, Campo de Gibraltar, Spain",36.1811753,-5.3860788,ok
"La Mata, Castile-La Mancha, Torrijos, Toledo, Spain",39.9891288,-4.2811479,ok
"Catalonia, Baix Ebre, Tarragona, Spain",41.8523094,1.5745043,ok
"Torre del Mar, Velez-Malaga, Andalusia, Malaga, Spain",36.7413845,-4.0946126,ok
"Gava, Catalonia, Baix Llobregat, Barcelona, Spain",41.3050933,2.0063126,ok
"Balearic Islands, Pla de Mallorca, Spain",39.5433564,2.7251626,ok
"Sitges, Catalonia, Garraf, Barcelona, Spain",41.2353596,1.8114102,ok
"Roda de Bera, Catalonia, Tarragones, Tarragona, Spain",41.1857961,1.4569904,ok
"Andalusia, Cádiz, Spain",36.1606094,-5.3506411,ok
"Valencian Community, Xeresa, Safor, Spain",39.6819591,-0.7654406,ok
"La Orotava, Canary Islands, Santa Cruz de Tenerife, Spain",28.3898829,-16.5235692,ok
"Campllong, Catalonia, Girones, Spain",41.8948831,2.8309625,ok
"Balearic Islands, Ibiza, Sant Josep de sa Talaia, Spain",38.9472966,1.2289007,ok
"Sant Vicenc de Montalt, Catalonia, Maresme, Barcelona, Spain",41.5787122,2.5103642,ok
"Balearic Islands, Ibiza, Santa Eularia des Riu, Spain",39.613432,2.8829185,ok
"Castell de Castells, Valencian Community, Provincia de Alacant/Alicante, Spain",38.7250325,-0.1939985,ok
"Catalonia, Girones, Spain",41.9669174,2.8374385,ok
"Canyelles, Catalonia, Selva, Girones, Spain",41.2858273,1.7222743,ok
"Cabrera de Mar, Catalonia, Maresme, Barcelona, Spain",41.5276986,2.3925117,ok
"Catalonia, Pla de l Estany, Girones, Spain",41.8523094,1.5745043,ok
"Velilla-Taramay, Almunecar, Andalusia, Comarca de la Costa Granadina, Granada, Spain",36.7448167,-3.6649428,ok
"l Escala, Catalonia, Upper Empordà, Girones, Spain",42.113535,3.1387422,ok
"Torrent, Valencian Community, Valencia, Spain",39.436668,-0.4656213,ok
"Arenys de Mar, Catalonia, Maresme, Barcelona, Spain",41.5797031,2.5491562,ok
"Valencian Community, Carcaixent, la Ribera Alta, Spain",39.6819591,-0.7654406,ok
"Benimantell, Valencian Community, Provincia de Alacant/Alicante, Spain",38.6760377,-0.2100878,ok
"Mont-ras, Catalonia, Lower Empordà, Girones, Spain",41.9080196,3.144796,ok
"Valencian Community, Castello Castellon, la Plana Alta, Spain",39.9664778,-0.0811807,ok
"Sant Guim de Freixenet, Catalonia, Segarra, Lleida, Spain",41.6575687,1.4208056,ok
"La Cala del Moral, Rincon de la Victoria, Andalusia, Malaga, Spain",36.7183372,-4.3089321,ok
"Calonge, Catalonia, Lower Empordà, Girones, Spain",41.8621982,3.0747803,ok
"Las Beatas, San Pedro del Pinatar, Region of Murcia, Spain",37.8277441,-0.807587,ok
"Tacoronte, Canary Islands, Santa Cruz de Tenerife, Spain",28.478974,-16.397723,ok
"Valencian Community, Polop, Provincia de Alacant/Alicante, Spain",39.6819591,-0.7654406,ok
"La Portilla, Andalusia, Almeria, Spain",37.2898151,-1.8658733,ok
"Vejer de la Frontera, Andalusia, La Janda, Spain",36.251937,-5.9670492,ok
"Granadilla de Abona, Canary Islands, Santa Cruz de Tenerife, Spain",28.1220315,-16.5573154,ok
"Las Casillas, Andalusia, Malaga, Spain",36.8713879,-4.1912533,ok
"Gata de Gorgos, Valencian Community, Provincia de Alacant/Alicante, Spain",38.7695694,0.067245,ok
"Sils, Catalonia, Selva, Girones, Spain",41.8098347,2.743055,ok
"Ontinyent, Valencian Community, Valencia, Spain",38.8208523,-0.6099929,ok
"Valencian Community, Bigastro, Provincia de Alacant/Alicante, Spain",39.6819591,-0.7654406,ok
"Cullera, Valencian Community, Valencia, Spain",39.1647217,-0.2542313,ok
"Sella, Valencian Community, Provincia de Alacant/Alicante, Spain",38.6083783,-0.2722519,ok
"Sant Cugat del Valles, Catalonia, Valles Occidental, Barcelona, Spain",41.4707933,2.0848815,ok
"Xirles, Valencian Community, Provincia de Alacant/Alicante, Spain",38.6342551,-0.1363066,ok
"Buenavista del Norte, Canary Islands, Santa Cruz de Tenerife, Spain",28.3330401,-16.8663242,ok
"Valencian Community, Turis, la Ribera Alta, Spain",39.6819591,-0.7654406,ok
"Palafrugell, Catalonia, Lower Empordà, Girones, Spain",41.9183618,3.1619905,ok
"Alcalali, Valencian Community, Provincia de Alacant/Alicante, Spain",38.7496486,-0.0414327,ok
"Valencian Community, la Pobla de Vallbona, el Camp de Turia, Spain",39.6819591,-0.7654406,ok
"Heredades, Almoradi, Valencian Community, el Baix Segura La Vega Baja del Segura, Provincia de Alacant/Alicante, Spain",38.0943485,-0.7746028,ok
"Valencian Community, Castello Castellon, la Plana Baixa, Spain",39.6819591,-0.7654406,ok
"Valencian Community, Daya Nueva, Provincia de Alacant/Alicante, Spain",39.6819591,-0.7654406,ok
"Valencian Community, Pucol, l Horta Nord, Spain",39.6819591,-0.7654406,ok
"Valencian Community, Javea, Provincia de Alacant/Alicante, Spain",38.7744269,0.1868045,ok
"Valencian Community, Betera, Valencia, Spain",39.6819591,-0.7654406,ok
"Valencian Community, Ontinyent, la Vall d Albaida, Spain",38.8180586,-0.5948163,ok
"Urb La Cenuela, Valencian Community, el Baix Segura La Vega Baja del Segura, Provincia de Alacant/Alicante, Spain",37.9507354,-0.7185183,ok
"Yecla, Region of Murcia, Altiplano, Spain",38.6135956,-1.1157882,ok
"Valencian Community, Bocairent, la Vall d Albaida, Spain",39.6819591,-0.7654406,ok
"Valencian Community, Jacarilla, Provincia de Alacant/Alicante, Spain",39.6819591,-0.7654406,ok
"Navata, Catalonia, Upper Empordà, Girones, Spain",42.2248425,2.8584815,ok
"Vidreres, Catalonia, Selva, Girones, Spain",41.7888681,2.7792768,ok
"Canary Islands, La Orotava, Santa Cruz de Tenerife, Spain",28.2935785,-16.6214471,ok
"Valencian Community, Benissa, Provincia de Alacant/Alicante, Spain",39.6819591,-0.7654406,ok
"Balearic Islands, Ibiza, Sant Antoni de Portmany, Spain",38.9839264,1.2997563,ok
"Castelldefels, Catalonia, Baix Llobregat, Barcelona, Spain",41.2861022,1.9824173,ok
"Pals, Catalonia, Lower Empordà, Girones, Spain",41.9709891,3.1460371,ok
"Flaca, Catalonia, Girones, Spain",42.0456854,2.9569565,ok
"Aragon, Spain",41.3787291,-0.7639373,ok
"la Bisbal d Emporda, Catalonia, Lower Empordà, Girones, Spain",42.0330308,2.9672329,ok
"Calahonda, Motril, Andalusia, Comarca de la Costa Granadina, Granada, Spain",36.7013089,-3.4177163,ok
"l Eliana, Valencian Community, Valencia, Spain",39.5659086,-0.5302784,ok
"Monda, Andalusia, Malaga, Spain",36.6296973,-4.8318229,ok
"Torre Valentina, Catalonia, Lower Empordà, Girones, Spain",41.8373526,3.0927839,ok
"Begur, Catalonia, Lower Empordà, Girones, Spain",41.9541918,3.2088349,ok
"Valencian Community, Aspe, Provincia de Alacant/Alicante, Spain",39.6819591,-0.7654406,ok
"Palau-saverdera, Catalonia, Upper Empordà, Girones, Spain",42.307397,3.146579,ok
"Santa Ursula, Canary Islands, Santa Cruz de Tenerife, Spain",28.4061767,-16.4799173,ok
"La Herradura, Almunecar, Andalusia, Comarca de la Costa Granadina, Granada, Spain",36.7345524,-3.7379332,ok
"Valverde, Canary Islands, Santa Cruz de Tenerife, Spain",27.770617,-17.9491325,ok
"Cassa de la Selva, Catalonia, Girones, Spain",41.8874685,2.8742461,ok
"Madremanya, Catalonia, Girones, Spain",41.9900799,2.9568764,ok
"La canada, Paterna, Valencian Community, Valencia, Spain",39.5287349,-0.485945,ok
"Sant Antoni de Calonge, Catalonia, Lower Empordà, Girones, Spain",41.8472742,3.1026026,ok
"Valencian Community, Godelleta, La Hoya de Bunol, Spain",39.6819591,-0.7654406,ok
"Tias, Canary Islands, Las Palmas, Spain",28.9623228,-13.6637991,ok
"Roses, Catalonia, Upper Empordà, Girones, Spain",42.2632018,3.1755328,ok
"Valencian Community, l Horta Oest, Spain",39.6819591,-0.7654406,ok
"La Isla, Palafrugell, Spain",36.7078894,-4.4354896,ok
"San Isidro, Canary Islands, Santa Cruz de Tenerife, Spain",28.073393,-16.5564131,ok
"Valleseco, Canary Islands, Las Palmas, Spain",28.0451607,-15.5825755,ok
"Alcudia, Balearic Islands, Raiguer, Spain",39.8532473,3.1212505,ok
"Formentera del Segura, Valencian Community, Provincia de Alacant/Alicante, Spain",38.0851143,-0.7459956,ok
"Alcala de Xivert, Valencian Community, Castello Castellon, Spain",40.3041662,0.2252763,ok
"Villamartin, Andalusia, Sierra de Cadiz, Spain",36.8591822,-5.6434544,ok
"Catalonia, GRN, Girones, Spain",41.9669174,2.8374385,ok
"Andalusia, Sevilla, Spain",37.4645318,-5.3443621,ok
"Catalonia, Segria, Lleida, Spain",41.8523094,1.5745043,ok
"Pucol, Valencian Community, Valencia, Spain",39.6172229,-0.3028272,ok
"Sant Lluis, Balearic Islands, Menorca, Spain",39.8491294,4.2579831,ok
"Valencian Community, Senija, Provincia de Alacant/Alicante, Spain",39.6819591,-0.7654406,ok
"Valencian Community, Paterna, l Horta Oest, Spain",39.6819591,-0.7654406,ok
"Antigua, Canary Islands, Las Palmas, Spain",28.4204111,-14.0130914,ok
"Sierra Engarceran, Valencian Community, Castello Castellon, Spain",40.2696396,-0.0190324,ok
"Cartama, Andalusia, Malaga, Spain",36.7100716,-4.631539,ok
"Tamarco, Canary Islands, Santa Cruz de Tenerife, Spain",28.5254911,-16.3533468,ok
"Mazarron, Region of Murcia, Bajo Guadalentin, Spain",37.5984446,-1.31515,ok
"Sant Quirze del Valles, Catalonia, Valles Occidental, Barcelona, Spain",41.5331789,2.0806453,ok
"Andalusia, Algeciras, Campo de Gibraltar, Spain",37.3399964,-4.5811614,ok
"Serra Brava, Catalonia, Selva, Girones, Spain",41.7118379,2.8767384,ok
"Macastre, Valencian Community, Valencia, Spain",39.3820383,-0.7854865,ok
"Corca, Catalonia, Lower Empordà, Girones, Spain",41.9893624,3.0170799,ok
"Lorca, Region of Murcia, Alto Guadalentin, Spain",37.6951954,-1.772291,ok
"La canada, Valencian Community, l Horta Oest, Spain",39.4452343,-6.3867027,ok
"Valencian Community, Tavernes de la Valldigna, Safor, Spain",39.6819591,-0.7654406,ok
"el Perello, Valencian Community, Valencia, Spain",39.2766828,-0.2770574,ok
"Valencian Community, Vilallonga Villalonga, Safor, Spain",39.6819591,-0.7654406,ok
"La Isla, Blanes, Spain",36.7078894,-4.4354896,ok
"Los Gomez, Valencian Community, Region of Murcia, Spain",37.8411839,-0.7853664,ok
"Andalusia, Dos Hermanas, Sevilla, Spain",37.3399964,-4.5811614,ok
"San Bartolome de Tirajana, Canary Islands, Las Palmas, Spain",27.849902,-15.5879004,ok
"Aiguees, Valencian Community, Provincia de Alacant/Alicante, Spain",38.365691,-0.7485501,ok
"el Perello, Catalonia, Baix Ebre, Tarragona, Spain",40.8754052,0.7123762,ok
"Ador, Valencian Community, Valencia, Spain",38.9195136,-0.2242702,ok
"el Palomar, Valencian Community, Valencia, Spain",38.8543122,-0.5030984,ok
"Xeraco, Valencian Community, Valencia, Spain",39.0331946,-0.2152033,ok
"Alella, Catalonia, Maresme, Barcelona, Spain",41.4955603,2.2935325,ok
"Sueca, Valencian Community, Valencia, Spain",39.2025604,-0.3111645,ok
"Algorfa, Valencian Community, el Baix Segura La Vega Baja del Segura, Provincia de Alacant/Alicante, Spain",38.0862119,-0.796152,ok
"Valencian Community, els Poblets, Provincia de Alacant/Alicante, Spain",39.6819591,-0.7654406,ok
"Casinos, Valencian Community, Valencia, Spain",39.6995635,-0.7073505,ok
"La Isla, Santa Coloma de Farners, Spain",36.7078894,-4.4354896,ok
"Valencian Community, Godella, l Horta Nord, Spain",39.6819591,-0.7654406,ok
"Alhaurin de la Torre, Andalusia, Malaga, Spain",36.6627542,-4.562753,ok
"Arcos de la Frontera, Andalusia, Sierra de Cadiz, Spain",36.7526913,-5.8122092,ok
"Chauchina, Andalusia, Comarca de la Vega de Granada, Granada, Spain",37.1738608,-3.7903933,ok
"Valencian Community, Torrent, l Horta Oest, Spain",39.6819591,-0.7654406,ok
"Palomares, Andalusia, Almeria, Spain",37.2473814,-1.7973403,ok
"Sant Joan de Palamos, Catalonia, Lower Empordà, Girones, Spain",41.8560613,3.1312537,ok
"Valencian Community, el Campello, Provincia de Alacant/Alicante, Spain",39.6819591,-0.7654406,ok
"Valencian Community, Dolores, Provincia de Alacant/Alicante, Spain",39.6819591,-0.7654406,ok
"l Almoraig, Valencian Community, Provincia de Alacant/Alicante, Spain",38.5543912,-0.4883335,ok
"Xixona Jijona, Valencian Community, Provincia de Alacant/Alicante, Spain",38.5392703,-0.5075903,ok
"Relleu, Valencian Community, Provincia de Alacant/Alicante, Spain",38.5874435,-0.3111354,ok
"Andalusia, La Janda, Spain",37.3399964,-4.5811614,ok
"Valencian Community, Catral, Provincia de Alacant/Alicante, Spain",39.6819591,-0.7654406,ok
"Fuente Alamo de Murcia, Region of Murcia, Spain",37.7393312,-1.1881009,ok
"Castello de Rugat, Valencian Community, Valencia, Spain",38.874757,-0.3818165,ok
"Velez-Malaga, Andalusia, Malaga, Spain",36.7818354,-4.0988099,ok
"Valencian Community, Lliria, el Camp de Turia, Spain",39.6819591,-0.7654406,ok
"Cudillero Cuideiru, Asturias, Spain",43.5633258,-6.1458061,ok
"la Font d en Carros, Valencian Community, Valencia, Spain",38.9168188,-0.1702194,ok
"Benijofar, Valencian Community, el Baix Segura La Vega Baja del Segura, Provincia de Alacant/Alicante, Spain",38.0789755,-0.7384165,ok
"Senija, Valencian Community, Provincia de Alacant/Alicante, Spain",38.7284429,0.0420729,ok
"Cala Vinyes, Calvia, Balearic Islands, Serra de Tramuntana, Spain",39.4941131,2.5333056,ok
"Barbate, Andalusia, La Janda, Spain",36.1923983,-5.9192837,ok
"La Cuesta, Canary Islands, San Cristobal de La Laguna, Santa Cruz de Tenerife, Spain",28.4684719,-16.2893066,ok
"Valencian Community, Llauri, la Ribera Baixa, Spain",39.6819591,-0.7654406,ok
"Valencian Community, Murla, Provincia de Alacant/Alicante, Spain",39.6819591,-0.7654406,ok
"Chon Buri Province, Pattaya, Thailand",12.9065046,100.870243,ok
"Phuket Province, Phuket, Thailand",7.7920634,98.3186904,ok
"Patong, Phuket Province, Phuket, Thailand",7.8994173,98.3087176,ok
"Bangkok, Thailand",13.7524938,100.4935089,ok
"Ban Kata, Phuket Province, Phuket, Thailand",7.8188485,98.3087961,ok
"Phuket Province, Thailand",7.9366015,98.3529292,ok
"Ban Tha Len, Phuket Province, Phuket, Thailand",18.7944185,99.0557146,ok
"Bang Sare, Chon Buri Province, Pattaya, Thailand",12.7640254,100.8912245,ok
"Bangkok, Bang Na Nuea Subdistrict, Bang Na District, Thailand",13.6827156,100.616283,ok
"Na Chom Thian, Chon Buri Province, Pattaya, Thailand",12.8575568,100.9087586,ok
"Na Kluea, Chon Buri Province, Pattaya, Thailand",12.9598939,100.8938262,ok
"Ban Tha Nun, Phuket Province, Thailand",8.2189952,98.2971438,ok
"Phangnga Province, Thailand",8.6423508,98.2518775,ok
"Bangkok, Thap Chang Subdistrict, Saphan Sung District, Thailand",13.7462764,100.6723394,ok
"Pa Khlok, Phuket Province, Phuket, Thailand",8.0151711,98.3990305,ok
"Chon Buri Province, Thailand",13.1857117,101.1210777,ok
"Bangkok, Khlong Toei Subdistrict, Khlong Toei District, Thailand",13.7302641,100.5657084,ok
"Bangkok, Sanam Bin Subdistrict, Lam Luk Ka District, Thailand",13.7524938,100.4935089,ok
"Surat Thani Province, Ko Samui, Thailand",9.4766692,100.0676752,ok
"Phra Nakhon Si Ayutthaya Province, Ban Chung Subdistrict Administrative Organization, Phachi District, Thailand",14.4501383,100.6741019,ok
"Bangkok, Yan Nawa Subdistrict, Thailand",13.7204262,100.5299983,ok
"Bangkok, Sao Chingcha Subdistrict, Phra Nakhon District, Thailand",13.7548451,100.501216,ok
"Bangkok, Suan Chitlada Subdistrict, Dusit District, Thailand",13.7580435,100.5189372,ok
"Surat Thani Province, Thailand",9.4674663,98.830042,ok
"Kathu, Phuket Province, Phuket, Thailand",7.9099405,98.3420844,ok
"Bangkok, Chom Phon Subdistrict, Chatuchak District, Thailand",13.8094663,100.5602159,ok
"Na Kluea, Chon Buri Province, Thailand",12.9598939,100.8938262,ok
"Bangkok, Chatuchak Subdistrict, Chatuchak District, Thailand",13.8157541,100.5597347,ok
"Bangkok, Bang Kapi Subdistrict, Huai Khwang District, Thailand",13.7499099,100.5836619,ok
"Mediterranean Region, Turkey",37.2086473,30.6920699,ok
"Kalkan, Mediterranean Region, Kas, Turkey",36.2652721,29.4152567,ok
"Mediterranean Region, Antalya, Turkey",36.8566747,30.7832197,ok
"Yesiloez, Mediterranean Region, Alanya, Turkey",36.3897479,32.2117714,ok
"Mediterranean Region, Sekerhane Mahallesi, Alanya, Turkey",37.2086473,30.6920699,ok
"Akarca, Central Anatolia Region, Turkey",39.1737245,33.2177028,ok
"Cekmekoey, Marmara Region, Cekmekoey Askeri Boelge, Turkey",41.0351579,29.1739149,ok
"Marmara Region, Istanbul, Turkey",41.0267866,28.9727283,ok
"Aegean Region, Fethiye, Turkey",36.5451633,29.1244074,ok
"Mahmutlar, Mediterranean Region, Alanya, Turkey",36.4902361,32.0990063,ok
"Karakocali, Mediterranean Region, Alanya, Turkey",36.5381486,32.067273,ok
"Yalci, Mediterranean Region, Alanya, Turkey",36.5518241,32.289537,ok
"Bahcelievler, Marmara Region, Turkey",41.0030495,28.8657701,ok
"Marmara Region, Evliya Celebi Mahallesi, Turkey",41.0289309,28.9720787,ok
"Payallar, Mediterranean Region, Alanya, Turkey",36.6122087,31.8598689,ok
"Yokuslu, Southeastern Anatolia Region, Dicle, Turkey",38.4215274,40.0179487,ok
"Marmara Region, Turkey",40.5885285,28.4283808,ok
"Ciplakli, Mediterranean Region, Alanya, Turkey",36.5627277,32.0522649,ok
"Mediterranean Region, Alanya, Turkey",36.8968138,30.7611911,ok
"Sancaktepe, Marmara Region, Turkey",40.9905196,29.2288624,ok
"Uemraniye, Marmara Region, Turkey",41.0256362,29.0963049,ok
"Bahcelievler Mahallesi, Marmara Region, Turkey",40.8839106,29.2353786,ok
"Yaylali, Mediterranean Region, Alanya, Turkey",36.514422,32.1058917,ok
"Avcilar, Marmara Region, Turkey",40.9799389,28.7216689,ok
"Avsallar, Mediterranean Region, Alanya, Turkey",36.6233844,31.7679024,ok
"Konakli, Mediterranean Region, Alanya, Turkey",36.5858973,31.8903886,ok
"Tuerkler, Mediterranean Region, Alanya, Turkey",36.8865728,30.7030242,ok
"Beylikduezue, Marmara Region, Turkey",41.0266122,28.62339,ok
"Mediterranean Region, Gazipasa, Turkey",36.2672893,32.3045328,ok
"Yesilkoey, Mediterranean Region, Antalya, Turkey",36.8865728,30.7030242,ok
"Kuyuluk, Mezitli, Mediterranean Region, Mersin, Turkey",36.7565762,34.5147107,ok
"Kahyalar, Mediterranean Region, Gazipasa, Turkey",36.3125311,32.280233,ok
"Kadikoey, Marmara Region, Turkey",40.9909659,29.0237313,ok
"Doesemealti, Mediterranean Region, Turkey",37.2086473,30.6920699,ok
"Merdivenlikuyu, Mediterranean Region, Erdemli, Turkey",36.4845641,34.1738894,ok
"Guengoeren, Marmara Region, Turkey",40.5885285,28.4283808,ok
"Muratpasa, Mediterranean Region, Turkey",36.8888637,30.7208911,ok
"Aegean Region, Bodrum, Turkey",38.056738,28.5539727,ok
"Boztepe, Mediterranean Region, Alanya, Turkey",37.7317159,38.4923062,ok
"Kargicak, Mediterranean Region, Alanya, Turkey",36.4610139,32.1253383,ok
"Mezitli, Mediterranean Region, Mersin, Turkey",36.7495289,34.5307018,ok
"Mediterranean Region, Erdemli, Turkey",37.2086473,30.6920699,ok
"Ishakli, Mediterranean Region, Alanya, Turkey",36.4325651,32.1617727,ok
"Mahmutlar, Central Anatolia Region, Kırıkkale, Kirikkale merkez, Turkey",39.8592214,33.6069723,ok
"Degirmendere, Mediterranean Region, Alanya, Turkey",36.5707062,32.0646914,ok
"Incekum, Mediterranean Region, Alanya, Turkey",36.6447502,31.7349128,ok
"Mediterranean Region, Finike, Turkey",37.2086473,30.6920699,ok
"Central Anatolia Region, Ankara, Turkey",39.8782144,32.8719399,ok
"Esenyurt, Marmara Region, Turkey",41.0342862,28.6801113,ok
"Central Anatolia Region, Turkey",38.7666198,34.5498212,ok
"Yoeruekali, Marmara Region, Mudanya, Turkey",40.3752582,28.8837929,ok
"Marmara Region, Tahtakale Mahallesi, Turkey",41.0160371,28.9693757,ok
"Elvanli, Mediterranean Region, Mersin, Turkey",36.7025405,34.3720926,ok
"Sariyer, Marmara Region, Turkey",41.1685803,29.0572623,ok
"Kepez, Mediterranean Region, Turkey",36.9176296,30.7149914,ok
"Koyunlar, Mediterranean Region, Antalya, Turkey",39.8406737,30.5428249,ok
"Guezeloba, Mediterranean Region, Turkey",37.2086473,30.6920699,ok
"Marmara Region, Akse Mahallesi, Cayirova, Turkey",40.5885285,28.4283808,ok
"Bayrakli, Aegean Region, Turkey",38.4639144,27.1644029,ok
"Gaziosmanpaşa, Marmara Region, Turkey",41.0578305,28.9122452,ok
"Etimesgut, Central Anatolia Region, Ankara, Yenimahalle, Turkey",39.9254364,32.7506587,ok
"Agackoey, Aegean Region, Kuetahya, Kuetahya merkez, Turkey",39.4199106,29.9857886,ok
"Mediterranean Region, Mezitli, Turkey",37.2086473,30.6920699,ok
"Calipinar, Mediterranean Region, Gazipasa, Turkey",36.3179599,32.3155507,ok
"Pendik, Marmara Region, Turkey",40.8768715,29.2349672,ok
"Okurcalar, Mediterranean Region, Alanya, Turkey",36.6491805,31.7058991,ok
"Sancaktepe, Marmara Region, Meclis Mahallesi, Turkey",41.0083376,29.2133166,ok
"Canakci, Mediterranean Region, Erdemli, Turkey",36.5456931,34.1600344,ok
"Marmara Region, Yalova merkez, Turkey",40.6553084,29.2562222,ok
"Demirtas, Mediterranean Region, Alanya, Turkey",36.427021,32.1918221,ok
Turkey,39.294076,35.2316631,ok
"Arnavutkoey, Marmara Region, Hastane Mahallesi, Turkey",41.2927477,36.3187955,ok
"Belek, Mediterranean Region, Antalya, Turkey",36.8633459,31.0578184,ok
"Aegean Region, Turkey",38.056738,28.5539727,ok
"Marmara Region, Ataevler Mahallesi, Kartepe, Turkey",40.5885285,28.4283808,ok
"Marmara Region, Kasikci Mahallesi, Derince, Turkey",40.8469551,29.9107406,ok
"Coerues, Mediterranean Region, Gazipasa, Turkey",36.2682712,32.3175066,ok
"Konyaalti, Mediterranean Region, Antalya, Turkey",36.8726128,30.6503649,ok
"Bueyuekkumla, Marmara Region, Gemlik, Turkey",40.4301652,29.1570698,ok
"Mediterranean Region, Mersin, Turkey",36.803395,34.5939041,ok
"Yenbey, Mediterranean Region, Kumluca, Turkey",36.4141815,30.4304261,ok
"Kuecuekcekmece, Marmara Region, Turkey",41.0183907,28.7473881,ok
"Aegean Region, Irmak Mahallesi, Gaziemir, Turkey",38.056738,28.5539727,ok
"Sarimese, Marmara Region, Sevkatiye Mahallesi, Kartepe, Turkey",40.4464016,40.2821874,ok
"Altinkum, Mediterranean Region, Antalya, Turkey",36.8652333,30.6373074,ok
"Marmara Region, Goeruekle Mahallesi, Niluefer, Turkey",40.5885285,28.4283808,ok
"Seki, Mediterranean Region, Alanya, Turkey",36.4409411,32.1559195,ok
"Mudanya, Marmara Region, Bursa, Turkey",40.3752582,28.8837929,ok
"Aegean Region, Tuerkmen Mahallesi, Kusadasi, Turkey",38.056738,28.5539727,ok
"Kartal, Marmara Region, Turkey",40.88858,29.1856536,ok
"Marmara Region, Ciftlikkoey, Turkey",40.5885285,28.4283808,ok
"Marmara Region, Izmit, Turkey",40.7620879,29.9214157,ok
"Sincan, Central Anatolia Region, Etimesgut, Turkey",39.9553825,32.6238402,ok
"Toslak, Mediterranean Region, Alanya, Turkey",36.6246564,31.9056016,ok
"Karsiyaka, Black Sea Region, Turkey",41.3706784,32.3732951,ok
"Sariyer, Marmara Region, Huzur Mahallesi, Turkey",41.1685803,29.0572623,ok
"Yenimahalle, Central Anatolia Region, Ankara, Turkey",39.9661061,32.8087786,ok
"Aegean Region, Kuetahya, Kuetahya merkez, Turkey",38.056738,28.5539727,ok
"Marmaris, Aegean Region, Mugla, Mentese, Turkey",36.8522547,28.2742661,ok
"Lara, Mediterranean Region, Antalya, Turkey",36.8491054,30.832076,ok
"Kuzucu, Mediterranean Region, Mezitli, Turkey",36.831882,34.415382,ok
"Mediterranean Coast, Konyaalti, Turkey",36.8726128,30.6503649,ok
"Marmara Region, Gemlik, Turkey",40.4076712,29.0853692,ok
"Ciftepinar, Mediterranean Region, Erdemli, Turkey",36.7126116,34.3494197,ok
"Guendogdu, Marmara Region, Turkey",40.5885285,28.4283808,ok
"Eminlik, Mediterranean Region, Adana, Kozan, Turkey",37.2494735,34.9217859,ok
"Bagcilar, Marmara Region, Turkey",41.034547,28.8567558,ok
"Cekmekoey, Marmara Region, Turkey",41.0351579,29.1739149,ok
"Termal, Marmara Region, Bursa, Turkey",40.2028225,29.0230742,ok
"Beyobasi, Mediterranean Region, Gazipasa, Turkey",36.2899142,32.3174182,ok
"Central Anatolia Region, Altindag, Turkey",39.9391165,32.8525658,ok
"Ortakoey, Central Anatolia Region, Turkey",38.736624,34.0412195,ok
"Yildirim, Marmara Region, Esenevler Mahallesi, Turkey",41.0132403,29.095679,ok
"Erdemli, Mediterranean Region, Mersin, Turkey",36.6057089,34.3102872,ok
"Mediterranean Region, Tarsus, Turkey",37.2086473,30.6920699,ok
"Osmangazi, Marmara Region, Turkey",40.7992416,29.3801162,ok
"Doglu, Mediterranean Region, Mersin, Turkey",36.7468661,34.421294,ok
"Silivri, Marmara Region, Turkey",41.0742476,28.2481709,ok
"Aksakli, Black Sea Region, Besikduezue, Turkey",41.0585317,39.1926117,ok
"Marmara Region, Besevler Mahallesi, Niluefer, Turkey",40.5885285,28.4283808,ok
"Limonlu, Mediterranean Region, Erdemli, Turkey",36.5544646,34.2385176,ok
"Basaksehir, Marmara Region, Turkey",41.1075794,28.7950711,ok
"Mediterranean Region, Konyaalti, Turkey",36.8915928,30.6435691,ok
"Kalekoey, Mezitli, Mediterranean Region, Mersin, Turkey",36.7978381,34.6298391,ok
"Cankaya, Central Anatolia Region, Turkey",39.8853321,32.8554966,ok
"Ciftlikkoey, Yenisehir, Mediterranean Region, Turkey",40.6645227,29.3229213,ok
"Cinarcik, Marmara Region, Bursa, Turkey",40.041988,28.784685,ok
"Isikli, Mediterranean Region, Silifke, Turkey",36.2406248,33.7503836,ok
"Mediterranean Region, Mut, Turkey",37.2086473,30.6920699,ok
"Duraliler, Kepez, Mediterranean Region, Turkey",36.9020457,30.6141871,ok
"Uectepe, Erdemli, Mediterranean Region, Mersin, Turkey",36.7978381,34.6298391,ok
"Alan, Mediterranean Region, Antalya, Turkey",36.1753365,32.4464986,ok
"Arakli, Black Sea Region, Bayburt, Bayburt merkez, Turkey",40.9358214,40.0580406,ok
"Aegean Region, Cigli, Turkey",38.474078,27.0314294,ok
"Marmara Region, Fatih Sultan Mehmet Mahallesi, Kartepe, Turkey",40.5885285,28.4283808,ok
"Yalinayak, Toroslar, Mediterranean Region, Turkey",36.8492951,34.638267,ok
"Central Anatolia Region, Pursaklar, Turkey",38.7666198,34.5498212,ok
"Ortahisar, Black Sea Region, Turkey",41.0062151,39.7257588,ok
"Altindag, Central Anatolia Region, Turkey",39.9523587,32.8662025,ok
"Duaci, Mediterranean Region, Antalya, Turkey",36.9760841,30.6530889,ok
"Ciplakli, Mediterranean Region, Antalya, Turkey",36.5627277,32.0522649,ok
"Kadriye, Mediterranean Region, Antalya, Turkey",36.8845956,31.0094995,ok
"Central Anatolia Region, Goelbasi, Turkey",38.7666198,34.5498212,ok
"Marmara Region, Dumlupinar Mahallesi, Niluefer, Turkey",40.5885285,28.4283808,ok
"Menderes, Aegean Region, Turkey",38.2551566,27.1381399,ok
"Tarsus, Mediterranean Region, Mersin, Turkey",36.9164834,34.895149,ok
"Tozlu, Mediterranean Region, Erdemli, Turkey",36.8020487,34.1211351,ok
"Marmara Region, Ayazaga Mahallesi, Turkey",41.1076403,28.9868403,ok
"Mamak, Central Anatolia Region, Turkey",39.931033,32.9122759,ok
"Aegean Region, Cesme, Turkey",38.056738,28.5539727,ok
"Balaban, Marmara Region, Balaban Mahallesi, Kartepe, Turkey",38.953407,27.2026477,ok
"Bueyuek Kilicli Mahallesi, Silivri, Marmara Region, Turkey",40.5885285,28.4283808,ok
"Beyoglu, Marmara Region, Haciahmet Mahallesi, Turkey",41.0433026,28.9727741,ok
"Calkaya, Aksu, Mediterranean Region, Antalya, Turkey",36.9461925,30.8524675,ok
"Beyoglu, Marmara Region, Turkey",41.0284233,28.9736808,ok
"Yuvacik, Marmara Region, Sahil Mahallesi, Basiskele, Turkey",40.7177377,29.9321938,ok
"Arnavutkoey, Marmara Region, Turkey",40.5885285,28.4283808,ok
"Fatih, Marmara Region, Turkey",41.0192846,28.9479296,ok
"Marmara Region, Piyalepasa Mahallesi, Turkey",40.5885285,28.4283808,ok
"Eyuepsultan, Marmara Region, Turkey",40.5885285,28.4283808,ok
"Marmara Region, Maslak Mahallesi, Turkey",40.5885285,28.4283808,ok
"Marmara Region, Istasyon Mahallesi, Turkey",40.8279997,29.3210949,ok
"Sultanbeyli, Marmara Region, Turkey",40.9670242,29.2671314,ok
"Aegean Region, Huzur Mahallesi, Narlidere, Turkey",38.056738,28.5539727,ok
"Hisarcandir, Mediterranean Region, Turkey",36.7706015,30.4681614,ok
"Aegean Region, Didim, Turkey",37.3531197,27.3260728,ok
"Aegean Region, Fatih Mahallesi, Foca, Turkey",38.056738,28.5539727,ok
"Zeytinburnu, Marmara Region, Turkey",40.9898653,28.9037467,ok
"Marmara Region, Merkez Mahallesi, Turkey",41.0596309,28.9074999,ok
"Marmara Region, Piri Pasa Mahallesi, Turkey",41.0708335,28.2427377,ok
"Ueskuedar, Marmara Region, Turkey",40.5885285,28.4283808,ok
"Toroslar, Mediterranean Region, Turkey",36.8207633,34.6104192,ok
"Bakirkoey, Marmara Region, Turkey",40.9782585,28.8744461,ok
"Hacilar, Central Anatolia Region, Ankara, Yenimahalle, Turkey",40.4932519,32.8036755,ok
"Marmara Region, Esentepe Mahallesi, Turkey",41.0942562,28.879667,ok
"Bueyuekcekmece, Marmara Region, Turkey",40.5885285,28.4283808,ok
"Acarlar Mahallesi, Marmara Region, Turkey",41.1124198,29.1268607,ok
"Konak, Aegean Region, Turkey",38.4187168,27.1282675,ok
"Marmara Region, Asmali Mescit Mahallesi, Turkey",41.0310866,28.9740165,ok
"Sisli, Marmara Region, Turkey",41.0637891,28.9831642,ok
"Marmara Region, Sirapinar Mahallesi, Turkey",40.5885285,28.4283808,ok
"Aegean Region, Gaziemir, Turkey",38.3361775,27.1265789,ok
"Marmara Region, Rami Cuma Mahallesi, Turkey",40.5885285,28.4283808,ok
"Derekoey, Aegean Region, Bodrum, Turkey",37.0343987,27.430651,ok
"Marmara Region, Goektuerk Merkez Mahallesi, Turkey",40.5885285,28.4283808,ok
"Marmara Region, Tomtom Mahallesi, Turkey",40.5885285,28.4283808,ok
"Marmara Region, Cukur Mahallesi, Turkey",40.5885285,28.4283808,ok
"Dagbelen, Aegean Region, Bodrum, Turkey",37.086887,27.3420897,ok
"Goerele Mahallesi, Marmara Region, Turkey",40.5885285,28.4283808,ok
"Ulugoel, Mediterranean Region, Kas, Turkey",36.1993752,29.6413365,ok
"Marmara Region, Guemuessuyu Mahallesi, Turkey",40.5885285,28.4283808,ok
"Bitez, Aegean Region, Bodrum, Turkey",37.0419839,27.3785604,ok
"Kayakoey, Aegean Region, Fethiye, Turkey",36.5781319,29.0874591,ok
"Cesme, Aegean Region, 16 Eyluel Mahallesi, Turkey",38.3244044,26.3029604,ok
"Guelluek, Aegean Region, Milas, Turkey",37.2483614,27.3727506,ok
"Karakecililer, Aegean Region, Fethiye, Turkey",36.58531,29.0958499,ok
"Sariyer, Marmara Region, Cumhuriyet Mahallesi, Turkey",41.1507375,29.0300131,ok
"Yalikavak, Aegean Region, Bodrum, Turkey",37.1056168,27.293058,ok
"Marmara Region, Cihangir Mahallesi, Turkey",40.5885285,28.4283808,ok
"Aegean Region, Haci Isa Mahallesi, Urla, Turkey",38.056738,28.5539727,ok
"Beykoz, Marmara Region, Turkey",41.1343001,29.0920378,ok
"Marmara Region, Postane Mahallesi, Turkey",40.5885285,28.4283808,ok
"Marmara Region, Istinye Mahallesi, Turkey",41.1105921,29.0340644,ok
"Inlice, Aegean Region, Turkey",39.1268717,29.169832,ok
"Alan, Semdinli, Eastern Anatolia Region, Turkey",37.3005653,44.7544342,ok
"Aegean Region, Milas, Turkey",38.056738,28.5539727,ok
"Bornova, Aegean Region, Izmir, Turkey",38.4661896,27.2191942,ok
"Kazandere, Marmara Region, Servetiye Cami Mahallesi, Basiskele, Turkey",37.6216414,28.3828558,ok
"Kumkoey, Mediterranean Region, Manavgat, Turkey",36.7870124,31.4406667,ok
"Maltepe, Marmara Region, Turkey",40.9247539,29.1310782,ok
"Bogazici, Aegean Region, Milas, Turkey",37.2015883,27.5849421,ok
"Kusunlar, Central Anatolia Region, Turkey",39.887909,32.970974,ok
"Marmara Region, Yuezuencueyil Mahallesi, Niluefer, Turkey",40.5885285,28.4283808,ok
"Marmara Region, Bursa, Turkey",40.2492532,28.9518451,ok
"Osmangazi, Marmara Region, Demirtas Sakarya Mahallesi, Turkey",40.2696281,29.0856948,ok
"Kemikler, Aegean Region, Milas, Turkey",37.195538,27.656731,ok
"Yalincak, Ortahisar, Black Sea Region, Turkey",40.9746898,39.8205471,ok
"Altintas, Marmara Region, Bursa, Turkey",40.3556433,28.969765,ok
"Cinarli, Yomra, Black Sea Region, Trabzon, Turkey",40.939385,39.822056,ok
"Yenisehir, Mediterranean Region, Turkey",36.7822772,34.5924486,ok
"Aksu, Mediterranean Region, Antalya, Turkey",36.9475051,30.847705,ok
"Marmara Region, Fatih Mahallesi, Basiskele, Turkey",40.5885285,28.4283808,ok
"Yenikoey, Menderes, Aegean Region, Turkey",36.6318772,31.9431696,ok
"Sariyar, Mediterranean Region, Mersin, Turkey",36.7166455,34.4036181,ok
"Inegoel, Marmara Region, Bursa, Turkey",40.0800359,29.5096528,ok
"Bahtili, Mediterranean Region, Antalya, Turkey",36.8870779,30.5741214,ok
"Eski Oemerler, Central Anatolia Region, Kayseri, Turkey",38.7219011,35.4873214,ok
"Bueyuekkumluca, Mediterranean Region, Antalya, Turkey",36.8865728,30.7030242,ok
"Kagithane, Marmara Region, Turkey",41.0796544,28.9731198,ok
"Doerttepe, Aegean Region, Milas, Turkey",37.3162709,27.7799762,ok
"Other regions of, Turkey",,,not_found
"Yapracik, Central Anatolia Region, Ankara, Turkey",39.865294,32.5817705,ok
"Atasehir, Marmara Region, Turkey",40.9929379,29.1135187,ok
"Islamhaneleri, Aegean Region, Bodrum, Turkey",37.029895,27.2947027,ok
"Central Anatolia Region, Ata Mahallesi, Yenimahalle, Turkey",38.7666198,34.5498212,ok
"Guendogdu, Marmara Region, Bursa, Turkey",40.1825734,29.0675039,ok
"Aegean Region, Torbali, Turkey",38.056738,28.5539727,ok
"Obakoey, Eastern Anatolia Region, Igdir, Igdir merkez, Turkey",39.9218784,44.0467957,ok
"Bengisu, Black Sea Region, Trabzon, Turkey",40.9726959,39.679453,ok
"Bulak, Black Sea Region, Turkey",40.794334,35.285866,ok
"Mediterranean Region, Aksu, Turkey",37.2086473,30.6920699,ok
"Marmara Region, Orhangazi, Turkey",40.9445213,31.3963222,ok
"Elikesik, Mediterranean Region, Alanya, Turkey",36.590522,31.9334143,ok
"Kozluca, Marmara Region, Inegoel, Turkey",40.1212887,29.5634265,ok
"Marmara Region, Sarimese Mahallesi, Kartepe, Turkey",40.5885285,28.4283808,ok
"Tatlisu, Tortum, Eastern Anatolia Region, Turkey",40.2851833,41.5166929,ok
"Yenifoca, Aegean Region, Mustafa Kemal Atatuerk Mahallesi, Foca, Turkey",38.7405195,26.8382207,ok
"Sultangazi, Marmara Region, Turkey",41.1043344,28.8614367,ok
"Mecidiye, Aegean Region, Kuetahya, Kuetahya merkez, Turkey",40.9446697,32.5314185,ok
"Aegean Region, Menemen, Turkey",38.056738,28.5539727,ok
"Camoba, Black Sea Region, Turkey",40.980223,39.7094954,ok
"Iskele, Aegean Region, Iskele Mahallesi, Urla, Turkey",38.3634121,26.7711974,ok
"Aegean Region, Celal Bayar Mahallesi, Turkey",38.056738,28.5539727,ok
"Meselik, Aegean Region, Milas, Turkey",37.1479725,27.5943513,ok
"Besiktas, Marmara Region, Turkey",41.0428465,29.0075283,ok
"Marmara Region, Kadi Mehmet Efendi Mahallesi, Turkey",40.5885285,28.4283808,ok
"Mahmutsevketpasa Mahallesi, Beykoz, Marmara Region, Turkey",41.1521358,29.1889169,ok
"Beyoglu, Marmara Region, Suetluece Mahallesi, Turkey",41.0284233,28.9736808,ok
"Guendogan, Aegean Region, Bodrum, Turkey",37.0343987,27.430651,ok
"Marmara Region, Balat Mahallesi, Niluefer, Turkey",40.5885285,28.4283808,ok
"Bezirgan, Mediterranean Region, Kas, Turkey",36.2751495,29.4604145,ok
"Aegean Region, Izmir, Turkey",38.3361775,27.1265789,ok
"Cankaya, Central Anatolia Region, Ueniversiteler Mahallesi, Turkey",39.8853321,32.8554966,ok
"Marmara Region, Kemankes Karamustafa Pasa Mahallesi, Turkey",41.0234162,28.9780486,ok
"Marmara Region, Haci Kasim Mahallesi, Turkey",40.5885285,28.4283808,ok
"Marmara Region, Arap Cami Mahallesi, Turkey",40.5885285,28.4283808,ok
"Caglarca, Mediterranean Region, Konyaalti, Turkey",36.8690132,30.4582917,ok
"Beyoglu, Marmara Region, Kuecuek Piyale Mahallesi, Turkey",41.0284233,28.9736808,ok
"Marmara Region, Vanimehmet Mahallesi, Kestel, Turkey",40.5885285,28.4283808,ok
"Catalca, Menderes, Aegean Region, Catalca Mahallesi, Turkey",41.1436804,28.4605154,ok
"Kocavilayet, Yenisehir, Mediterranean Region, Turkey",36.818817,34.556625,ok
"Bueyuekcekmece, Marmara Region, Mimarsinan Mahallesi, Turkey",37.8538652,27.8086911,ok
"Kayapinar, Yunusemre, Aegean Region, Manisa, Sehzadeler, Turkey",37.0788399,40.2945924,ok
"Tuzla, Marmara Region, Turkey",40.8161732,29.3034194,ok
"Marmara Region, Pasadag Mahallesi, Basiskele, Turkey",40.5885285,28.4283808,ok
"Yeni Karakoey, Central Anatolia Region, Pursaklar, Turkey",40.0381052,32.896908,ok
"Hacerlersokagi, Mediterranean Region, Turkey",37.2086473,30.6920699,ok
"Aegean Region, 30 Agustos Mahallesi, Menemen, Turkey",38.056738,28.5539727,ok
"Izmir, Aegean Region, Turkey",38.4192537,27.128469,ok
"Aegean Region, Alsancak Mahallesi, Turkey",38.056738,28.5539727,ok
"Beyoglu, Marmara Region, Kalyoncu Kullugu Mahallesi, Turkey",41.0368695,28.9742798,ok
"Marmara Region, Harbiye Mahallesi, Turkey",40.5885285,28.4283808,ok
"Kurucesme, Marmara Region, Bursa, Turkey",40.12587,28.822412,ok
"Pasakoey, Sancaktepe, Marmara Region, Turkey",36.6082419,31.9924937,ok
"Marmara Region, Bostan Mahallesi, Turkey",40.5885285,28.4283808,ok
"Izmir, İzmir Province, Turkey",38.3278306,27.6962204,ok
"Yenikoey, Aegean Region, Bodrum, Turkey",36.6318772,31.9431696,ok
"Aegean Region, Atatuerk Mahallesi, Menemen, Turkey",38.056738,28.5539727,ok
"Tosunlar, Mediterranean Region, Turkey",36.2621869,29.8801005,ok
"Budaklar, Marmara Region, Sakarya, Adapazari, Turkey",40.7870263,30.4848514,ok
"Panayir, Marmara Region, Izmit, Turkey",39.3559066,28.4789255,ok
"Korukoey, Cinarcik, Marmara Region, Bursa, Turkey",40.1825734,29.0675039,ok
"Yueruecekler, Marmara Region, Bursa, Turkey",40.1825734,29.0675039,ok
"Mediterranean Region, Cumhuriyet Mahallesi, Tarsus, Turkey",37.2086473,30.6920699,ok
"Mediterranean Region, Silifke, Turkey",37.2086473,30.6920699,ok
"Sanli, Black Sea Region, Trabzon, Turkey",40.9169702,39.8342451,ok
"Altintas, Aegean Region, Kuetahya, Kuetahya merkez, Turkey",40.0347451,35.1320028,ok
"Esenyurt, Marmara Region, Incirtepe Mahallesi, Turkey",41.0203836,28.6873361,ok
"Esenyurt, Marmara Region, Pinar Mahallesi, Turkey",41.0312255,28.668221,ok
"Uchisar, Central Anatolia Region, Nevsehir merkez, Turkey",38.6293826,34.8046138,ok
"Bolatli, Tarsus, Mediterranean Region, Mersin, Turkey",36.9476004,34.899372,ok
"Mediterranean Region, Manavgat, Turkey",37.2086473,30.6920699,ok
"Mediterranean Region, Kemer, Turkey",36.5075487,30.5385663,ok
"Marmara Region, Kestel, Turkey",40.5885285,28.4283808,ok
"Akdeniz, Mediterranean Region, Turkey",36.802059,34.6332105,ok
"Mediterranean Region, Serik, Turkey",37.2086473,30.6920699,ok
"Karsiyaka, Aegean Region, Izmir, Turkey",38.5034452,27.1134554,ok
"Sahinler, Mediterranean Region, Gazipasa, Turkey",36.4333373,32.4435808,ok
"Marmara Region, Karadenizliler Mahallesi, Basiskele, Turkey",40.5885285,28.4283808,ok
"Mediterranean Region, Ceyhan, Turkey",37.2086473,30.6920699,ok
"Marmara Region, Mehtercesme Mahallesi, Turkey",40.5885285,28.4283808,ok
"Aydincik, Mediterranean Region, Gazipasa, Turkey",36.3033805,32.3204918,ok
"Bozyer, Aegean Region, Turkey",37.3497764,28.5912023,ok
"Ballikpinar, Central Anatolia Region, Ankara, Yenimahalle, Turkey",39.734459,32.7150987,ok
"Luetfiye, Marmara Region, Goelcuek, Turkey",,,not_found
"Cavusciftligi, Marmara Region, Fatih Mahallesi, Basiskele, Turkey",39.2376885,30.2451795,ok
"Bozyazi, Mediterranean Region, Anamur, Turkey",36.1035014,32.9626416,ok
"Izmir, Turkey",38.4192537,27.128469,ok
"Mediterranean Coast, Mahmutlar, Turkey",36.4902361,32.0990063,ok
"Tilkiler, Mediterranean Region, Manavgat, Turkey",36.931644,31.4781316,ok
"Kavakkoey, Mediterranean Region, Turkey",37.2086473,30.6920699,ok
"Kizilagac, Aegean Region, Bodrum, Turkey",37.0442321,27.4798577,ok
"Alayli, Mediterranean Region, Antalya, Turkey",37.0557752,30.8846529,ok
"Marmara Region, Hueseyinaga Mahallesi, Turkey",40.5885285,28.4283808,ok
"Marmara Region, Sehit Muhtar Mahallesi, Turkey",40.5885285,28.4283808,ok
"Sancaktepe, Marmara Region, Osmangazi Mahallesi, Turkey",40.984313,29.2386287,ok
"Central Anatolia Region, Sehit Osman Avci Mahallesi, Etimesgut, Turkey",38.7666198,34.5498212,ok
"Arnavutkoey, Marmara Region, Islambey Mahallesi, Turkey",41.1885825,28.7415591,ok
"Sapanca, Marmara Region, Sakarya, Adapazari, Turkey",40.6930585,30.273417,ok
"Ovacik, Bergama, Aegean Region, Atcilar Mahallesi, Turkey",39.3583833,39.2144472,ok
"Marmara Region, Maden Mahallesi, Prince Islands, Turkey",40.5885285,28.4283808,ok
"Yanik, Marmara Region, Sapanca, Turkey",40.6926137,30.1811462,ok
"Kusadasi, Aegean Region, Turkey",37.8632398,27.266873,ok
"Aegean Region, Dalaman, Turkey",38.056738,28.5539727,ok
"Kale, Eastern Anatolia Region, Malatya, Yazihan, Turkey",36.3351228,29.8150545,ok
"Aegean Region, Foca, Turkey",38.056738,28.5539727,ok
"Sapadere, Mediterranean Region, Alanya, Turkey",36.5049257,32.2974128,ok
"Kurtkoey, Marmara Region, Sakarya, Adapazari, Turkey",40.7755214,30.4020295,ok
"Mediterranean Region, Kas, Turkey",36.2137218,29.83923,ok
"Aksungur, Marmara Region, Bursa, Turkey",40.293999,28.977089,ok
"Zekeriyakoey, Marmara Region, Zekeriyakoey Mahallesi, Turkey",,,not_found
"Resadiye, Marmara Region, Resadiye Mahallesi, Turkey",41.0655818,29.2391712,ok
"Bozhane Mahallesi, Marmara Region, Turkey",41.1642867,29.2724593,ok
"Ortakoey, Black Sea Region, Macka, Turkey",38.736624,34.0412195,ok
"Aegean Region, Urla, Turkey",38.056738,28.5539727,ok
"Ugrak, Mediterranean Region, Alanya, Turkey",36.3585887,32.2277498,ok
"Hasdere, Mediterranean Region, Gazipasa, Turkey",36.262066,32.3709249,ok
"Selimiye, Doesemealti, Mediterranean Region, Turkey",36.7664439,31.3892197,ok
"Alibahadir Mahallesi, Marmara Region, Turkey",41.1796835,29.2030899,ok
"Marmara Region, Yayla Mahallesi, Turkey",40.9975875,28.8682516,ok
"Bozbuek, Aegean Region, Milas, Turkey",37.3162709,27.7799762,ok
"Aegean Coast, Bodrum, Turkey",37.0343987,27.430651,ok
"Aegean Region, Yenice Mahallesi, Urla, Turkey",38.056738,28.5539727,ok
"Aegean Region, Icmeler Mahallesi, Urla, Turkey",38.056738,28.5539727,ok
"Akyarlar, Aegean Region, Bodrum, Turkey",36.9675442,27.2906844,ok
"Marmara Region, Resadiye Mahallesi, Turkey",40.5885285,28.4283808,ok
"Marmara Region, Sahil Mahallesi, Basiskele, Turkey",40.5885285,28.4283808,ok
"Yenimahalle, Termal, Marmara Region, Bursa, Turkey",39.9661061,32.8087786,ok
"Ortakoey, Aegean Region, Mugla, Mentese, Turkey",38.736624,34.0412195,ok
"Geyikbayiri, Mediterranean Region, Konyaalti, Turkey",36.8760526,30.4588682,ok
"Marmara Region, Zekeriyakoey Mahallesi, Turkey",40.5885285,28.4283808,ok
"Marmara Region, Damlar Mahallesi, Basiskele, Turkey",40.5885285,28.4283808,ok
"Beyoglu, Marmara Region, Camiikebir Mahallesi, Turkey",41.0284233,28.9736808,ok
"Kumkoey, Sariyer, Marmara Region, Turkey",40.5885285,28.4283808,ok
"Marmara Region, Servetiye Karsi Mahalle, Basiskele, Turkey",40.5885285,28.4283808,ok
"Yesilbayir, Doesemealti, Mediterranean Region, Turkey",39.185082,30.388096,ok
"Marmara Region, Bolluca Mahallesi, Turkey",41.240004,28.783443,ok
"Kiris, Kemer, Mediterranean Region, Antalya, Turkey",36.5760056,30.5672297,ok
"Ayanlar, Mediterranean Region, Turkey",37.0478911,30.5570428,ok
"Karaabduelbaki, Marmara Region, Izmit, Turkey",40.7721138,29.9505623,ok
"Kizilcasehir, Mediterranean Region, Alanya, Turkey",36.5662007,32.0912841,ok
"Beyreli, Mediterranean Region, Alanya, Turkey",36.4257529,32.2259579,ok
"Uelkue, Marmara Region, Bursa, Turkey",40.1825734,29.0675039,ok
"Sarigerme, Aegean Region, Ortaca, Turkey",36.7129911,28.7036359,ok
"Kuzdere, Kemer, Mediterranean Region, Antalya, Turkey",36.5804264,30.5258774,ok
"Aegean Region, Ildir Mahallesi, Turkey",38.056738,28.5539727,ok
"Aegean Region, Kusadasi, Turkey",37.8059205,27.2732253,ok
"Incirkoey, Aegean Region, Turkey",38.056738,28.5539727,ok
"Goekova, Aegean Region, Mugla, Mentese, Turkey",37.2178776,28.3645937,ok
"Alara, Mediterranean Region, Alanya, Turkey",36.6782664,31.7219401,ok
"Buca, Aegean Region, Turkey",38.3834933,27.1686508,ok
"Calikhasan, Aegean Region, Uşak Municipality, Usak merkez, Turkey",38.6329527,29.0118677,ok
"Elbeyli, Marmara Region, Bilecik, Inegoel, Turkey",37.1848325,40.6430891,ok
"Kargicak, Mediterranean Region, Finike, Turkey",36.4432146,29.9066595,ok
"Yesiluezuemlue, Aegean Region, Turkey",38.056738,28.5539727,ok
"Mahmudiye, Marmara Region, Sapanca, Turkey",40.6832779,30.2287706,ok
"Uenluece, Sapanca, Marmara Region, Sakarya, Adapazari, Turkey",40.7755214,30.4020295,ok
"Eksiliyurt, Aegean Region, Ortaca, Turkey",36.8567659,28.7279482,ok
"Yalikoey Mahallesi, Catalca, Marmara Region, Turkey",40.5885285,28.4283808,ok
"Aegean Region, Coraklar Mahallesi, Aliaga, Turkey",38.056738,28.5539727,ok
"Dikili, Aegean Region, Turkey",39.0749706,26.8892495,ok
"Fethiye, Turkey",36.6221154,29.1153384,ok
"Sogucak, Toroslar, Mediterranean Region, Turkey",36.9669481,34.5526785,ok
"Guezelyurt, Aegean Region, Ortaca, Turkey",38.2778702,34.3714161,ok
"Kadikoey, Aegean Region, Seydikemer, Turkey",40.9909659,29.0237313,ok
"Silivri, Marmara Region, Balaban Mahallesi, Turkey",41.0782863,28.0703654,ok
"Kiyikislacik, Aegean Region, Milas, Turkey",37.2796279,27.5815089,ok
"Dinek, Central Anatolia Region, Mihaliccik, Turkey",39.9786669,31.3726593,ok
"Beynam, Central Anatolia Region, Ankara, Turkey",39.688358,32.896195,ok
"Yukari Cavuslu, Black Sea Region, Suermene, Turkey",40.9018874,40.0810536,ok
"Beycik, Mediterranean Region, Kemer, Turkey",36.5040922,30.4246282,ok
"Arnavutkoey, Marmara Region, Anadolu Mahallesi, Turkey",38.4157689,27.1749807,ok
"Kocaali, Black Sea Region, Duezce, Duezce merkez, Turkey",41.0542812,30.8507446,ok
"Black Sea Region, Bartin, Amasra, Turkey",41.0665804,38.1057867,ok
"Seyhler, Mediterranean Region, Alanya, Turkey",38.0306372,34.9836188,ok
UAE,24.0002488,53.9994829,ok
"Dubai, UAE",25.0742823,55.1885387,ok
"Ajman Emirate, Ajman, UAE",25.4276696,55.4625561,ok
"Sharjah Emirate, Sharjah, UAE",25.2945524,55.4322351,ok
"Abu Dhabi Emirate, Abu Dhabi, UAE",24.4935116,54.3748575,ok
"Falcon City of Wonders, Dubai, UAE",25.0955281,55.3393384,ok
"Ras al-Khaimah, Ras Al Khaimah, UAE",25.7737705,55.938232,ok
"Ras al-Khaimah, UAE",25.7737705,55.938232,ok
"Deira, Dubai, UAE",25.2727936,55.305334,ok
"Sharjah Emirate, UAE",25.2691848,55.6934811,ok
"Dubai, Dubai Studio City, UAE",25.0418554,55.2517834,ok
"Al Lisaili, Dubai, UAE",24.930673,55.4732537,ok
"Abu Dhabi Emirate, UAE",24.3437541,55.1000058,ok
"Umm al-Quwain, Umm Al Quwain, UAE",25.5520435,55.5474977,ok
"Dubai, Jumeirah 1, UAE",25.2346559,55.260311,ok
"Dubai, Dubai Emirate, UAE",25.0742823,55.1885387,ok
"Khor Fakkan, Sharjah Emirate, UAE",25.3491721,56.3478105,ok
"Ras, Ras al-Khaimah, UAE",25.7737705,55.938232,ok
"Dubai, Jumeirah Lakes Towers, UAE",25.0655299,55.1393959,ok
"Ajman Emirate, UAE",25.4064625,55.5555044,ok
"Khor Khwair, Ghalilah, Ras al-Khaimah, UAE",25.9658776,56.0543258,ok
"Dubai, Al Jadaf, UAE",25.2242559,55.3274945,ok
"Dubai, Wadi Al Safa 5, UAE",25.0639875,55.327008,ok
"Union Hill-Novelty Hill, Washington, King County, United States",47.6815632,-122.0350539,ok
"Tashkent, Chilanzar District, Uzbekistan",41.3109574,69.253666,ok
"Tashkent, Yunusabad district, Uzbekistan",41.31152,69.269333,ok
"Khanabad, Tashkent Region, Zangiota Tumani, Uzbekistan",40.8010285,72.9866472,ok
"Khanabad, Tashkent, Uzbekistan",41.2300103,69.2704353,ok
"Mirzo Ulugbek district, Shaykhontohur Tumani, Uzbekistan",41.3331424,69.3498882,ok
"Tashkent, Olmazor district, Uzbekistan",41.3504825,69.2042716,ok
"Tashkent, Yashnabad District, Uzbekistan",41.3066514,69.28653,ok
"Tashkent, Uzbekistan",41.3123363,69.2787079,ok
"Tashkent, Shayhontohur Tumani, Uzbekistan",41.3119437,69.2534057,ok
"Tashkent Region, Kuyichirchik district, Uzbekistan",40.9075306,68.9989043,ok
"Tashkent, Sirgali district, Uzbekistan",41.3123363,69.2787079,ok
"Shuro, Tashkent Region, Tashkent district, Uzbekistan",41.4219484,69.3091864,ok
"Tashkent, Chilanzar district, Uzbekistan",41.3109574,69.253666,ok
"Mirzo Ulug'bek, Tashkent Region, Yangiyul district, Uzbekistan",41.0659315,68.9188144,ok
"Tashkent Region, Tashkent district, Uzbekistan",40.298611,69.17,ok
Uzbekistan,41.32373,63.9528098,ok
"Kibray, Tashkent Region, Qibray district, Uzbekistan",41.3879104,69.4597066,ok
"Xorazm Region, Urgench, Uzbekistan",41.5553417,60.6230445,ok
"Republic of Karakalpakstan, Nukus, Nokis qalasi hakimiyati, Uzbekistan",42.438751,59.630682,ok
"Tashkent, Yangi hayot district, Uzbekistan",41.2006107,69.2382924,ok
